-- phpMyAdmin SQL Dump
-- version 5.2.1
-- https://www.phpmyadmin.net/
--
-- Хост: 127.0.0.1
-- Время создания: Дек 17 2025 г., 04:22
-- Версия сервера: 10.4.32-MariaDB
-- Версия PHP: 8.2.12

SET SQL_MODE = "NO_AUTO_VALUE_ON_ZERO";
START TRANSACTION;
SET time_zone = "+00:00";


/*!40101 SET @OLD_CHARACTER_SET_CLIENT=@@CHARACTER_SET_CLIENT */;
/*!40101 SET @OLD_CHARACTER_SET_RESULTS=@@CHARACTER_SET_RESULTS */;
/*!40101 SET @OLD_COLLATION_CONNECTION=@@COLLATION_CONNECTION */;
/*!40101 SET NAMES utf8mb4 */;

--
-- База данных: `delivery_by`
--

-- --------------------------------------------------------

--
-- Структура таблицы `calculated_routes`
--

CREATE TABLE `calculated_routes` (
  `id` int(11) NOT NULL,
  `from_office_id` int(11) NOT NULL,
  `to_office_id` int(11) NOT NULL,
  `distance_km` decimal(8,2) NOT NULL,
  `duration_min` int(11) NOT NULL,
  `route_data` text DEFAULT NULL,
  `created_at` timestamp NOT NULL DEFAULT current_timestamp()
) ENGINE=InnoDB DEFAULT CHARSET=utf8mb4 COLLATE=utf8mb4_general_ci;

--
-- Дамп данных таблицы `calculated_routes`
--

INSERT INTO `calculated_routes` (`id`, `from_office_id`, `to_office_id`, `distance_km`, `duration_min`, `route_data`, `created_at`) VALUES
(2, 826, 894, 160.68, 192, NULL, '2025-12-14 17:53:45'),
(3, 807, 894, 221.56, 265, NULL, '2025-12-14 18:19:08'),
(4, 960, 986, 237.22, 284, NULL, '2025-12-14 18:52:38'),
(5, 826, 828, 121.00, 145, NULL, '2025-12-15 07:15:34'),
(6, 975, 973, 248.01, 214, '\"uwa}Hugi~CMDYFw@Ns@NOD[JSFSFYNKDe@Xy@h@a@TWNWLUJoAb@YDUDeAP_BXaALw@JcBZgARs@LaATkAZ}@Pw@N[FaALOBi@JUD_APkCb@a@DE@oARkDj@]T}B`@_BVaBZgAPq@Ls@NsFv@KBs@HiAPc@Fe@Dm@JQBc@HeAPgAPq@L{@NkAR[Fo@JWFoDl@c@FQDeDj@]DUDa@F}@LQEIGIEWSEEEEECECE?EAE?E@GBEBEDEFCFEHAHGPITS^E?o@LWDyAV{Ex@uAVkARmAPwAV_ALWFa@HUBqCb@o@J_APu@L_BZaEt@_Dj@K@oCd@]Fg@Hq@NmBZwATmAPE?i@Js@L_GdAwAVqATmARc@FSDUDkAP_Fv@i@HWFa@DUD]DcANsC`@qAPgAN]FmANaALKBgANi@HmC\\\\YDOBi@Fk@Hi@FmAPI@[DuBX}Ft@{@L]DiANeH~@{ARSD]DOBk@HeD`@{APi@FOBWB]FkBRmHbAgBTqC^aALeBRWD}ATSB]DkDd@o@HWDeAN_ALcGt@[D_ANUB_Gx@i@FaAL}@Lw@Lo@Xc@Ve@`@sAfAuArAkBfB_LlKgBbBaBp@k@Pm@Lk@Bo@?m@K_@Kc@Sq@c@u@q@m@s@gC}CoAkBaAgBcAiB}@cCwAqF_AaFcCgM}BuLuAaH_BsGiC_JyCiIuDqIyA}C}@aBy@uAy@iAa@m@_@g@qDuE}@iAeAiAiGqGeMsLaF}EuEsEyIqImd@kc@gH}GQSMK}A{A}JoJ}E{EwNmNm@k@aA_Ao@o@k@g@oDkDq@q@_MuLaG}FgCiCsB_CeCcD_B_C{AcCsAcCmAaCoAqCaBsDcBiEqBiG_B_GkA{Ew@qDq@iDo@eD[yBaA}HeCwT_C_T_CyRsCiWcAkJQ{AyFyg@s@iG{@wHc@{Dg@cEMmAa@mD_CyScDsYcEe`@QaBoOitAkHqo@iFme@cAkJ{CqWyHgr@eAkJoDg[iBiPuDw\\\\eAiJaLecAcBeOGi@u@sGg@kEg@iEgC{TI}@MgACW_CkTsHkr@mFoe@gCgUyKubA{@{HkM}kA{Da^}AyNmAqKeAcJaB_OMgAkCeVgG}j@iBkQSkBmDi]{Gqp@[{CCOaBgPqKudAMuA_Eq`@i@iFSsBm@aG_A_JWiCq@qGiAsKaAgJwA_Ni@{Dq@}DeBcJ_BeH_AqDaA_DoBwFq@kB_@_A}AwDgAgCmA_CaDkFoDcGsRq\\\\kKsQkBaDwGaLgP}Xo@gAeD_GaAgBy@eBcByD}@eCg@oA_AsCkAwDmB}GiAgFsA_HgA}GQkAOcAUkB_@yCs@uHe@sH{AcUu@}MuBo\\\\_D_g@sAeTyAiUQuCiDoj@uAsRyAqRGcAQoBKoAoAuOsAsPcAoMyDye@k@gHqBsVOcBIgAsFur@OuBi@aHg@sGScCc@yFeGav@kCo]sCc^aCiZiFop@aEkg@{Ck`@oGyu@wKmqAmF}n@[gFMiCMiCOgEGgCGsCCoDAcC@mFFoIVmR\\\\}XVmSDaEPoMlAs`AFwDDsD?OHiF@iBLsIJcJT}QLsKPkNNsHBsABeAH}D`@{Kf@uJj@}Jd@yFxDub@`@iEnDa`@T}BhFsk@v@mIvE}g@rAgMtBqRPyApNipAp@{FxHor@jEi`@XaCxEqb@vH}q@n@yFNqAz@}HbFcd@xDi]dAkJtLmfAxBaSfJky@bAeJ|E_c@|H}r@rO_vAdEi_@h@sEfHqo@nJc{@dDiZvEcb@f@eFpCgVJcAfAwJf@iENuAbAeJRiB`Ew^p@iFpAiM|@_LZuEj@{LReGPkGXcLhAqb@XeKjBms@PaHN}Fj@yStCigA@k@b@iOJmErBew@n@oVZsMD_BRsLFoIBmC@kM?}@EwJM_LYkRGgDa@mVa@sXIqFK}GEcBAc@MuFIkDCg@WgHi@oJu@_NQwDw@qNqA}Uk@cKa@cHQgDm@}KAICi@SuDQeFG_EEkEE}DAaAC{AD}EBoBBmC@c@RuFTgFb@oHhCud@p@kLr@qLh@oIb@sFFw@r@oIbAkKnA_LrBoOzBeO|@mFbGe^bBaKdG}^rAiIhGs_@hAaHpAgHxBgL|DmSxEiVbNos@r@qD\\\\kBTeArAgHfPuz@dMwo@xB{KdEqT~BcMnAkGx@kEvEmV|DaSbB_J^mBhBuKnAyIdBsOl@uHf@}GF{@\\\\uGRsFXyKFuCHkCRaId@gWHcEhAwh@zByhAxAyu@fB_u@tC_vADiBJwEDuANoHDwAhAmj@FcCJcEDwBRoKViLPsH\\\\sNxA_p@PqHBeAjA}g@dAue@RcIFgCXoLVgLB{@Bm@TcJJsEFeBDkABk@ToFHsA^uF`@kFZmE~A_UdGoz@b@aGd@gHfDme@jB}WHcA\\\\_F|AwT`AoM~@gM|AiVLyDN{FD}A@o@@o@BaABeJ@yBEcFAkBKkFC_Bg@gOm@cP[uJKcC{@iU}@qWCg@K}CE}@QgFEaAUwGE_BUsFCaAE}@OkEyDwfAe@qMs@eSoDmbAI_CoEgnAWsHcCgs@{A{a@G{AC]}Bsp@}Awc@GeBASo@kQiCwt@k@gQKmCCyAcAsVsBam@e@}M{A{c@qBcj@UiH]aLImL?kC@yGBmG@iCBkBJiDPyFJyDLuGBg@XkKXgLv@k[RaIx@o[jAkd@Bw@zAml@N{F~@i_@tAkh@FiCD}ADeBHmDJ}DJiEJeEJyD`@cO@S@[DeBDsA`@cMHyD`@gRvD}yAn@iVFaCbBcn@NgFLiELoETkIDoBHgBBe@PmGRgI`Ag`@TaIViJjA}d@hB_t@`Bwn@t@uVToLFkCbDcoAB}CDgGRw[FsNLkQDuI@qCH{Ld@c}@BcCLcWAwIGcIEeFGgDKgGQwGQuE}Aya@g@{MoBei@_A{VWuHqAc\\\\[wIU{FCg@GaBEmAuAu_@IyB?MeBud@mCus@q@uPM_C_@yKmCuu@uAs^k@oO[_IA_@[sHY_Ia@sKS_Gs@yQCy@}Ckz@sFmzACk@SuFG}AIgCOuD}DeeAsEqmAYmIiCkv@uAw_@I}BoF}yAc@aMmEmkAqFmyA}DceA_@mT[}PkAmo@?Ue@}V}@eg@Y}O[aQYaOQ{LYwN_Bo{@y@if@C_BuAur@MeGUaNA]QqKGqCAgACsAIyDGkEC}@Q{NQ_K?]MeG_Bkv@Ay@EuB[qSM{GIyDM_LOkIS_Jm@_L}@gSIqAEcAOuCK}A_Ck`@OuCw@cQEs@iBg\\\\gAkRkGmeAy@uNqGaiAkBs\\\\uAwTM{BcA{P_A}OiCsb@KyAGkA_@{FoCef@C[GgAcCub@cBwYq@{KIaBQiCQ}Cw@iNgG}cAEy@_BoZkAoWC}@EwAOeFWuKS}LG_FDsf@?mf@Cw[G_eB?o\\\\@guA@{vAGcOcAsgBeAqpBa@}s@Wwe@CuC]mm@]}g@G_Mg@wy@aAi}AEeVA}@]{a@KyOCkPA{DA_eA?y@?iDXajDKojB?_Ch@q]DiCh@wShA{RTkDxHslAb@gGt@{JZ}DbGom@jg@ihE|NonApEs_@LaAXaCbNojAfAeJzKql@pSs~@Nu@vLsi@bYaqAtMam@vXopAdXilAbIa^lYcpAnGsZdFwZ~@uHfC_YpAiWJ_CLeETkIlBys@?a@tC{dAjCy`Ar@kWD{AT}IlBmr@jEktAfA}RxFkfAn@cMh@yJj@qKFgA~AkZv@uNLsB|FihAZoGdFcdAdCkd@jBy]T_El@yRJeHFwNeAi`A{Be|Ai@oYCiAGkDe@iWsDc~BEsCeAkp@AmAgD{sBGoDaCw|AAq@gAgs@Ak@GiDAo@cEwlCsAg{@?SE_C?UaCuzAkCicBQkMOqJEqCOeKyA{_Am@o`@CaAAgAQyKG{Ee@uYq@cc@S{Nq@ab@?e@yAc_ACgBuAo~@[uN_AyTIwBGaAUyDWwDoMgeBwCg`@Eg@gCc]IiAaCi[M_BeKuuA_CoZKiAIgAmGa|@}JirAEc@IoAMyAMkB]qEmPs{BQ}H?kH@eABsDL_IfAaSd@eIbCyOz@mFrBsMlD{TjHoc@vBoMtAqIf@_Dn@aEPcAvLou@zKyq@xAeJpEiYvBsMjBgLhMow@rDeUfOg_ANcAzTkuApK}p@bLsr@lN}{@lGm`@nHkd@xAaJ~CyRbOu~@~Fm^v@aF`EyVf@aDzFe^jSsoA|H}e@xC_R`DeSZgBlEsWbAcHzAoJjFm\\\\P_AlKep@|Jan@jKyo@bDqSnFc]lVc{A|CoR`Jwj@nOi`AnGe`@rHud@fC{OnEiVdAmE~CeMnF_RlEeNL_@Vu@`AeCb@mA~F{PlRuh@tHaQtH_N|BiDx@mAdGyHjEiEdHeG|MmLZWxAkAl@e@j@e@`LqJfA_AxFwEbIyG~P{NxE_EbI_HxGuFnIaHfDoC`@]zG{FrC_CzB_CtDeEdE{FlByCr@sATc@f@}@nBgEnBuE|CeJfAgDrBuHfAgF~@iHn@wIFcFBgBIkGFu@He@Pg@fD}@|C}@nCw@|XiIr@Wx@c@n@]v\\\\yRvNeIvFcDxFaDpBoA|BqAjC{AbC{AdCwAlC}AvG{DxIcFfBcAfBcAtEgClAs@pAq@tAq@fBcALCNCHAHAJ@LPPTXVNFTBJCPGH?H?HDLJXN~ArBfh@bp@~ArBtQrUf@t@rGrJxGzJ|CtElAfBd@t@fEjGr@dA`CrDd@p@dA~AHNb@p@|BlD`@n@T\\\\Zb@Tb@|@vApBxCnDpFzBrDpBjD~IhRbB~Cp@dA|@lAp@n@lB~Api@~PpBd@xCt@f@JrBd@hYtGtCp@~J|Bn@NNFbAZrAf@Xd@F\\\\@fAF`@Yl@eAtBEFMAQAQ@][QQQOMWIYG_@?e@Dg@ToCJ_BRmANmA^gBl@iBlAiDlBoExAgD`BiDf@}@f@aANGLM\"', '2025-12-16 09:35:51'),
(7, 975, 974, 172.90, 154, '\"uwa}Hugi~CMDYFw@Ns@NOD[JSFSFYNKDe@Xy@h@a@TWNWLUJoAb@YDUDeAP_BXaALw@JcBZgARs@LaATkAZ}@Pw@N[FaALOBi@JUD_APkCb@a@DE@oARkDj@]T}B`@_BVaBZgAPq@Ls@NsFv@KBs@HiAPc@Fe@Dm@JQBc@HeAPgAPq@L{@NkAR[Fo@JWFoDl@c@FQDeDj@]DUDa@F}@LQEIGIEWSEEEEECECE?EAE?E@GBEBEDEFCFEHAHGPITS^E?o@LWDyAV{Ex@uAVkARmAPwAV_ALWFa@HUBqCb@o@J_APu@L_BZaEt@_Dj@K@oCd@]Fg@Hq@NmBZwATmAPE?i@Js@L_GdAwAVqATmARc@FSDUDkAP_Fv@i@HWFa@DUD]DcANsC`@qAPgAN]FmANaALKBgANi@HmC\\\\YDOBi@Fk@Hi@FmAPI@[DuBX}Ft@{@L]DiANeH~@{ARSD]DOBk@HeD`@{APi@FOBWB]FkBRmHbAgBTqC^aALeBRWD}ATSB]DkDd@o@HWDeAN_ALcGt@[D_ANUB_Gx@i@FaAL}@Lw@Lo@Xc@Ve@`@sAfAuArAkBfB_LlKgBbBaBp@k@Pm@Lk@Bo@?m@K_@Kc@Sq@c@u@q@m@s@gC}CoAkBaAgBcAiB}@cCwAqF_AaFcCgM}BuLuAaH_BsGiC_JyCiIuDqIyA}C}@aBy@uAy@iAa@m@_@g@qDuE}@iAeAiAiGqGeMsLaF}EuEsEyIqImd@kc@gH}GQSMK}A{A}JoJ}E{EwNmNm@k@aA_Ao@o@k@g@oDkDq@q@_MuLaG}FgCiCsB_CeCcD_B_C{AcCsAcCmAaCoAqCaBsDcBiEqBiG_B_GkA{Ew@qDq@iDo@eD[yBaA}HeCwT_C_T_CyRsCiWcAkJQ{AyFyg@s@iG{@wHc@{Dg@cEMmAa@mD_CyScDsYcEe`@QaBoOitAkHqo@iFme@cAkJ{CqWyHgr@eAkJoDg[iBiPuDw\\\\eAiJaLecAcBeOGi@u@sGg@kEg@iEgC{TI}@MgACW_CkTsHkr@mFoe@gCgUyKubA{@{HkM}kA{Da^}AyNmAqKeAcJaB_OMgAkCeVgG}j@iBkQSkBmDi]{Gqp@[{CCOaBgPqKudAMuA_Eq`@i@iFSsBm@aG_A_JWiCq@qGiAsKaAgJwA_Ni@{Dq@}DeBcJ_BeH_AqDaA_DoBwFq@kB_@_A}AwDgAgCmA_CaDkFoDcGsRq\\\\kKsQkBaDwGaLgP}Xo@gAeD_GaAgBy@eBcByD}@eCg@oA_AsCkAwDmB}GiAgFsA_HgA}GQkAOcAUkB_@yCs@uHe@sH{AcUu@}MuBo\\\\_D_g@sAeTyAiUQuCiDoj@uAsRyAqRGcAQoBKoAoAuOsAsPcAoMyDye@k@gHqBsVOcBIgAsFur@OuBi@aHg@sGScCc@yFeGav@kCo]sCc^aCiZiFop@aEkg@{Ck`@oGyu@wKmqAmF}n@[gFMiCMiCOgEGgCGsCCoDAcC@mFFoIVmR\\\\}XVmSDaEPoMlAs`AFwDDsD?OHiF@iBLsIJcJT}QLsKPkNNsHBsABeAH}D`@{Kf@uJj@}Jd@yFxDub@`@iEnDa`@T}BhFsk@v@mIvE}g@rAgMtBqRPyApNipAp@{FxHor@jEi`@XaCxEqb@vH}q@n@yFNqAz@}HbFcd@xDi]dAkJtLmfAxBaSfJky@bAeJ|E_c@|H}r@rO_vAdEi_@h@sEfHqo@nJc{@dDiZvEcb@f@eFpCgVJcAfAwJf@iENuAbAeJRiB`Ew^p@iFpAiM|@_LZuEj@{LReGPkGXcLhAqb@XeKjBms@PaHN}Fj@yStCigA@k@b@iOJmErBew@n@oVZsMD_BRsLFoIBmC@kM?}@EwJM_LYkRGgDa@mVa@sXIqFK}GEcBAc@MuFIkDCg@WgHi@oJu@_NQwDw@qNqA}Uk@cKa@cHQgDm@}KAICi@SuDQeFG_EEkEE}DAaAC{AD}EBoBBmC@c@RuFTgFb@oHhCud@p@kLr@qLh@oIb@sFFw@r@oIbAkKnA_LrBoOzBeO|@mFbGe^bBaKdG}^rAiIhGs_@hAaHpAgHxBgL|DmSxEiVbNos@r@qD\\\\kBTeArAgHfPuz@dMwo@xB{KdEqT~BcMnAkGx@kEvEmV|DaSbB_J^mBhBuKnAyIdBsOl@uHf@}GF{@\\\\uGRsFXyKFuCHkCRaId@gWHcEhAwh@zByhAxAyu@fB_u@tC_vADiBJwEDuANoHDwAhAmj@FcCJcEDwBRoKViLPsH\\\\sNxA_p@PqHBeAjA}g@dAue@RcIFgCXoLVgLB{@Bm@TcJJsEFeBDkABk@ToFHsA^uF`@kFZmE~A_UdGoz@b@aGd@gHfDme@jB}WHcA\\\\_F|AwT`AoM~@gM|AiVLyDN{FD}A@o@@o@BaABeJ@yBEcFAkBKkFC_Bg@gOm@cP[uJKcC{@iU}@qWCg@K}CE}@QgFEaAUwGE_BUsFCaAE}@OkEyDwfAe@qMs@eSoDmbAI_CoEgnAWsHcCgs@{A{a@G{AC]}Bsp@}Awc@GeBASo@kQiCwt@k@gQKmCCyAcAsVsBam@e@}M{A{c@qBcj@UiH]aLImL?kC@yGBmG@iCBkBJiDPyFJyDLuGBg@XkKXgLv@k[RaIx@o[jAkd@Bw@zAml@N{F~@i_@tAkh@FiCD}ADeBHmDJ}DJiEJeEJyD`@cO@S@[DeBDsA`@cMhAHBRDF`ADB{@SAMAc@CGNAPiAIa@bMErAEdBAZARa@bOKxDKdEKhEUfA]|@]f@a@`@e@Pm@NyAOm@Ma@WQQm@q@Sa@I]EWGg@yAp@yE|BuDdB}Ah@eBf@}Cz@m@L_B\\\\{C^aBJeBJeBDgIDyAGuJQmACiFIoBAwP[a\\\\c@eIQiGMo@AmQ[m@CsEImRa@gLU}@A_Pc@wCGwEa@iKqAkDc@yNeBeAOcLsAqDc@mM{Ay]oEs@K{Gy@mIeAoBUsNiB{@Iae@}FeQwBaKqAuHy@mOmBmf@kG}KuA_BSuBWsJkAiVyCyOqBiBUqIcAiH{@aGu@aD]kFm@k@IQCiDc@iC[SCSCaFq@iAMgIkAib@kFs^qEmQyBgEg@kKqA}@Mwf@iGoBW}HaAoG{@ib@eFkEk@cPoBeAMsBWsXkDyt@eJqAOuG{@iGm@mIg@}Ik@aAGiH_@eEUev@eE{F[gTkAqUsA}CQc\\\\kBaZuAi_@qBwVyAyQgAyc@cCkEQo\\\\iBiSkAWAg[}Ag@EeEWeBI_P_AqMq@iX{AkH]c@Cm@AkB?_GBw@?}m@`Ag^d@gX`@on@x@_GDmLNcKNeJNiR\\\\oX\\\\}BB}Yd@eOJuGLqOZwHHaFFoWd@{DDiDD_@@cFFyFFaA?gABoFHcCDcDFgFHWAq@@oFJ_RRwCFac@l@qOTiFHwh@v@iB@yCD{HHcJN_GJy@@gBBeDFO?uOXiGF}ABoBAeQ\\\\iQFwC@iD?mDQuEOeFSuDMqFUsFScHUsCKys@_CSAY?uCCoCFoH\\\\oD^qDj@yw@`MqTbDe@H_RpCq\\\\hFyFx@cBVyDj@mC^m@HoOlCaWzDep@~J{ItAiAPcG~@]Dqe@lHoNxBiEp@gb@tG_O|BsCb@mCb@gIpA]F}HlAgG~@{HjAaInAkBZy@LeFx@sFz@cNvBG@aHdAcBX{QpC_UjDoJzAib@tG_D`@kEv@oDh@_ALsUvDaFt@K@qRzCgDh@qATu@J}MtBqARiBVmDl@aANsBZaBVaANaAJ{@D_ABw@BmB@mAAq@AoDAWAu@?gDCoDAq@AqAAoAAwBA_BAM?}DU}B_@kASkBe@wEuA}CiAs@WgD{AcCsAgBeAe@WsCmB}ByAmByA]WwE_EmEmE}QyPkW_Vu@s@eFuEmAiAUQo@m@TiAHmAEkP?s@Au@@cB@y@@]Do@Be@|Ae\\\\ZsFTsDDa@D]BYN_AJm@Po@Li@Tq@J]N_@N_@P_@P]R[Zc@j@s@rA}Ae@e@a@[eOoLs@q@aBuAoEoDsHcG{BgByBkB}DyCsB_B}@q@cEiDgBwAoHwFw@o@QO_CkBwCaCSO_CkBGEaCkBk@c@}@u@IEi@c@{FmE{OgMuFiEkHuFeAy@gWwSiAaA_BkAoH{FoCmBeAe@aAUaHAyAAe@?AqA@yC@{D?oE@oG@{E?cBEeAGcAQyAIsAg@kCKi@SeAKc@Uw@[gAKa@Mq@WiAGW]gBa@oBc@qBg@}BI_@UgAMm@CKc@uB]eBMm@CII]UiA_@gBQy@GYm@qC[{AEWg@}Bc@uBe@}BYwAc@mBMi@AEYoAm@qCOu@Qw@mAuFa@kBq@gDUeA[yAKg@]aBYuA}@gES_AoBgJGUIc@WmAMg@Mm@_@gBWkAk@sCe@_CEY\"', '2025-12-16 09:37:16'),
(8, 975, 894, 183.19, 178, '\"uwa}Hugi~CMDYFw@Ns@NOD[JSFSFYNKDe@Xy@h@a@TWNWLUJoAb@YDUDeAP_BXaALw@JcBZgARs@LaATkAZ}@Pw@N[FaALOBi@JUD_APkCb@a@DE@oARkDj@]T}B`@_BVaBZgAPq@Ls@NsFv@KBs@HiAPc@Fe@Dm@JQBc@HeAPgAPq@L{@NkAR[Fo@JWFoDl@c@FQDeDj@]DUDa@F}@LQEIGIEWSEEEEECECE?EAE?E@GBEBEDEFCFEHAHGPITS^E?o@LWDyAV{Ex@uAVkARmAPwAV_ALWFa@HUBqCb@o@J_APu@L_BZaEt@_Dj@K@oCd@]Fg@Hq@NmBZwATmAPE?i@Js@L_GdAwAVqATmARc@FSDUDkAP_Fv@i@HWFa@DUD]DcANsC`@qAPgAN]FmANaALKBgANi@HmC\\\\YDOBi@Fk@Hi@FmAPI@[DuBX}Ft@{@L]DiANeH~@{ARSD]DOBk@HeD`@{APi@FOBWB]FkBRmHbAgBTqC^aALeBRWD}ATSB]DkDd@o@HWDeAN_ALcGt@[D_ANUB_Gx@i@FaAL}@Lw@Lo@Xc@Ve@`@sAfAuArAkBfB_LlKgBbBmAhAaA`AuAnAmG`GaB~AsBpBcItHeC~BkCdC_DrCmCjCcC|BIHoNxM_@\\\\{AnA_A`AsArAOLiAfA}@x@{AxAuBtBo@r@]^WVGH_@f@o@v@_AbAIJcBlBc@h@UZy@nA_AzAcF|Ic@x@yBvDmBbDuQb[wJpP}AlCsTz_@aDtFuKxQeCpEwWtc@{@xA{HvMILu@pAyKdRs@lAkAnBmGlKWf@GHaG`Kw@rAeDvFcDtFYf@KPORk@`AS\\\\a@n@yAfC_DjFqGxKS\\\\OVoDfGaA`BADqKpQ[h@m@dAsA|Bo@dAU`@e@v@EFyDzGcDrFGJwAbCsAfCyAzC{C`HeB`EoDdKiDnK{FhQ{ApEuBvGqBdGsHbT_AnCa@fA_@t@m@`AKNEFOTMPQRa@f@o@h@q@h@m@\\\\q@HmAZaALkADsACqAUkAQyIgCqA[mC_AcBy@s@g@g@]yE}CgAu@yDgCkDgCsEqCsBeAkBw@sAe@kAYoCa@uAQkDe@uD_@_COuA?qA?cEDeENuFJsFJsP`@aBD{CFyINmKT_MHsYl@a@@iCJg^p@yFReGL_EH_IPic@~@m@B_IPkKZwAB{HJcJZkDFgGL_@@_@BM?c@@aVj@wINqKZM@aDFqAB[@{BFc@@{BFuADG?kCH}EJiBDmCFoADM?yAByABy@@[@q@@q@@mBFsEL}IToLVgCFmCFwADgA?mABW@i@Da@De@JUFcAX_Bh@cGzBKDSHi@R{DxAKDGBSHc@Py@XsBt@WJ_Bh@yBz@qAd@uEhBcDrAsB~@OHk@^a@\\\\]Z[Zm@n@{BrCo@v@aDbEgB~BwFjHcSxVaFjG{AlBeDlEiAxAgDlEoA~AwDzEqKrN}GzIoHfJwHbKgAvAsRhWs@z@k@v@}C|DMNuCtDUX}AtB_EnFgEnFmE~FqK|MeC|CqZr`@m@r@aEhFkEvFUZaDdEiAvAyAlBe@l@q@z@SX]b@iE~FkExGmFjI{A`CwAzBiAfByAhCgAvBiDjHSd@mG`NwDbImDvH}CdH{@vBiBjEeAtCw@dCc@jBa@|BuAxKeCpUg@nE}BpSmDb\\\\}Dn^UtCCJMdBMxAc@rG_@jJKxBu@vQg@bNaC|l@SfEOnBUvBGb@m@xEc@lCg@lCUfAUhAaAbD{AbEm@vAi@hAm@hAm@dAmAlBqAlBsBlCgF`HaC`D}Xf_@q@|@o@z@qAbBq@z@k@x@mE`GwQlVgFfHeFvGiD~D}A|AcB~AwAlAmA~@eAx@wAbA{BpAcCpAkB`AuBt@{Bn@yD|@iBXcBRs@DwJr@qGb@yDVkW|AmQhAsM`AaAFiJl@eDPoAJsPlAoJl@mXnBmAFmZrBwDVyD\\\\cIh@qEX{BLsBDuB@oBE}@C{@Km@K}Do@}@QkAUeAS{Dy@_@GiDs@wDu@g@Ki@MkBa@mIaBaEw@}Ci@iAQsAMsAKo@E_]iBkUkAsIc@{Kk@mOw@{EUsDO}@AS?{@@cANeCn@mAd@}At@oAx@mAdA_@b@s@v@yAtBkGnJgExGeEnGcKxOeElGkE|G{I|M{FxIsLvQmGtJ_Td\\\\_D|EuEfHqDvFkAdBm@xA_@nAOl@Oz@a@zF{AjUs@dKaAbOYzDiCx]mCl^M|Am@nIcC|\\\\i@pH_@rFcCp^_Cl]aGf|@kG|}@Q`EEt@Y~JS|Fs@lSStGm@dS_@fKYdF[pEk@~Gk@rFSfByAnNUzBk@nFSbB]|CoAbHMlAMtAMpBmArQ_@jFUlDg@lHoC~a@kCv`@IlAa@|HEtACdAc@lYMxIWxOIhHEdCAv@CrCCzACdBAfAAp@Ab@?\\\\IzEChBC~@Ix@UdAe@pBOh@[pAQt@Wt@i@xA}AvDyDhJaA~By@tBSb@g@hAO\\\\oAvCc@`Ay@lBYn@qA~CyEjLeAbCuFrMiCfGgBdEsK|VqAxC{EbLMXQ`@iCbG}BlF}@vB{DhJgAjCIR]v@i@lAiAlCo@|Ai@pAM\\\\mAtCaAzBsCbHsCbHuAlDw@zBwAbDeCzGwGjP]z@iAvCcFdMaCbGaBdEkAvCcOn_@uGnPiUbk@Ob@yG`RqGpSy@fCi@bBaBxEgF|LaBpDuJ`TwBrE}CvG_C~E_@t@qAvCo@fBe@jBc@pBeBjIq@hDMj@Mj@uA`GSbA[nAEV_AdEGV{@xDsAhFs@`Cq@dB_AtBiAlBkAdBkAvAwApAgIhHgDlCi@b@cN|K_GrEgGtEcDdCqF~DsB|AeJ|GmBxAcBxAw@t@a@f@s@z@cAvA}@pAeAhBqAnCiAlCqCzGuAdD[v@aAvBq@rA_AxAs@`Ay@dAaAhAcAbAmAdAUPg@\\\\_Ah@cAb@s@ZOFSF{@RsBTaADeBJeL^qGTcK`@wALeAP_AR_Bh@eAd@_Ab@s@\\\\[Py@f@k@\\\\m@`@q@f@i@f@i@h@oBzBqA~AQV]`@{F~HeBhCgCzDm@~@MZUh@a@jA_@jA_@~ASbASbAKdAMxAWdEEz@Ep@CpACjA@jADvC@z@H~E@f@F`DPnJBbBBtCB~CApA?pACn@Et@Gj@g@hES`By@~FgDnWo@vE{Ffc@yIzo@g@tDs@pEe@zBQr@_AzDsBnIaO~m@{@nDmAjEg@dBuArEw@~By@~B_AbC_AxB]x@[p@sC`Ge@dAg@~@g@~@]n@MTq@bAm@z@c@n@yAhBo@v@q@v@uC|C{@z@{FnFmBdBcGtFuEhEuApA}MbMoAhA}@z@iCjCkAxAiAzAcElGwDxFs@jAg@~@q@tAe@bAkArD}@`Cq@lBm@|A}@`CGX_AzDyBvI]zAqRr{@mExRcSj}@yDbQa@hB_@~AUdAUlAKr@[dDQxBQzBU|DM`EEzC?rB?zABtAJzGPdG?d@BbB@jCEdCGxBQfCW~DIlAGhAKvAk@vJYhE{Bb^UfDOxBwA~U}@vMs@fLwCbc@OzBAPsAdS_@tFaBzUuA|SKvAq@nJWdD[dDk@pDk@dCo@~BeAjD{CtJkIdXoInXuAxEyHxV_@jAqApDaAlBiA|BoA|BiA|AaBnB}VtYuK|LcA|@qAv@g@TiCjAe@P_@Le@NyKlDyFhBcHzBkBl@eBj@wBt@yItCgA^kInCeEvAsHdCyAh@}@^oKrE}Ah@oCjAc@NOFyBz@mCfAeChAyF~B}@b@_Av@c@f@a@d@_@b@KLk@l@cAhAY\\\\KJCFg@f@{@`AeBlBkBrBIH]^}A`Bs@v@u@v@gCrCQTOLw@~@}@dAeAfAy@|@GFuA|AKJGFeAhAy@`AWXq@r@aBbBo@r@a@d@k@n@EDq@t@QRi@n@[\\\\oArAKLSTy@|@UXg@h@g@f@wAbBSVYVc@b@{@~@g@l@w@fA[t@Qr@Kf@E\\\\ETM|Ag@xFw@dJE`@o@vGKrAIt@Ix@APCTStAUnAY|@Qb@QXcAfA]\\\\cA`AeA`AURwBjBuAbAcBjAc@\\\\GDYTe@^a@Zc@\\\\a@Zo@f@{B|AOL[LtF|VRx@fB|HfBzHFXJh@WJw@Zo@^a@\\\\]\\\\Y`@[d@y@vA[n@mAdCsDpHy@`BKTQZuBvEqAjD}@|Co@jCm@fDc@nCYrCy@|JEh@_Dhb@KxAu@|JuIviAuDnf@_Fnp@OfB]lEw@rKm@|Hk@pH}BzZyBvYCh@Gv@k@`IOnB}ApSq@vIUtCOpB]rEy@nL}@`MqApQgF~r@_@dFkCx^}@~LsF~q@eCpZIdAw@pKqDhf@_@dF]vEiKnuAs@tIu@hJ_BfRmB~Vk@|Fm@nEo@nDi@dCWhAi@hBe@zAwCzIeCtHY~@]dAg@|B]vBQdBMfAOxCCfC@~Ej@dj@l@nh@B|ADhD@zC@r@@nA@fA@`ACbCC|@GdAK~AIr@S~A]fC[rAQl@o@lBu@bByAvCaB`DwB|DOXoHrNuB`E}BlEkEdIoBxD{Qn^wGtMu@zAcBnDeBbEy@bCc@bBQz@WvAQjAOlAEdACbACjAAlBDfBH~BNnEd@jMz@tWXxHJdCBz@FbBBdAhApZXjH`Czo@d@tMrAf`@^~JfAb[b@bMNtDLvD`Bbc@dArYLbDrAj_@|@jXFhBHfBlAr\\\\v@pTtAl_@H~Av@fJnBtTbA~K|@rJZdCvArINt@J~@Fr@B~@AjBu@|IiAbM_AfKoApNc@lFM|@QbAUn@EJINKPMV]h@aA`AyEdEaCtBe@d@_FfEa@\\\\oGtFcX|U}DjDQNQPaJ|HwDlDyVlTyCpCiGzFqJ~IgRdQiXlWk@j@aOjNu^t]cOjNaJtIqCrCuCvCeCpCuFrG}JbLoCzCwBbC_HbImCxCsEjEiAdAsAnAs@n@wSnRw^d[q@h@wBjB}DhDcJxH}@t@o@f@q@f@uBvAaFxCuItFoAv@}JnGaBlAu@p@eAfAuZp\\\\sG`HsAzAc@`@_GfGgUzVgAjAMNmAnAg@l@k@n@o@p@WXoAvA[d@Ux@Y|Ag@vCSl@QZe@t@g@x@aDvEs@bAqFnIiAhBu@fB{BbGoAhDqExLeIjTgFvN]`AuAfDi@pBu@fCM^c@~AWnAIp@K|@_@xCI`@KZaBtCcAhBQ\\\\gBhD_@v@]v@aF~NwA~D_ItUeBfFmBjFQl@mD`KENCFo@jB[`AGPeCjHyAlEc@~AYhAMp@[pBCJELCHEJGH_@j@OTMTMRKTITIVIXGRGVo@pCIXAHe@pBGRaAhEi@bCaAjEEVcAtEGRMh@EEGEICGAIAG?K?I?yCLG?uBH]@uABqAF]@_@@uAHK?cCJ}@D}@BS?o@Bi@CYE[Cs@QWECACX?\\\\Bj@FlANjCBXH`BDjABjA@nB@vA?tAAbGCrBEhAEfAMdBObBM|AIlAC`AC`CCdC@xB?n@BzA?bAB~AB|BFhE?j@@l@BdC?bBChAIvAo@CeAGiAOSAg@IwEg@MAwCUiHs@eBQ}AEiAFcANaAPs@Tu@\\\\sAr@gAv@_DpC_GhF}FhF_BrAw@r@YZUVw@lAw@vAeBxDiAdD_@`BWnA_@`CWxBuB~WcAlN}C~a@u@fKkBzWANw@rKiBzWkBtYc@dHIjAYtEqD|k@]rD[~B{@`E_@pA]jAk@bBIRSb@MZcB`D_GdK_GlKeDdGq@xAq@jBm@pBg@`Cc@nCUlBQxAOrCUtEgAdWaBj`@QxDUlDKfAMhAc@hCk@dCk@xBa@rAwIlY_AbCu@bB_AxAcDfEqE|FgGbIc@j@iAzAcApAa@f@oA~AyD|DsBdByEjDkAz@s@p@g@f@]d@kAzBo@nAsAfCiC`FcArBc@~@i@pAw@zBu@fCG^]nB}ApJwFz^_CjOeA~Gy@fFeRzmAsHlf@qIfj@SrAkBnLStAo@bE]zBm@bEgAfHmAdIERCNCRYfBQbAAFCPCRI`@YlBETCRO`AO`AUzAKn@{AzJaAnGeClPyE~Z_AjG}CfSMv@Kp@a@dCq@rEuAdJ}AhKkAfI}@~Fm@xDaBdKi@rCg@pBy@jC]r@{@lBs@hAQXmBjCaCrCo@t@oH|IgOtQqEpFqA~AcBrBoChDyAjB{AfCsC~EcPjZeCtEiLfTmFzJ]p@uGzLaI~N[l@_f@n}@eCtE}CzFc@x@wO~Ym@jAcKfRsEpIiHtM{InPaL|SySj`@w@vAi@`A_EtHmDvGMVuClFu@vAm@dA}BdEmA~B{BjEg@x@k@t@qAbAQN]XkB~@o@ZiAf@SJsAn@iAh@}@l@a@^g@j@]\\\\]NqAj@kAf@yB~@KDgDvAOF]Nu@XWHaBv@oBx@_HtCmBz@uD|Aa@P{IvDkCfAmAf@w]|NyAn@gSnIsJhEyAp@}OxGWJ_C~@mAf@g@TqGjCa@Ho@AwAGC?}CM_I[kg@uBC?e_@_BaBIoBIsDQy@CyHYeNi@mMg@sV_AqBGSAq@?y@HgAVaA^{A|@}CtB{B|Ac[|SwA`A{OtKmD`CyDhCuNvJ}F|DkNjJgBlAwGpE{CtBQJiCbBqBrA{BxAmAx@}B~ASLeT|NmTrNeDvBaCdBQLyOlKsAfAsAjAoBjBeAjA}FtGsA|AqDbEoBtBMNmCxCKJwC`Dm@r@qJnKyB~BeCzBiCdB{CbB}Bz@u@TmA\\\\oK`CcMlCcBd@}Ad@_CfAsAv@gBrAw@j@w@r@u@p@y@|@{AjBw@hAuKnOuAlByBlDkBnD}AlDo@`B_ArCqArEe@lBa@nB{AhI[~AQfAaAtEa@`Ba@vA{@hCwA`Du@vA{@vAy@nAgAtA{GtIiHdJkBdCwBrC_G|HaJlMiJvM{H~KwBzCcBzBiAjAoAfA_DlByBpAoBhAkJtFqGxDmAz@kBdBWTeG|FqGbG_^p\\\\eVdUaXpVYXua@~_@iLtK{E~E}@v@KJa@?[E_@OQa@OUYWOEQCQDOHMJINMn@Ip@Az@Dx@RlAX`AT`@RV\\\\p@Tt@Rv@fCpg@`@|IzBld@x@tPt@tODt@p@dLF~APrDBr@DjB?hBA~Aw@hYc@zMOxFQ~EMxCMfAQ~@o@jCeBhGs@`Ba@l@a@f@kAdAsA~@_BhAsJhHkAz@WPSNu@h@]Tc@Z{@n@oAz@aAp@[TKFiBnAg@\\\\}BdBg@f@QRSZW`@{@^G@KD_@NYHm@PwBh@{EhAi@RQLq@j@s@x@w@pAqA~AEDcAhAy@n@m@b@m@b@c@`@]ZBj@D~@\\\\~H?NB\\\\PTj@v@z@vA^v@DIj@kA\"', '2025-12-16 09:37:53'),
(9, 926, 940, 393.88, 292, '\"oaacIqtpyCVGp@GJCLAKkFC{D?Y@gA?W?a@AUa@eH?Ge@uHe@kGCa@CWE[Ci@EaAAq@Ae@A]Ac@AWCcC@q@@e@B_BFsADaBD{@FyBFyADyAD_A@e@F}CBo@LsFDwAL}FBi@@YHyC@o@DeB@_@Fc@BSJe@J_@No@No@FUFSTeAf@_Cl@cCt@{Cx@iDBI\\\\qBGICKKu@I{@OyAIs@CGGUMa@KQCEGIEGEGQSGMKWm@yBOw@Gs@Co@?gAFmC@w@Bg@BgBBo@JeEBiADeBJ_HRwJDkB@SH}C@i@H}CX}HBgC@oB?q@As@a@iL]aIIuBEwAEiAEiAUwFEuAQwFOuDEaBQoEAYIuBE}AGuACg@Ae@yAyb@m@uQ[{JKwCAg@A_@k@ePwAmb@Cq@o@}PoAa]q@mUM}D]gQY{TImGGmK@qDJcDv@_Pz@eQrAuYrCmm@zBuf@PqDXwDj@}EjAkIz@qFxGwa@nDwT|A{JZmBdAwGvCyQN_AJs@TsA`DmTv@oFf@eEj@aEf@cEh@uELaBP{BJeC@_B?m@?gBC}D?e@AgCAYEaGEuFA{@OwDUoFm@kMYyC_Fw^kC{RoAwI}AuKeCcRgAgLeBsQa@gEcA{Mk@wLs@sQ}@uPaAaLi@cGwAeP_BsOyAaO_AqM}@aOc@iHi@cJe@qImA_Tu@uJeAmK]{BSmA{@iFiBaJqHe]eNwn@Oq@kD_PkAoFy@yDkAmI{@aJa@sEmAiUa@gJKeCoBic@wAmZcAeSi@aLOkAq@eGGSiC}LG]{@aEyB_LsZiiBiFs[g@sC{Kkp@oIw`@Mo@_Ia^iAiFmJqh@a@iBMm@a[wgA{@aDyL_d@aOqh@{Mkd@oAkEsHoWq@_CuC{JwCqK_Roo@{BcIsAaFi@kBg@{AGQgAkDaBaFaAqCcFeOi@oBe@gBWaAWiAk@yCGk@Gi@Eu@Cs@Ae@?g@@kBBcC@UD}B?SDsABq@Di@Hs@Js@RiAN{@VoBTaBBe@Bi@?Q?_A@qEBsJBsCBmNBoH@}DBeF@cLJa\\\\@sAHiYB}D@kEXybA@q@@wJB}G@yA@a@HsCNcEBa@JyCRgI\\\\cVTgVD{CDqCB{Cd@_c@f@oi@DgE^uXP{NN}MPoMLkKDoHZg[HoFPaOBaAB{BFwEHaGD{CLqN`@m[PoNNoMd@u]DyBNmLv@qn@BgCXuYZaUR_PFyEJmDViFt@iLpAcSFgADq@JaBd@oHHiAJkBHmA`@{Gd@kIFcAj@uKDq@d@eLX_IHcEDeEBeB?YBwBBiB?g@?eA?_A?u@?a@A{@OiLAi@Q_IAo@EqBSyJIkCAe@G_DGwCEsAAi@e@wVKwECcAEwA?gABgDFwCJqEFwDHcFJ_CNkFFeBD}ALuD@WDaBXkGJ_DZmHBs@Bw@Ba@NqDFcC^DfC^f@Hr@FL?PGJWJm@LiAJq@|@iDjCkJjAqElA}D^gAn@}ARo@Fa@\\\\e@l@wAr@kBRm@P{@J}@@q@Ae@Ca@Is@E_@Sq@e@gAoBqEsB_GyAgFuAsFsCqMg@wAe@{@a@c@[WWUSQ_G_EIMGKGWI[Ac@?g@BOFYHOHKLEpCSjAIrCY|Ho@B\\\\HpAo@z@i@j@_Ad@iB\\\\q@CMIOQWi@yAcIm@iDcCeNgBuJwA}HiHea@i@sCwGk_@w@mEuEwWoA{GiAkGyBeL}@yD_A{D{BuIk@iBoA{D_CmHqDcJyC}GsDoHaDcGqCmEeCuDgA}AeAyA_C}CkAqA{CkDsDuD{GqGsGoGgEgE{A}AkAoAgBoBmB_C_AoAeC_D}A{B{A}BcCcE_ByCiCgFaAuBuAmD_BwD}AeEM[cAwCsBgG{B{GsGaSiEuMwEeNu@aCu@}BqCsJaCeJyB}IqB{IOq@{BcLeCmMc@wB_@gB_@qBc@}BsAaHsAcIkBmLw@aGq@yFi@_Fy@}Jc@gGGs@]}G]_JKsDQkICeBY}UQ}JCqAKkEScG[wG_@gGc@mGc@cFu@sHq@aGeA{H_AaGcAcGaBeIYmAaBuHmB{GMa@aBwFyAmFwAgEsAuDqAiDgCeGw@aBoDqHsCyF_CkFyCwG_DwGw@cBoCgGqByEeCcGwAqDgBmFkIoU_AkCuAsDcRki@mCqHoBwFe@qAkI_VeIaUeCkHYu@kCgI_AeDmByGsAeFMi@gByH}AsHaAkF]iB]sBqAaIa@kCmBsLgBgLeJol@cBiKaD}PgC{KuEqRk@qBkCyJgCsI}A}EeAwDwDqK_CgG_CuFiCcGiDmHmEwIuB_EuAkCgIoOiIuO}IuPoEmIwBoEiDmHsDmIsEsLgB_F}BwGuBaH_BgFaAaD_CyIuCcLgJ_`@oEwQaOum@kFmT}BqJi[{pAkA_FgH{YcCgLeC{LaCqLeAwFwCsO}BqN_CkNiBwLwBoPw@}F_A{GuBsOqCoSaBuLiEy[qAwJuD_YU}AiAeIwAuKiDgW_AaHsCaTgBsM}AgLs@aFeAuGqAmH]mBc@}BwAmH{CiNgDeN{BoIcCiIoDcLs@uBm@eB_EyKiM}[i@sAyBwF{@uB}BgGkAyCuDqJmNc^yI}TwBuFgGyOyFgOgCgH}CmJ_DwKy@{CcFyR{CmNqCuNoIac@o@aDsHw_@w@}DmBsJ_@yBgF{W_C{LoAuFcAsEiAsEeC{J_AaDqA{EyBiHaCoHw@yByCqIuBuFqByEwD_JiEaJ{CeGgDiGwC_Fk@_AuIoNuGsKkLeRqEuHuC_F[g@}BsD}GaLaIkM}HqMyE}HiAmBuGuKwHkMyM}V}EwJ{ByEwMcYwM{XqEmJgHeOq@uAiEkJwAyCwEwJoIyQ{@mBuFuLsE_KiA_Co@sAsJiSq@yAyD{HuKmUgUef@yBwEyUeg@cOm[eSkb@gRa_@cXqg@mMsVk[}l@oKkSoA{BsEaJeCsE_G}Kc@}@{E{JeHcOs@_BuA{CyGmOsWem@eCoFae@_fAy_@m|@yKyVeEqJmAsCmIiRwDyIiGiNiH}NwIwOyEmHcDwEsGyIiKcMiLoLoLeK}HuFiTmNeSiMur@ad@sZuRiFkDyCkB}EaDgEsCmLoIg@_@kEmDmA}@{@o@uHmGmLkK{X_YaUuUeo@so@{`@ma@_HcHmAsAcB_BeFgF}GcHiGkG{GeHeMcNoL{NqJuMcIwLkDwFeCmE}CqFgH_NqLmV_F}JgCiF}IsQmIkQ{BaFi@eAQ]yE{J{CcGmByD]w@wCaGwBkEYk@yDaIiB}DwC{Ge@cA{DiJeCwGa@gA}CaJ_C{HuBiHuGcWsA{Fq@yCkBqIAMq@eDoA{G_AqFoM}v@wCiQoCgPkE}WmGu`@uByMsG}c@_Guc@yAwLcCoSyAsMaBsNyBkSOmAQeB]qD_Ds\\\\cGcq@QmBqAoOSoByBeVuB}U}BqWmCeZ]iE]aFg@iJm@{N_@}JYkKQeJKgJEaGC{H?mHBcHLkNL{GRqIDkCN_Fl@{N`AiRrAoQhAyMfAgKzPcxALiAz@gHlBcP^aDjAwK\\\\_Eb@yFb@qG`@wI^}JJgEPmJDoGA_NS_OMkGOwDc@wIo@qKq@iJWaCIq@_@gDcAoIk@mEu@gGoAkJcA_IqCsSkDaW}Lq~@kBsMaEqZUiBS}AGc@}@wGu@iF?EQoAIg@SuAOmAyA}KG]sBgOe@iDuMeaAmFy`@wBcPqCwS_A}GQoAYyBmBiNkBoN}Jyt@a@mCqF_`@qCaTuB}NcAuGc@mCi@kC}@kEeAgEm@wB_A_DeAyCiD}IkDcJsF{NsCoHEK_BgE{A}D}]i_AmNa_@gRcg@uE_MkDcJkReg@eCuGgNq^_Sch@wQue@sIyTyD_KeH{QeCmG_AyB}@mBaAeBmBwCuBiCgCuBmDiCiHwCKEwGyBcCq@qCu@mPcFcCs@gCw@oF_BkAYsLuDyNoEqF{AiIiCw@UeEqAOEuWcIiBk@WIUGuUkHqDgAeCaAsEmCw[eSwD_C{i@c]uJeGSMiDwBeF_DoOoJeMcIm@_@e@WoDwByFoDuQeL}GyEcDkC}BwBi@k@aAcAy@gAkAyA_CaDyA{BoCyEkBsD}@qBiAiCq@iBw@oBiBsFaBqFg@cBkBiIs@oDw@_E_AeGw@aGq@wGc@gF]oFWcFUyGKsGIyKA{@C{Ec@u`AKiYOw[MeXIuGMkGO_FWyGSsEYiFuAuPQaBQiB}@cIu@qFs@iFw@yEeBwJcA}EuA{FG[oHgZe@iBiCwJ}DsO_DaM}@oDm@iCe@qBkIc\\\\eGkVgEuPa@aBiBgH{B}IgEqPs@{CeAaFu@uD}@aF{@qFkByMQuA}@aKw@sKYyFU{FUsGMsGEgG@gGHeNTmIVyGZwH`AsPh@qLh@oO^kLFcBTuHd@_T^kUXa^BsI@kDBcTKeTAqDMqNQsNSiLS}Kg@kQy@qWiBe`@k@aLmAqRqAuRmAgOuBgWCa@S{Bo@gIe@wFw@}Je@sFmFop@gGku@qDcd@OeB_BeS}AcSeBuSgBwT]iEaAyL}A}R_BoSmDie@{@_LgAaOaAyMaC{\\\\mAsPqA_RaB{UsA_SSeCYyEe@kHe@mHKiBcDmf@gCy`@aAoOAMoAmTsA}SyAaVeBaYmJc|AKgBu@uK_Eof@sEac@U{BeDsWmDoWsAmIc@}Cq@cE{@mFu@wEEUiEeVgAoFm@wCmHu^iA}Fe@_Ce@}BCUqDoQeAeF}@}EwDcRwCkNgB}IcAcF}@mEiB_JeCaMeAeFeByI}BeL_EaSs@gD_FiVqHe_@kCsMqByJOw@o@yCgPux@kCwMi@kC}CkOs@mDo@aDu@uDWqAoAoGiA_G{FoY{@yDqBaKaHs]qAuGm@kDUkAoA}HkA}Hu@qFQkAgAqIcA{I_A}Iy@gJu@oJk@aJuAgWCc@{A{ZMoCe@kJg@uKGeAGwAg@oJ{@}PkCqi@eB}]}@}QCi@_@}HoBi`@_Dup@UuEwCam@aCmg@MuC[aGq@sNQqCM}Bg@oHU}CI_Ao@sGcAwJkAqJc@gD}@uGa@aC}AgKaCmMcC_L{CcMcEoO_CiHaEmLiByEyBiFcFoLsFeMuBiF_@aAqAoDkCmHaCoHaGyRcBoGwBwI}CmMEQgAuEuA_GsAeF_@uAo@aCmBiHgDuKqAwDeFyNyAyDyAyDaCwFqBkEc[qs@cSsd@iOg]ue@ufAmNs[qG{NsEgKyE}KaFwMaDiJaAyCo@oB}@wCy@iCsAuEsA_FqAiFqAmF{@uD[wAsAeGwAsGw@aEs@{DeAqG[uB}@sFqAqJy@eGOmA_AkIW{BsB}Ro@_GkF{f@_CmUGk@{AmNcDuZmBaR]eDgAyKs@{GeAmK_AkI{@}H[qCeA}J_@gDOkB[sCM_Ay@}Ge@gDkAwIGk@c@gEY}D[aLMsEIeCEgBAWCw@KwDWiLEsBAkB@yAFuANwALaALe@v@gDhAgDVs@~@eClA_Dp@eBl@_Bz@}B`@cAjA}CrAmDbAmChAyCNa@d@mAXw@jBwExA}DnGwPlBcFdBeEzG}PdAoBh@y@v@eA|@_Al@g@z@k@z@Yj@UlE{AhOwGv@]bIgDdBs@tOgGdMcF|LcF`Bk@tAg@rA_@jCq@lBc@NCbFi@XCz@GtBGbBCn@A`AAhFIrCIbBG~DKlCM`CKpCQvBMlGk@rCc@tCk@nHkBpJaCdCy@`AW`D}@j@QbCm@l@OnCs@ZGzA_@dFoAnGeBhCw@bC}@fFgCtDyBfCqBlCyBnCiCxI{IvD}DzCwCJMdFgF|SaTlCmCzH}HtAwAJMtGyGNORSn@m@p@o@bCeCtM{MhEiE`TeTdQkQ|F}FTUnAoAzD}DvM_NhIeI`ZcZlEmExD{Df@g@nHoHnNoNzC{CdBeBj@m@LKn@o@n@q@dDcDvBaCLOPSvAoBnAqBtAoCrA{CpAwCxI_S|JgUpEcKTi@jSod@zFqMlBiEnXan@hKyUzD{Ix@iB|CcHrWml@dN_[dCiEhAcBhAaBhAyAnAwAlAuAxAsAbB{Az@k@t@i@dBkA`DyBlAw@|@m@|CoB^U~B}AHGlBuAVONKx@i@bBgAxAaA|@m@RMh@]|FqDrDmCvFqDFEvAgAhAcAvAyBt@iBX_AZaAn@{Cj@iCxAoIj@eDn@gD|A_G`B}FNm@~AqF|@}CrEePrIqZnGaU|Ki`@fQgn@nIiZhE}NhIsXdB_G|CmK|AiFHW|@{ChC{IfPwi@xEcP|EmP~AoFtKi^~@}CTy@lBmGlEiOHYt@gC|CkKjA_EnEkOrCqJl_@apAjTgt@`BwFd@qAzBqGHSj@}AN_@tAmDZs@bCwFp_@uy@hFcL`BoDdAcCpAoC|EiKlMcYrf@gfApZqp@`IeQbBqDdCoF|C{GvIkR|DuI`CkFh@iAHOd@cA~BiFhAcCpCcGj@oAhAcClD{HzWsk@zMuYvPq]fDkFfDoFtCwDpCsDt@eAV_@jBeCj@{@x@kArBsC`DmEzJgNdB{BlFoHdGmIbXu^fLwOHIl^}f@lUuYlCsEdC_Fl@_BzD{KbBoGjBiKlAcK`A_Lb@yLPkMRsQPwO`@a^f@a^P_LbAgt@V}PBqCHuGL}IDiCVqUVcQp@mi@FeFJwJJkGJoG\\\\aKh@aLv@eLn@{H~@_IZeCx@qGfGu]d@gCbCsLvFsYLk@jGsX`B{GvBsIxCgJpCaInBuFtAeETo@d@mAdB{D~@qBlBeErEoJzJcQ|HcLb@k@tDqEzMcPbI{JnFwGHIb@e@LOj@y@~C_EdAcBV]dC_EfCkEzCyFbDcHjEeKvA}DfAiD~BkHd@_BtCmJpJk^zCoLv@wCNi@zCiM\\\\uAh@}Bp@wC|EcSf@sBrKaa@xD_OtBaInFwS~Sax@bXgcAb@}AdBoGXcA^yAvBiI`BuFv@iCrDuIvDgHbFqHjC}C~BoCfAmAtAaBdCsCh@m@TWX_@VY|EsFlDsDpA}AnFgHxEsHtCoEpYsd@pJ{OjGgKh@eApByDrB_E~AuCfSa`@~A{Cr@sAhRi^fIwNxEoGd@q@tCgDrFyFvC{CtEeFtMwN|CsDv@_AFGt@w@HOX_@T[nCoD\\\\c@~FeJhAiBnEcHpFcJlGyLz@kBlEwJlWql@|EwK|C_HbF{JnIsNhDkFrMwOTYjM{MtFkGvBgChDqExFsInF}ItAuC`CcFjFgMhEaLvD{JrBsFvA_EnAaD`FeMh@sArGoPxNg`@dAeD`ImVt@eCvK_b@|CyMd@yBbCkL|AyHrE}WjCqPz@iFD[|A{Ib@{BlDyRhGq^jBwJ`EwP`DuL`DgJ`Ls]dBqFlAyDhBuFj_@yiA~Wiy@|CqJ^gANc@dA_DbAwCjLs]dE_MVy@|@iC|AwEvB_Hn@mBL_@To@v@}Bx@aCzAuE`GsQhPcg@nIiWrDsKBI\\\\_Al@mB|AeFpE{MtCoI``@ejAjFsOhXqx@x@eC~@mCbBiF`BoEj@eB@C`CkHJ]Ri@r@sBvCyI`JiXpLy]dSal@rEuMXy@zBqGdEyLvOid@p`@uiA|DeLdHuSNm@dBcHNu@p@_DfAoFvD}QP}@ZyAvAmHbCeMn@yC|@iElB{IxH{_@t@qDx@gENw@nC_NTkAlAeGxAsH~CaPj@sCbBwIP}@b@_CVkAVoAzIub@l@yCdDgPpDsQrLyl@|Iuc@n@cDr@gD~ByLtBaKvCsNnCuMLm@\\\\cBfCwLHa@FYxJsf@x@wDfI}`@bD{OtHo^hNwq@~CuOrDsQTgAtBaKP}@H]Pw@?ErAmGjCkM`@qBrDsQj@oCvFwXlBeJxCsNt@qDbM_n@vBkKJi@DUJe@FW`CqLb@}BZ}AxCeOhSqbAlAcGdCwLjFkW~@oEvDeRvB_KdA_FbEoR\\\\mAdNqg@vBaIj@sBBKV}@HYXeAbHkWxN}h@v@yC~BqIj@qBzEkQ`Qyn@fP{l@dKa_@|]cpAtKg`@lNsf@v@oC^uAjAkEXgAvE{PjNyg@dC_JbAuDbLya@bEaOXeAtA{EnCiJLg@|DePn@qCx@{DjAgGjAoGzB_NlCwNtAsGpKah@pCiNvBeKpC_NbCoLv@yD\\\\cBl@uCjCiMzKmi@zE{UfDqPj@oC`@iBzCsN\\\\aBrKqh@vQs|@hEcUlTuhAt@uDf@gCZwAxAiHBKp@_DhAkFLq@f@iCr@kDLi@DWXwANw@xEiUjCsMh@_CxAsGbAyDvAkF~@gDfAwDz@_DzBqIbCeKn@uC|C{Nh@gCrBaKfBeJr@gDlCoM|AuHtDuQ~@eFl@yDp@{Ej@qFf@sIHoBLcEDoEBgB@mFEsFG}BA{JF}AJqCNaC\\\\cCn@uCd@{A`AeC~@_BdAgAnAq@f@Ql@K|@Aj@Fb@Jn@XbBtAz@v@p@d@f@XpFbFHHvBrBlFfGpBjCnArBfB|DjDfJvIjY|@vChDdI~CzF|A|BzBjCpAhAnAfAnBvAtBnApB~@tEzApMjFbDtAhGzB|CfAfEzA~U|IxB|@NF|HxCbFhBxDvAnElAnCf@vARlCRdCJ|DBv@@|AEvCKxGo@~AObFc@lEa@jJy@bAIv]_DxMmAzCYj_@eDno@_GnFg@jBQ`ZoCx@GxW_CrIw@zUoBrTqBvW}BrMyAvDc@~HaBpJ}Ab@I~NqCpMaC~J}AnCe@jDs@|LcC~Bg@~E{@jAS~Dq@xKaCvA[rEiAhIyBfHuBvIwCjGuB`C_A|@]`MiFxOoHlF}CdLmGjDuBvBuAlPcLpGqE|D}CjDsCxDcDjAaA^[lC{BhAeA`FkE^]|J_JnHwGfGgFhBaBzDmDpCoCxB_CzBgCbC_DnBqC~CuEzCeFnDiGj@eAjCyFhFqL`BuDjCmFbF{KvIkRhXim@dK_U|Wal@tFuLxEiKpUig@zM{YhKyTdTcf@jCcGtBwEt@kBdDkIvBaG~@iC|@}CfDsMjAaFlA_GjAaGn@gDXeBfBeL`BqNjAeKVaCtEac@d@qElHqq@Fg@rD}\\\\jFef@lBmR~Ci]rBeUrBaU\\\\gDVoAN[PSNERQHMDMHUBWBU?]Io@Po@Zq@pAu@bPuIzAqAdB_BfEgEbW}Vn@m@dVoUbKyJxIaJdB_B|A}A|A}A`B_BnBmB|A{AtAuA~A}A`A_AzB{B|@{@rAqApAoAdCeC|BwB`BaBlAmA~@{@t@q@HIBCbAeA`HoG~O}O|AaC|AyCz@uCz@kDxBaJd@wBnK}d@n@iCj@mBf@iAj@mAv@cB`@{@bAkCtAwEf@}Ar@yBZ{@dAiC~ByEvBoE|@kBz@gBtPw]vCcGfa@oz@lCyFpGcNtAwCfCoFbKaTrDyHbEuIZs@jAuBjAoBfAsAnAoA`BmA~A_AfBg@lB]vM_CnLuBdCc@pKeBlb@gHrOmC~AWnAe@|@a@dBq@bKkEvMkFpX{KbNaGpLeGhh@mWjAe@pA_@vCi@tAYtt@cN`@Il@KfB[jTgEnTkD`Fw@di@kIhHqA|Ce@lCa@hDm@hW{D~AUfQqCta@uGxCuAdDeDr@iAbBsCnCuFpEkJx\\\\mr@vBmEbMqWvBsEZq@`Pe]pAqChTmd@jMeWXk@je@{_Abf@y`AdAuBlBiEdBuGbBqGh@gBb@oAP]`R{a@BGnBeEdCmFb@_AzJcTbAkBxAaCzC}DxJqMtPuT`OkRlFcHtAmB@Cd@q@p@{@`@g@v@_AdBeBPQnAeAHIPOdBaBjAaAr@e@XQTKdAYtAOD]B]?[@k@\\\\u@rBkBhF_FjCqCh@u@hCaEjA}AFIfEkGRYbCkDt@kAd@u@b@q@v@wAFGd@{@zBiEp@}Av@eEp@kE\\\\iAhEuKnAoDCUeBqCM_AF}@bAgDlAmDfCcH~@kAr@{@`EgEhJoHpHcFhA_AbAmA`CuDvB}CrAmBdBaCZe@r@{@vAqApAq@nQwI`SwIdEqB|A_AdAy@rKeJxb@_a@lBgBnQePrDuD`FaFvh@cg@~t@cr@fCiCtCaDbEgIjE}M~X}`AJ_@zK{^pAuDzBoFbCsEhR{[l@gAz@uAPYPYLUj@aAbGeKR]v@qAn@}@lAqAp_@m\\\\\\\\Yzh@yd@|UqSj@g@|IwH|@w@jAcAdAiA~bBguBzFmHPU`DwDzDyEnQeUxMyPr@_AnBcCf@m@Z]dRoTlIsJva@gj@rFaL`DsGrK{]bXc{@xJqd@~O{u@pC{MvCeMvHk\\\\bO_s@|EeVnHgTbSaj@hA{CvGkR|@gCdAqCtAsD\\\\}@HWjEmM^eA`KoYLYrEgMhBcFzPue@fIeUTm@Vg@fBoCv@cARS`@a@l@m@bCwBwBeDtLm\\\\rBoHfAsFt@eFn@uG`@uGXaHd@mMDyALsCD_Al@wMZmGBu@RuFHmBQwAc@aDYkCMiBIaBEi@e@mQC_AAi@_@yLWoJI{DCmEHeDVoDnB{RTcCX_D\\\\qDzAoOxAqOnBiSZmD^{DVuCZeD\\\\oDL{AJeAPmBLkA?ErBySX}CBU`@cE@WJw@n@iHn@yGb@}FFcABg@h@eNBi@@[@SBe@RuF@O@[Bk@DgAVgGDiAZFdHnAt@H`@?R?`AQl@WZOvFgCb@S`@SzCyA`D{AFC`@U|BkAU_B?IXMk@kE\"', '2025-12-16 09:48:59'),
(10, 975, 978, 547.70, 428, '\"uwa}Hugi~CMDYFw@Ns@NOD[JSFSFYNKDe@Xy@h@a@TWNWLUJoAb@YDUDeAP_BXaALw@JcBZgARs@LaATkAZ}@Pw@N[FaALOBi@JUD_APkCb@a@DE@oARkDj@]T}B`@_BVaBZgAPq@Ls@NsFv@KBs@HiAPc@Fe@Dm@JQBc@HeAPgAPq@L{@NkAR[Fo@JWFoDl@c@FQDeDj@]DUDa@F}@LQEIGIEWSEEEEECECE?EAE?E@GBEBEDEFCFEHAHGPITS^E?o@LWDyAV{Ex@uAVkARmAPwAV_ALWFa@HUBqCb@o@J_APu@L_BZaEt@_Dj@K@oCd@]Fg@Hq@NmBZwATmAPE?i@Js@L_GdAwAVqATmARc@FSDUDkAP_Fv@i@HWFa@DUD]DcANsC`@qAPgAN]FmANaALKBgANi@HmC\\\\YDOBi@Fk@Hi@FmAPI@[DuBX}Ft@{@L]DiANeH~@{ARSD]DOBk@HeD`@{APi@FOBWB]FkBRmHbAgBTqC^aALeBRWD}ATSB]DkDd@o@HWDeAN_ALcGt@[D_ANUB_Gx@i@FaAL}@Lw@Lo@Xc@Ve@`@sAfAuArAkBfB_LlKgBbBmAhAaA`AuAnAmG`GaB~AsBpBcItHeC~BkCdC_DrCmCjCcC|BIHoNxM_@\\\\{AnA_A`AsArAOLiAfA}@x@{AxAuBtBo@r@]^WVGH_@f@o@v@_AbAIJcBlBc@h@UZy@nA_AzAcF|Ic@x@yBvDmBbDuQb[wJpP}AlCsTz_@aDtFuKxQeCpEwWtc@{@xA{HvMILu@pAyKdRs@lAkAnBmGlKWf@GHaG`Kw@rAeDvFcDtFYf@KPORk@`AS\\\\a@n@yAfC_DjFqGxKS\\\\OVoDfGaA`BADqKpQ[h@m@dAsA|Bo@dAU`@e@v@EFyDzGcDrFGJwAbCsAfCyAzC{C`HeB`EoDdKiDnK{FhQ{ApEuBvGqBdGsHbT_AnCa@fA_@t@m@`AKNEFOTMPQRa@f@o@h@q@h@m@\\\\q@HmAZaALkADsACqAUkAQyIgCqA[mC_AcBy@s@g@g@]yE}CgAu@yDgCkDgCsEqCsBeAkBw@sAe@kAYoCa@uAQkDe@uD_@_COuA?qA?cEDeENuFJsFJsP`@aBD{CFyINmKT_MHsYl@a@@iCJg^p@yFReGL_EH_IPic@~@m@B_IPkKZwAB{HJcJZkDFgGL_@@_@BM?c@@aVj@wINqKZM@aDFqAB[@{BFc@@{BFuADG?kCH}EJiBDmCFoADM?yAByABy@@[@q@@q@@mBFsEL}IToLVgCFmCFwADgA?mABW@i@Da@De@JUFcAX_Bh@cGzBKDSHi@R{DxAKDGBSHc@Py@XsBt@WJ_Bh@yBz@qAd@uEhBcDrAsB~@OHk@^a@\\\\]Z[Zm@n@{BrCo@v@aDbEgB~BwFjHcSxVaFjG{AlBeDlEiAxAgDlEoA~AwDzEqKrN}GzIoHfJwHbKgAvAsRhWs@z@k@v@}C|DMNuCtDUX}AtB_EnFgEnFmE~FqK|MeC|CqZr`@m@r@aEhFkEvFUZaDdEiAvAyAlBe@l@q@z@SX]b@iE~FkExGmFjI{A`CwAzBiAfByAhCgAvBiDjHSd@mG`NwDbImDvH}CdH{@vBiBjEeAtCw@dCc@jBa@|BuAxKeCpUg@nE}BpSmDb\\\\}Dn^UtCCJMdBMxAc@rG_@jJKxBu@vQg@bNaC|l@SfEOnBUvBGb@m@xEc@lCg@lCUfAUhAaAbD{AbEm@vAi@hAm@hAm@dAmAlBqAlBsBlCgF`HaC`D}Xf_@q@|@o@z@qAbBq@z@k@x@mE`GwQlVgFfHeFvGiD~D}A|AcB~AwAlAmA~@eAx@wAbA{BpAcCpAkB`AuBt@{Bn@yD|@iBXcBRs@DwJr@qGb@yDVkW|AmQhAsM`AaAFiJl@eDPoAJsPlAoJl@mXnBmAFmZrBwDVyD\\\\cIh@qEX{BLsBDuB@oBE}@C{@Km@K}Do@}@QkAUeAS{Dy@_@GiDs@wDu@g@Ki@MkBa@mIaBaEw@}Ci@iAQsAMsAKo@E_]iBkUkAsIc@{Kk@mOw@{EUsDO}@AS?{@@cANeCn@mAd@}At@oAx@mAdA_@b@s@v@yAtBkGnJgExGeEnGcKxOeElGkE|G{I|M{FxIsLvQmGtJ_Td\\\\_D|EuEfHqDvFkAdBm@xA_@nAOl@Oz@a@zF{AjUs@dKaAbOYzDiCx]mCl^M|Am@nIcC|\\\\i@pH_@rFcCp^_Cl]aGf|@kG|}@Q`EEt@Y~JS|Fs@lSStGm@dS_@fKYdF[pEk@~Gk@rFSfByAnNUzBk@nFSbB]|CoAbHMlAMtAMpBmArQ_@jFUlDg@lHoC~a@kCv`@IlAa@|HEtACdAc@lYMxIWxOIhHEdCAv@CrCCzACdBAfAAp@Ab@?\\\\IzEChBC~@Ix@UdAe@pBOh@[pAQt@Wt@i@xA}AvDyDhJaA~By@tBSb@g@hAO\\\\oAvCc@`Ay@lBYn@qA~CyEjLeAbCuFrMiCfGgBdEsK|VqAxC{EbLMXQ`@iCbG}BlF}@vB{DhJgAjCIR]v@i@lAiAlCo@|Ai@pAM\\\\mAtCaAzBsCbHsCbHuAlDw@zBwAbDeCzGwGjP]z@iAvCcFdMaCbGaBdEkAvCcOn_@uGnPiUbk@Ob@yG`RqGpSy@fCi@bBaBxEgF|LaBpDuJ`TwBrE}CvG_C~E_@t@qAvCo@fBe@jBc@pBeBjIq@hDMj@Mj@uA`GSbA[nAEV_AdEGV{@xDsAhFs@`Cq@dB_AtBiAlBkAdBkAvAwApAgIhHgDlCi@b@cN|K_GrEgGtEcDdCqF~DsB|AeJ|GmBxAcBxAw@t@a@f@s@z@cAvA}@pAeAhBqAnCiAlCqCzGuAdD[v@aAvBq@rA_AxAs@`Ay@dAaAhAcAbAmAdAUPg@\\\\_Ah@cAb@s@ZOFSF{@RsBTaADeBJeL^qGTcK`@wALeAP_AR_Bh@eAd@_Ab@s@\\\\[Py@f@k@\\\\m@`@q@f@i@f@i@h@oBzBqA~AQV]`@{F~HeBhCgCzDm@~@MZUh@a@jA_@jA_@~ASbASbAKdAMxAWdEEz@Ep@CpACjA@jADvC@z@H~E@f@F`DPnJBbBBtCB~CApA?pACn@Et@Gj@g@hES`By@~FgDnWo@vE{Ffc@yIzo@g@tDs@pEe@zBQr@_AzDsBnIaO~m@{@nDmAjEg@dBuArEw@~By@~B_AbC_AxB]x@[p@sC`Ge@dAg@~@g@~@]n@MTq@bAm@z@c@n@yAhBo@v@q@v@uC|C{@z@{FnFmBdBcGtFuEhEuApA}MbMoAhA}@z@iCjCkAxAiAzAcElGwDxFs@jAg@~@q@tAe@bAkArD}@`Cq@lBm@|A}@`CGX_AzDyBvI]zAqRr{@mExRcSj}@yDbQa@hB_@~AUdAUlAKr@[dDQxBQzBU|DM`EEzC?rB?zABtAJzGPdG?d@BbB@jCEdCGxBQfCW~DIlAGhAKvAk@vJYhE{Bb^UfDOxBwA~U}@vMs@fLwCbc@OzBAPsAdS_@tFaBzUuA|SKvAq@nJWdD[dDk@pDk@dCo@~BeAjD{CtJkIdXoInXuAxEyHxV_@jAqApDaAlBiA|BoA|BiA|AaBnB}VtYuK|LcA|@qAv@g@TiCjAe@P_@Le@NyKlDyFhBcHzBkBl@eBj@wBt@yItCgA^kInCeEvAsHdCyAh@}@^c@FwAXyABm@Es@M}@OcAWwA_@{@SYG}@OiBg@sAa@m@[_@Ws@m@k@_AmAaCg@uAwA_Ei@wAsCaI{AiEKYeGyPeCeHaCaHqDkKoEqN}@wCi@gBy@sCi@qBk@cCgD{NkA_F}@qEqBaKkB{KoAaIoAgHe@mC{CiQaEwUqBgLcF_Z_DyQeGo]eFaZoAyGaCeMmBuIcBeI}GuVwF}SsDwM{Sav@}@gDw@uCmCyJwTyy@{AsF{DuNyGiVuMcf@wAgF}GwVoIcWw@cCg@mAiFqM_IgQsJ_V}GuPwDmJqEkK_]mw@eFaMmAwC_IkRkH}PcFyKoNy\\\\uUoj@aGmNyFyLkGaM}EqIkFqIuCcEcDaFiBqC}GkI_M{M}HyGaLyJmEuDy\\\\}YSQgEwDgVsSuJoI}EgEkUeSwQyOkFsEuVgT_K}I_LyJ{@{@oFmFuDsD{PaQ_D_DcJiJ][m@o@cIiImIgJaDyDmCmDsCsDmC}DkC{DwBmDkEkHaEyH{EqJ}DaJ_I}R_M}ZmSih@kBwEyMa]aNk]iBsEiHwQoEsKiBiEkBcE{EuJ}@gByDgHa@u@GKsAyBoAqBsDeG_KqNsDqEcDcEaEgE}CaDeAgAyCoCcB{AwBkB{BmB{FqEuKcH_L{FuBgAyNqHk^qQsTsKcPeI_OiHgEsBiN_Hu\\\\kPKGkFiCeRkJaJoEqFoCmAk@iOoHwQcJ}M{G_HkDoAo@}T_LgDaB{RyJcB{@cKeF_J_GuF}DgG_F_HiGuAuAqEoEiZyZcMcMuL{Lk`@u`@YYmMsMaGiGiXsXmRuR}DaEoJuJaJgJeEkE_M_MyDwDyOaP{C}CqNyNyS}SkHkHeAcAwEiEiFyEgK_JgHgG}LsKSQoe@ma@eIeH}IyHyIgIsHaHWUwHyHmEuEeCiC}FyGqPoR{AcBkLmMi@o@yRuTkMsNsKuLqKsLwKcM{QqSaAgAkBwBqEeFkHqIyDyEkFoHmJ}Nu@sAkHuMqHgOiIuRcDaJUm@Yw@eAoCaBoE{EwMeIuTgMm]uMo^aO}b@qBkG}GeT{Mob@gE{MyAeFaHqTuGkS{CmJcCwHwB_HsBoGy@kCaDaKwCwH{@wBsDoIuAsC{AcDwE{Iw@qAaCcEkEcHmRgYgL{P_DwEyEsGsE{Fm@y@iEyEgDiD}CwCuCeCoDqCoE}CmFqD}EgC_Ag@gEiBeEgB_C{@iCaAsDiAyBk@}Cs@mCq@yDm@mDg@qCUyCUiCGwAE_DEk@AkEAgC@gAFY@}CNgCNaE^}Gh@wCNoAD_ADiE@yDEuCEsCM_@CqAMcGo@wEo@yEw@}Cq@{C{@]IcDgA_FeBgF}BeCiAmBiAgFyC{FgDcJiFQMMGMIqHqEuE{CqBqA}D_D_EcDeA}@mCgCsCuCuFyFoC_DiC}C}BsCm@w@a@i@yAqBeCmDaDuEcC_ES[gBwCyByDOWcB_Ds@oAaEgHoC_F_@o@q@oA_CgE_BqCsHgNsCkGsA{CwAeDsAqDmAqDuB{Ge@}AyAsFkAyEy@cDgAeFu@{Dy@qEyAcIm@iDcCeNgBuJwA}HiHea@i@sCwGk_@w@mEuEwWoA{GiAkGyBeL}@yD_A{D{BuIk@iBoA{D_CmHqDcJyC}GsDoHaDcGqCmEeCuDgA}AeAyA_C}CkAqA{CkDsDuD{GqGsGoGgEgE{A}AkAoAgBoBmB_C_AoAeC_D}A{B{A}BcCcE_ByCiCgFaAuBuAmD_BwD}AeEM[cAwCsBgG{B{GsGaSiEuMwEeNu@aCu@}BqCsJaCeJyB}IqB{IOq@{BcLeCmMc@wB_@gB_@qBc@}BsAaHsAcIkBmLw@aGq@yFi@_Fy@}Jc@gGGs@]}G]_JKsDQkICeBY}UQ}JCqAKkEScG[wG_@gGc@mGc@cFu@sHq@aGeA{H_AaGcAcGaBeIYmAaBuHmB{GMa@aBwFyAmFwAgEsAuDqAiDgCeGw@aBoDqHsCyF_CkFyCwG_DwGw@cBoCgGqByEeCcGwAqDgBmFkIoU_AkCuAsDcRki@mCqHoBwFe@qAkI_VeIaUeCkHYu@kCgI_AeDmByGsAeFMi@gByH}AsHaAkF]iB]sBqAaIa@kCmBsLgBgLeJol@cBiKaD}PgC{KuEqRk@qBkCyJgCsI}A}EeAwDwDqK_CgG_CuFiCcGiDmHmEwIuB_EuAkCgIoOiIuO}IuPoEmIwBoEiDmHsDmIsEsLgB_F}BwGuBaH_BgFaAaD_CyIuCcLgJ_`@oEwQaOum@kFmT}BqJi[{pAkA_FgH{YcCgLeC{LaCqLeAwFwCsO}BqN_CkNiBwLwBoPw@}F_A{GuBsOqCoSaBuLiEy[qAwJuD_YU}AiAeIwAuKiDgW_AaHsCaTgBsM}AgLs@aFeAuGqAmH]mBc@}BwAmH{CiNgDeN{BoIcCiIoDcLs@uBm@eB_EyKiM}[i@sAyBwF{@uB}BgGkAyCuDqJmNc^yI}TwBuFgGyOyFgOgCgH}CmJ_DwKy@{CcFyR{CmNqCuNoIac@o@aDsHw_@w@}DmBsJ_@yBgF{W_C{LoAuFcAsEiAsEeC{J_AaDqA{EyBiHaCoHw@yByCqIuBuFqByEwD_JiEaJ{CeGgDiGwC_Fk@_AuIoNuGsKkLeRqEuHuC_F[g@}BsD}GaLaIkM}HqMyE}HiAmBuGuKwHkMyM}V}EwJ{ByEwMcYwM{XqEmJgHeOq@uAiEkJwAyCwEwJoIyQ{@mBuFuLsE_KiA_Co@sAsJiSq@yAyD{HuKmUgUef@yBwEyUeg@cOm[eSkb@gRa_@cXqg@mMsVk[}l@oKkSoA{BsEaJeCsE_G}Kc@}@{E{JeHcOs@_BuA{CyGmOsWem@eCoFae@_fAy_@m|@yKyVeEqJmAsCmIiRwDyIiGiNiH}NwIwOyEmHcDwEsGyIiKcMiLoLoLeK}HuFiTmNeSiMur@ad@sZuRiFkDyCkB}EaDgEsCmLoIg@_@kEmDmA}@{@o@uHmGmLkK{X_YaUuUeo@so@{`@ma@_HcHmAsAcB_BeFgF}GcHiGkG{GeHeMcNoL{NqJuMcIwLkDwFeCmE}CqFgH_NqLmV_F}JgCiF}IsQmIkQ{BaFi@eAQ]yE{J{CcGmByD]w@wCaGwBkEYk@yDaIiB}DwC{Ge@cA{DiJeCwGa@gA}CaJ_C{HuBiHuGcWsA{Fq@yCkBqIAMq@eDoA{G_AqFoM}v@wCiQoCgPkE}WmGu`@uByMsG}c@_Guc@yAwLcCoSyAsMaBsNyBkSOmAQeB]qD_Ds\\\\cGcq@QmBqAoOSoByBeVuB}U}BqWmCeZ]iE]aFg@iJm@{N_@}JYkKQeJKgJEaGC{H?mHBcHLkNL{GRqIDkCN_Fl@{N`AiRrAoQhAyMfAgKzPcxALiAz@gHlBcP^aDjAwK\\\\_Eb@yFb@qG`@wI^}JJgEPmJDoGA_NS_OMkGOwDc@wIo@qKq@iJWaCIq@_@gDcAoIk@mEu@gGoAkJcA_IqCsSkDaW}Lq~@kBsMaEqZUiBS}AGc@}@wGu@iF?EQoAIg@SuAOmAyA}KG]sBgOe@iDuMeaAmFy`@wBcPqCwS_A}GQoAYyBmBiNkBoN}Jyt@a@mCqF_`@qCaTuB}NcAuGc@mCi@kC}@kEeAgEm@wB_A_DeAyCiD}IkDcJsF{NsCoHEK_BgE{A}D}]i_AmNa_@gRcg@uE_MkDcJkReg@eCuGgNq^_Sch@wQue@sIyTyD_KeH{QeCmG_AyB}@mBaAeBmBwCuBiCgCuBmDiCiHwCKEwGyBcCq@qCu@mPcFcCs@gCw@oF_BkAYsLuDyNoEqF{AiIiCw@UeEqAOEuWcIiBk@WIUGuUkHqDgAeCaAsEmCw[eSwD_C{i@c]uJeGSMiDwBeF_DoOoJeMcIm@_@e@WoDwByFoDuQeL}GyEcDkC}BwBi@k@aAcAy@gAkAyA_CaDyA{BoCyEkBsD}@qBiAiCq@iBw@oBiBsFaBqFg@cBkBiIs@oDw@_E_AeGw@aGq@wGc@gF]oFWcFUyGKsGIyKA{@C{Ec@u`AKiYOw[MeXIuGMkGO_FWyGSsEYiFuAuPQaBQiB}@cIu@qFs@iFw@yEeBwJcA}EuA{FG[oHgZe@iBiCwJ}DsO_DaM}@oDm@iCe@qBkIc\\\\eGkVgEuPa@aBiBgH{B}IgEqPs@{CqBeIoCoKqB_IwGwWuFwTa@yAaCcIaBaFoAsD}@aCy@qBiAuCmAsCwAcD_FqJmEqH}@oAmFwHwHaJqFmFsFuEyF_EeEeCgB{@wBcAqNwFuH}C{Ai@aFmBkNmFa@OwEmBwCcBgBqAsBaBwB}BkAcB{@mAmBeD_AoBcA}Bi@yAcB}EkCqHiM}_@cBgF}@kCY}@uC{IiGcR{]oeAeAaDSm@cBiFoAqEEKo@eCmCiMu@mEgBeLkByLkCyP}QslAQcAi@sDa@gCs@{EgAqHiBeL}@_GiDyTqDeVoFm]_AoFmAqFcEuPyB_IqB{Gu@sBoCgH{AgDoBaEaD{FiDiFsAkBiA_BkJmMuAoBeAyAoCuDwb@{l@gCiD}IcMgA{A_GeIoAeB}@oAqIqLsG_JyXc`@{@kAkD_FaDqE{AoBsBqCeFcHiFiHsHeK{G}IeAyAyI{LGIcJ_MiDwE}CgEuAmBcAuAoCgDuG{IsGcJqA_Bo@}@_EuF_@i@q@y@a@i@aE_GSUKOKMS[{@mAGIQYOSMQsAgBc@o@}@mAm[yb@eGoIg@o@_@c@[g@KKm@u@gBaC_G}HsFqH_ByBwHeKc@m@sGiJo@}@q@aA[c@W]iE_GiDuE{MqQy@mAqDqFyA_CaDsFoBuDwAqCyA_DcA_CqC{GgAsCoAmDm@_BO_@wA{EoCaK_AwDaC{LkBoIEU{EsUWoAwAcH_ByIwAqHkCmMw@iEi@iCuBoKkEaTkByIcBuIo@oCOk@g@qBaA_E_A_DK_@{AqEwAqDeAgC}AwDo@wAaFwKkAmCiC_GgGcNs@{AeCsF_FuKIMeAaCKSsBwEsBqEcA{BsDgIaIqQ}HeQwBkEgBcDkAmBeBmCyAwBgBwBeAmAi@o@}@eAcBeBmAkA_CsB{EiEkD}C_DkCwBgBsC_DYYiGwHwAiByEiFm@qAQi@Me@EYE_@A]?_@@_@Fa@DWDSHUL[JQPSTQPKNEN?R@TJRTPXL`@Jb@Hp@F~@BbACzBMlBE|@UnEARGjAw@tSCv@q@jOw@`NyA|X[rFg@|Hg@dGa@rD}@lHm@~Di@~Ck@zCyAxG{@nD_ApDsApEo@nB{@~B}@bCcAdCy@zA}@hB_BfDgA`CsA`CaA|AeAjBwCnEaBxBqAdBkAvAiElEyAzAcAz@UT_ExCeErCiFtCgEhB_XhKwEhBcA`@}c@nQuB|@{B`AwCnAcKfEkFzBkFxBoJvDcBj@aD`AUFmBn@kDlAmJjDua@hP{PxGoHzCmJnDQFyCnA}DxAmHnCcE|A}EpAqDr@mFn@cBBoBBqBAgEQoCWsCa@gBa@gCk@uFwByIiD{DyAeFkBgDqAgHeCc@OsDqA}FsB}D}AcBs@aDqAaD{AoG_DsE}BkGeDqBqAiFkDwAaA}AcAu@i@yGwEkHwFqCwBuFwEgLsKsIcJgFaGeBsBkDcEaD_E_AoA[c@_DiEsHoKgBoCiBkCQYiBiCIKgCoDoAoB_B{B}@oAgEiGwH}KaCmDa@k@_GsIWa@cBcC_AmAcCeDqCyDGMyDsF_GwIqC{DiCwD_GuIq@_A}BeD{CeE{BcDqAmB}@oAk@aAq@kAkA{BeD_H{ByF_DwI{AeFuA{EqAoFgAmFm@_Di@_DMcAQgB}AiOg@}Fq@cJWaEQgEMqDIoDq@y]_Aun@KyEGwDc@iZG{DCqBWuOO{KUu\\\\CoCCqBE}IQyLCkCWgOMqHWcQa@{VOmJG}DEiBFyA@e@Bm@B_@De@HoAB]@a@?]E[C[Gy@IeAEmAA{@CsCCyA?m@Bk@Fq@Fq@`@cCh@aD@MBU@c@Aq@m@Dk@DyBP}@JkC`@mA`@cBt@iFdCkAb@e@Ly@Pw@HmAFyA?a@E{AKYCYCWCkBQaAEo@Cm@@u@Fq@Lo@Ro@Vi@\\\\k@d@gCjCmA~AoAbBqBfCaA~@o@f@YLOH]Tu@b@e@TWL{@^aAZG@m@N_BTA@UBqBFIAoAAaAG}@KmBc@iA_@YOq@Yu@_@o@a@c@[iA}@oAgA}BwBwDcDiDeDy@m@y@k@eBgAkAk@i@Y{Ao@aAYaA[aAQiAQu@Ku@KaAMw@Em@Cm@Au@?m@@o@@o@Ds@D_AJeAN{@NqA\\\\kA\\\\aF|AqDfAe@FsAR}@LsAHmADkA@uAEkAIgAMu@I{@QgAWy@SaBm@wAq@sAq@eAq@mA{@s@m@y@w@_Ay@kDqDQQOOiDkDoJ}JiDsDeDqDaDgDwG{GcCiCqDwD{AaBmHuHcLqLaDsDkHeKoAmBqAoBaAoAmBaCkBmBeBsA{AcAmCqAsC_AwB_@iDW_DIc@Bm@@_@@y@B}@DeDEcAAe@Cw@CkBQuCKaBQuCe@_BW}Bg@aKeBiAUoCg@oEkA_@O]Kc@Oc@O_@Qg@WOGKEoAa@wD}AyDiAsBc@wBYwHi@oAQqA[yAe@gBy@uAo@aAaAY][g@Wq@c@uAk@yBSg@]u@gC_F{@{B[kAO_AIs@EaA?w@Bo@HgCt@_Hz@kGvBaOrBgO`AcHrC_UzCkTlCsUz@qJv@sK`@kHb@mI^kI`@uLVmJL}HFcIB_KEcKGeFSuP]uZQeOm@q`@]sOs@gPgAkOcBeO}Em^{B}O}BsPkCuRo@wEq@gFsAaMy@sJc@uF_@iHUeFOoFi@m[c@yQi@gRm@cSu@aQw@}P]oKO{FGmCC{AE_DAeBAuC?i@BeB_@cDEe@GaACwA?sB?k@FoW@oE@_B@yA@eEDyJ?oB@WBgNXeBJYPWTUXOVEVDTNRVNTNf@Hh@@j@?n@E^Id@O^OVQP]LW?k@AQIgCqAoAq@{BuA}CiBoBsA{EuDqCyBcE}DaA}@wC{CiEiF}DcFaCaD{A_CyA_CqAaCoCcF_DgGiCsFoAwCw@iB{B_G{Rui@mG_Q_Pcc@mAiDsOmb@}Yix@}FgPk_@ceA}AwEa@oAmDeLaAaDcDgLaCmI_@yA_HiWm@{BYgAgAaEcEsOyBkHuBoGiEkLkEeKsCiGg@_AyBgEcCqEmCmEeG{IsGcIwDmEkDiDuFuEiAeAmI{F}CsBuBgAcCcAwD}AaG{BuLmDcCo@{I_BqGc@{Fa@iJe@}Kk@oDQyUmAaKi@qCMu@EwDQa@C{CMeBI{ZwA_UcAqIa@uKg@{@CmAIgJc@_Ia@kBIc@EgEa@oGoAgDy@wBi@aBg@yCkA}@]iJyEQKoGeDkB_A{OiIyDqBWMaAe@eCsAuBgA{Aq@{DwAgBi@o@S}Bc@{GqA_Ec@yDUqAGkCEwBBM?oD^}ARoBXkBXmBZq@HsC`@{E|@mC\\\\{Cj@iCf@_C`@{H|Aa@JqHfAcGhA_GjAgEf@kCTmBFwBHuBHkBCkF[wBWmJkA{XmEiCi@qCq@}Ai@cA[wAk@aCkAyA}@{@i@yAaA_Au@oByAwDoCwCeCkBuAmBoAaE{C[W_FyD{DuDgD}Ce@e@uCwC}G}FwEmE}@u@w@o@aFuDaDqB_EgBwFsBw@QmMcCgF{@}@OSCw\\\\yFiAWgEeAsBi@SIa@QmAi@oCiBs@k@cEgDgBsAmGiFkDqCsCmBoAs@i@[}@g@q@_@y@a@gE_Bu@UoDeAyC{@oCw@gE}Ac@S{Au@eAq@kAcAk@i@uAsAyBwBcAiByGsKeA_BoA}Aw@y@qJeIyEsBiAk@sAk@uCy@aDy@sGqA{KkBgBa@sGgBo@QoC}@cQyEuOcF}DuB}B}AcEkDmKgJoC{Bm@]}A}@a@OuAg@eBs@mCs@y@OmB]_J]mIS{CSoASwAYmAc@g@W_@QaBs@uBaAaAe@]Ya@Yi@g@}O_PyFqGmAiAuBiB{@y@{AkAMIaE}ByBsAqBgAuAs@{CeBmC{AWOyCqAiA_@kA]}ASw@CwBOiAGYCsDSaJq@s@GwE]iNy@o@EkRkAkYoAmJPcJPcGHmMLgDBmD?sDD_EDsBE_JEw@@}CDcDDkA?cGFgA?aB?kAAyGEuFEgGAyBCeE_@sHuAqImB_JmByFqAsAY_AU{@Q{Cs@]IqCg@oCi@kCo@cBWcC]SAoBKyDGeFCaDKiE]uCs@mAg@iCoAoCqBiE}DwDiDuByAoAu@eBy@mAi@}Ae@kAUwAUcBIoFJkRx@wCNiI^}EPgFN}@BuDXkCLiCL{DR{CZ{BX}Bb@uBj@mBl@aBh@mBv@iD|AsDxBiBzAqCtBq^t]wCzBqAn@iB`AoBl@kBd@WD}@RkAV]F}Dp@mEt@}@Ng@J}Bb@_GdA_CPyBFmBGoFi@kA[kAWaA[cAa@wAq@}BsAoBwAeBaBuBsBeCoCcFkFcJ}JoLiMyMuNcGqGeDuD{CeDe@i@eFoF}DiEmCuCeJ}JsJkKkEyEaA}@aA{@cBmA}A{@cB{@kBq@_Bc@iC]mBUiBOeC?wBPg@H_BV_Dz@aC~@uBx@qAh@_@PoB|@yB|@eA^aC`A}F~BuEpBiDvAgGdDwBdAqAh@]N_Bn@iAb@mGhCkP|Gm@VqFxBuL`FaKfEoLrE}CtAcGfD_EhCiAbAkC|BgA~@yCpCaA`AuBdCoA`BsAjBgExGwCbFmBrDiBvD{ChHeAdCuEvKiGtNwUfj@MXEJ{D|I_BfDcCpEcDxEkDnEmBlBkB~AaCfBaCvAc@XsAn@iAj@k@TqAd@y@T_ARqBX{BVqCPgCBmA@kBAeCYcCa@gB]iBg@{@]g@U{C_BcFsCaN{HeT{LeKyFKIuBmAgAm@y@a@WOME[KwA_@MEk@MyDy@WGm@MeFkAQEGAiAUsK}BoEcAcB[iAUkAUmAS{@GmA@_@@cBHa@@gDHW@Y@c@BuBHiCL]@qADyADoAFiDLuHXuV~@]@q^rAmBCcAO{@SgSeGmIcC_I{Bw@Y}@U_Be@oBi@qBi@eTuGaJqCcFyAyGmBq@U}Bu@cCuAmEkCcB{@kAa@YK[KmAc@aZkJ}UsHyHcCm@SaKaDmGqB}Bu@cDaAyS_HQGkIaCeMcEoBm@}E_BkA_@gH}BOGsGkBqGwBu@WkD_AyAi@w@Sk@UwDwAq@UYKcCw@uKeDyBu@iBk@cCu@}IuC{C_AwCcAo@SeGkByYmJqLwDuBo@eBi@qGwBq\\\\sKyNqE}J_Ds@UoAs@iA}@}BqB{@w@uCgCcSiQyJkIsBgBeVsTyAoAwEeEa@]_@]kAeAqBkBaCwB_Ay@SS{BkBiB_By@u@yZcX{DiD}EiEc@_@_CqByE_E_PmNgGmF_FiEyBsBsBaC}EaG}@sAgA{AaA}A[i@{AcCqCyFoCwGqAmD}@eC_HoSwDaLqCmIuCyImEmLeBqDyAcDcBuC_DkFmGwIeDcEiCiDyMqQqDiF[a@gCeDgDqEwEmGuGqIwLgP_DgEoCsDm@y@i@s@wEmGeDoEa@m@uEkGuC{D]e@}@iAsD_F_BwB]e@eHkJ{`@ki@wCcEuOwTsKkNqHiKaByBuFqH[_@kDkE{AsBgEcGc@m@yEqGgAyAwDeFkBcC_HmJ}HaKuH_K]c@uOuS}k@{w@oFmHee@yn@eGqIsAoBsAuBk@eA}BaEm@cAqK{P}@{AsG_LgJaP_DiFeCeEu@oA_@m@gIiNw@sAuBqDeAkBe@y@c@s@qCwE_Xad@sAyBkCwEeCiE]k@m@cAe@w@Uc@wAaCCGmAqBoBcDMSeByCkAoBq@kAmCyEcDuF]k@iCmEK_@GYEY@QAQCWGSKMMGMAKDSGQKWWgBwCKQwN_V{@{AuBsEe@eAcEoLeFkNoBmFyGmRg@wA_EcL}DeLO_@_DcJ_EwKiAeDaBsE_CmGe@sAeA{CoGoPeGyPyD_LgH{SsEaMoBuFsKg[eAuCYy@eCkHaIsT_@eAwEyM{AiEkF{NYy@IUkAgDwGiRqMu^wA_EmBuFm@cBwA}DCKc@kA{JsXmAaEc@gB_@oB_@kCYeCKeA_Fmi@wCg\\\\{Eai@i@kGSoBcCmWmDia@uA}OI}@SsBa@qFOcDC_B?oADsDJqG^w_@p@cXZ{RTwNd@i[XuP@_@TwFJmEHkDXgQBoE@eCHoFAyBH_Fl@ea@f@w\\\\PgMfByqAl@wa@h@_`@b@o\\\\XoQVkSd@mZL{J?}BGiDMiDScDUkEk@{JKqBkCsd@uBsa@k@kKUoGKyGZkd@HcT@aB?{@@oAFsNHoPPcLZok@BoFLoX^{p@JsTL}ZRq^P_d@Rsi@?aBVyr@T_k@DiHPkWH_S@mAn@g~ANg[p@oyAPs_@Hs[TuLl@mTnB}s@rAkg@FyB`@_Of@oP~B{z@`Ci~@d@kM^yM^_O`@aQDuAb@kN|@qZf@}Od@oPh@sR`@mMb@}OJqF@cC?iCGyGMqDU_Fc@yFc@aEWoCkAqKkC_VsAmLQ}AAMaBsNa@_EWiCoCgWcE}^o@sF{BwSUoBcCoT}Fwh@MsAsCmWKiAcEm^o@{FE_@_DqY_Es^wJo}@ePazA_@gDy@sH_Eg_@aE{XqCsOGa@_DgNsGkV_Nef@]qA_@qAi@kBwHsWkF}NoHiO}EmHQW{CuDaHqHib@ac@gWwWeVyVWWkBoBcDiDgOuOq@q@}FkGcD}CuDsDoBgB}FcFWWcC}BwAoAg@c@i@i@c@a@iIuH{BuB{G{E_CuAuBeAw@_@yUyGiCw@mF_BuF_BkGeBuS_GmA]uIcCkA[iBi@eCu@oEmAoEoA_NuD_F}AkCqA_Bu@wAcAuCaCIIyBcCkCgDo@gAsBmDk@iAmDcHoFoKoVcf@wAuCqSia@oCmFm@kAe@}@kDyGwCeG_B_DyKiTmPc\\\\_E}H{@cB}A}C_FwJa@w@IOwBcEO[eAuBuDoHWg@iCkFwFqKoEwImBcEcAoBgHcN_DuGy@aBiBkDu@}Ae@}@{CiGeEoI{@eBiA}BmBmCkBiBuBiB{FiEaCkBwBcBsEgD_As@g@]iAm@q@[_AWoB[UAy@GkBAg@@g@Bo@B_BLSBw@AWF{@Nu@VqBz@}BbAsCnA{CvAgC|A}FfC_@Pm@T[N}BbAoJdEsAd@kAb@sAVcAH}AC{F]e@G_LwA}Ek@aYuC_CWy@K_AIc@CIAkI{@gBUmA]a@S]Sm@a@MQQGSBQNe@Ne@Ru@H{NgBWCw@GgCWgQgByDa@}@KeCWqD]ap@cH}Fm@qf@oFcGo@cNuA_AKqMuAkV{BgBQ{Ec@aUaCsMsAyFm@er@kHqAOe@CoAKiBO{HIcFHuEXyEh@mDf@a@FWDaFbAaDdAiGpBkYxJe@PwQdGeGrByMnEuJbDkDv@yDh@}CZs@HyABsBEwDKuGYgBImAIgAE{FWy@CgIo@cGw@s@K_IcA]Ek@KsNaCeNkD{L}C{u@mRki@aNeAWiIkBcDu@{Cg@k\\\\iDsN}Asc@}EeNyAyC]_RmB{T}Bq@IqJcAwAMcUwAqPgAcPoAaNgAoUaBmQoAgCQaIe@{Jo@}Jo@_N{@cAIeAIyE]yXqBkVcBia@sCuTaBqHk@iM}@gCI{H@wIf@mOfAuDX{NhA}@FwGd@mEZsGb@kGd@mRhAiCJgD?mDOcDGq@A_FUYAu@GaKc@mLg@cI]aDKK?cI[e@A_@AcEO}J[eOe@wIW}J[sGS]Ac[}@iFSuGQgAGoDOkBG{NM}Gb@iEv@iEv@g@LiDbA{Bt@ePzF{HnCmD|@{AZu@HsGr@mFD{FGqo@sAkQYsa@s@cBGoWs@w@Cs@Ai@AcBCa@?kAAi@?qDKcM[iGKsGE}LYeCE_LQwGOkIOcJOsKU_EOsCYkC]{EaAqTcEyUqEk@KuH}Aeg@mJkNaCgNaCUGs@OyPcDyCk@uMeCePcDuPyCcBQiFe@kFQqAE{Sg@_AE_@?oUq@eDWuD_@sCg@eASkD}@eDqAg@Ug@QqQyGkGiC}B{@cBm@eNaF}IwCqA_@[KMCwBo@gCi@mE}@uH_BKAYGsQoDaLwB{E_AsDu@yGwAuJmB_GeAeFeAqEaA[GKCw@QYIQCsE_AeCm@kBe@uAUw@I{AGq@?Q?k@@wAHyATaCj@o@Rw@RsA^yCv@q@PcBb@]J{Cn@sFvAqIvBmCv@uBp@cDvAkBbAyAr@{@ZiAVgALoABiCQ}A]cBs@sDwBiHcEu@a@s@e@iAs@a@Wo@a@eJsF_CwAoEmCuEqCcGoDuHuEaF{CkAq@gJsF}MiIMIaM}HyJuF{@i@uOkJmLeHgIaFmAu@gKiGaCwA_@UUMaf@{YcSoLyEoCw@c@eB_AyDiB]O}HuCiCk@wCo@mHyA{NqCcFeA_LwB}@QkFgAa@IwBa@oDq@qJiBUGo@M}@Qe@IcASoI_B{@OkCc@uB_@sIaB{GoAwFeA_Ca@_DW{CIY?{AAsEJeE`@gAPk@JwBb@WHk@L]JYJ[HoA`@wJdDqNvFgBl@g@PaBl@qRfHaFfB_FtBuAp@oAr@uCjBqCxBaZ|XyThSeEbEyVzUsBfBiB~A_GxE_D|ByAfA{GjEm`@~V}FpDoD|BsIjFe@\\\\oA|@y@h@mJfGeHtEyDhCoBtAwA`AoCjBgEfC}AfAeAl@yWzPgJbGuDbCgN~IkBjAeGbEiAr@wClBgC~AsE`Du@f@{@l@o@b@yCxBqFrD_AJQYa@K[HQ\\\\Id@CZ?`@_@fAuDlCuB|AkGtEeGpEkE`DcGlEoA~@qU~PmDpCk@f@w@r@s@l@[ZgDvC?@eB~Ag@d@uApAQNo@f@m@f@yBhBoC|BKHi@NO?KAUEUEYIOKUCY@OHIJEFOXI`@Ed@Ad@@b@F^JZNXNPPJTRJLLXVx@d@pCBTFh@BNJr@BRRvAf@nDbAnHTxB^xBXvA|AbGHZf@jBNh@n@|BLb@XbAnAnElA|EzAvGbElTj@nCmItHgPbOsHtHkInHuFrF{AzAq@|@w@tAm@rAq@pBu@dC{@~Ci@~Ci@dEuDlYo@jEs@fD_AfDwAdDeAfBoBhCyFrEuL|IwEfDg[pTgLhIyHvFaChBcMxIqA`AaBjAuF|Ds@hAYb@oBnDkCtFi@lAiKzTqArC_@v@a@x@gCtFABMTA@{CpGqCbGUd@GLOZmBdEgEhJMTCDqGhNqCxFcGzL_@l@kD`EwBlCWZGFyCpDc@b@uAv@KBG?EAMAMGIQQOSASHKLIREVAVIz@OZeAtA_FnGoCnDqCnE{B~DoCzEm@jAeAlBeAzBcC`FqHpNeF`KYf@k@h@[V_@JqJxAe@BUU}@aAuB_CKO}BgCiHuH_AeAKMYWKd@VZlAlADL\"', '2025-12-16 09:54:00'),
(11, 986, 975, 41.72, 43, '\"{qg}HqxyzCLKg@uBGYm@d@i@b@IFKHCGCEECE?GBAIEUqAaGOo@Ia@oAwFCOm@mCgA}ESaAq@_DI]S_AYkAg@}B_AiEY{A[kAqBcJMi@y@yDKm@WaBcBmNIo@Is@oAcJq@sFw@yFGe@o@yEc@yCQ{AiBkMyEq^]uCQwBMuBMoEi@uRGg@CKEIEGIK[SUGBu@@a@RuH@oA@qC@{CHmUNei@Lse@BcKHgd@DmJ@uCB{JDgK@{DBkF^w~@AiGEcHEeBEoBM_EIcBKeBKeBMgBQ_Ca@qFc@uFKgA[eEc@{G]gGe@oK]sJMwEIyCOkJOaMEsFAaGD_j@@gFLkrA?yD?eBFak@Fsm@@wF@}u@?gJ?oD?eCAeC?uA?a@CaIWqe@GkJIcMGaLAqA?a@Sia@k@ev@[ub@_@wl@E_HGgIAeBAqA?qBA_@?aAAkDQaS]uj@GwJKyP?aGJsIR_JxD{pAbAi^v@cXz@_Z`Aa[d@_ODu@LyEPwG|Aqh@vA{d@t@kWb@uMHaDv@kWJqD`@aNh@}PbBcl@@a@TsHf@_Qd@uPvAie@r@iXToHLeDbAg`@~Akl@ReH`Bym@p@mXb@gPHiCx@uYHuB^yMBs@DcBF{ALyDLeDBgBDsAFkEDwCBkA@cB@qCB{C?kDAeCCwBQyIQoJImCMwCUmEi@gIm@aIc@qEQaBQcBs@oFwA_KkByL{BgNEUuA_JZ]TWj@o@rCeDhH}H~BaCtD}DfAqAtBiClAsA`JqJlWgYdBmBbBkBbDkDl@u@P[P[FoA@mAo@mCI_@c@uBOy@WqASmAGe@C]@[De@N]^o@b@y@L]Pa@Ts@bAsCHUDMtBiGt@uBv@_CX_ADWR{@FWDWHa@TgAn@yDh@}DPuAt@cGtCuVxAmM@GhD}YHu@Lg@N]d@q@`@]XYf@m@Xi@Nk@Ju@BmAFmCHw@r@cD^gBfBsI|DeQh@}A`@s@`DaFnD}GfAkBz@{AnB_DxEoIbAgBr@qArCcFrDkHrDkHDITc@h@cAZq@p@sAv@{Ah@gAHQZm@v@{A@EBEfAyBP]^u@BEdAuBf@eAHOhB_ErEyI~@gBR_@Ve@UoCAOC]_@uESiCo@cIuAyQKsA[}DW}CAUAIQmDAQEeC?kCF_ETwGNoCDkAD}AAgDGwDKyIGeDK}E?aAC{@EmAEy@Gs@Gw@KkAKmAQsBEe@QyAk@uF[_EEyBAqAAqABsDH}BDs@Fy@r@{H@O\\\\_EPcBT}B@KBYVsCBSh@uFR}BR{BbDy]Fa@PoBRqBBWDg@DYJu@@I@EJm@jA}F?AT}@@It@mD`BkH`@_BBI`@mBj@cCJe@lBuIDQNk@x@mDjA}FPwANqAT{C@URmDHkBFcAJwAHgABeAB]FkALkC@QL{BL{B^gGDaAJuBRsDFwAFcC@U?gA@eACsAAo@KaEE}AOcHE{@As@AGQcJOoFI_CE}AA]IsCMwHB{@?IFoEJgHDeDFgD?EBeBLeI@}@?GDiC@WBcBFk@BwADmDD_CCkABoADeB?W?KBkBFkEDcC@u@@m@B{ADcDDiBB{BB}A@gA?ODaC@_@BcCF_D?Y@k@@eADoB@eB@qB@g@@_@DcCDqC?]BuADwC@e@BgAHiE?UFkD?[Ds@[Sg@_@s@o@QOk@c@]i@]sAk@qCQy@gAcGW{AOw@G[EYc@Va@RKFEBsAn@_Bh@KB\"', '2025-12-16 10:18:34');
INSERT INTO `calculated_routes` (`id`, `from_office_id`, `to_office_id`, `distance_km`, `duration_min`, `route_data`, `created_at`) VALUES
(12, 826, 1001, 355.32, 327, '\"uwa}Hugi~CMDYFw@Ns@NOD[JSFSFYNKDe@Xy@h@a@TWNWLUJoAb@YDUDeAP_BXaALw@JcBZgARs@LaATkAZ}@Pw@N[FaALOBi@JUD_APkCb@a@DE@oARkDj@]T}B`@_BVaBZgAPq@Ls@NsFv@KBs@HiAPc@Fe@Dm@JQBc@HeAPgAPq@L{@NkAR[Fo@JWFoDl@c@FQDeDj@]DUDa@F}@LQEIGIEWSEEEEECECE?EAE?E@GBEBEDEFCFEHAHGPITS^E?o@LWDyAV{Ex@uAVkARmAPwAV_ALWFa@HUBqCb@o@J_APu@L_BZaEt@_Dj@K@oCd@]Fg@Hq@NmBZwATmAPE?i@Js@L_GdAwAVqATmARc@FSDUDkAP_Fv@i@HWFa@DUD]DcANsC`@qAPgAN]FmANaALKBgANi@HmC\\\\YDOBi@Fk@Hi@FmAPI@[DuBX}Ft@{@L]DiANeH~@{ARSD]DOBk@HeD`@{APi@FOBWB]FkBRmHbAgBTqC^aALeBRWD}ATSB]DkDd@o@HWDeAN_ALcGt@[D_ANUB_Gx@i@FaAL}@Lw@Lo@Xc@Ve@`@sAfAuArAkBfB_LlKgBbBaBp@k@Pm@Lk@Bo@?m@K_@Kc@Sq@c@u@q@m@s@gC}CoAkBaAgBcAiB}@cCwAqF_AaFcCgM}BuLuAaH_BsGiC_JyCiIuDqIyA}C}@aBy@uAy@iAa@m@_@g@qDuE}@iAeAiAiGqGeMsLaF}EuEsEyIqImd@kc@gH}GQSMK}A{A}JoJ}E{EwNmNm@k@aA_Ao@o@k@g@oDkDq@q@_MuLaG}FgCiCsB_CeCcD_B_C{AcCsAcCmAaCoAqCaBsDcBiEqBiG_B_GkA{Ew@qDq@iDo@eD[yBaA}HeCwT_C_T_CyRsCiWcAkJQ{AyFyg@s@iG{@wHc@{Dg@cEMmAa@mD_CyScDsYcEe`@QaBoOitAkHqo@iFme@cAkJ{CqWyHgr@eAkJoDg[iBiPuDw\\\\eAiJaLecAcBeOGi@u@sGg@kEg@iEgC{TI}@MgACW_CkTsHkr@mFoe@gCgUyKubA{@{HkM}kA{Da^}AyNmAqKeAcJaB_OMgAkCeVgG}j@iBkQSkBmDi]{Gqp@[{CCOaBgPqKudAMuA_Eq`@i@iFSsBm@aG_A_JWiCq@qGiAsKaAgJwA_Ni@{Dq@}DeBcJ_BeH_AqDaA_DoBwFq@kB_@_A}AwDgAgCmA_CaDkFoDcGsRq\\\\kKsQkBaDwGaLgP}Xo@gAeD_GaAgBy@eBcByD}@eCg@oA_AsCkAwDmB}GiAgFsA_HgA}GQkAOcAUkB_@yCs@uHe@sH{AcUu@}MuBo\\\\_D_g@sAeTyAiUQuCiDoj@uAsRyAqRGcAQoBKoAoAuOsAsPcAoMyDye@k@gHqBsVOcBIgAsFur@OuBi@aHg@sGScCc@yFeGav@kCo]sCc^aCiZiFop@aEkg@{Ck`@oGyu@wKmqAmF}n@[gFMiCMiCOgEGgCGsCCoDAcC@mFFoIVmR\\\\}XVmSDaEPoMlAs`AFwDDsD?OHiF@iBLsIJcJT}QLsKPkNNsHBsABeAH}D`@{Kf@uJj@}Jd@yFxDub@`@iEnDa`@T}BhFsk@v@mIvE}g@rAgMtBqRPyApNipAp@{FxHor@jEi`@XaCxEqb@vH}q@n@yFNqAz@}HbFcd@xDi]dAkJtLmfAxBaSfJky@bAeJ|E_c@|H}r@rO_vAdEi_@h@sEfHqo@nJc{@dDiZvEcb@f@eFpCgVJcAfAwJf@iENuAbAeJRiB`Ew^p@iFpAiM|@_LZuEj@{LReGPkGXcLhAqb@XeKjBms@PaHN}Fj@yStCigA@k@b@iOJmErBew@n@oVZsMD_BRsLFoIBmC@kM?}@EwJM_LYkRGgDa@mVa@sXIqFK}GEcBAc@MuFIkDCg@WgHi@oJu@_NQwDw@qNqA}Uk@cKa@cHQgDm@}KAICi@SuDQeFG_EEkEE}DAaAC{AD}EBoBBmC@c@RuFTgFb@oHhCud@p@kLr@qLh@oIb@sFFw@r@oIbAkKnA_LrBoOzBeO|@mFbGe^bBaKdG}^rAiIhGs_@hAaHpAgHxBgL|DmSxEiVbNos@r@qD\\\\kBTeArAgHfPuz@dMwo@xB{KdEqT~BcMnAkGx@kEvEmV|DaSbB_J^mBhBuKnAyIdBsOl@uHf@}GF{@\\\\uGRsFXyKFuCHkCRaId@gWHcEhAwh@zByhAxAyu@fB_u@tC_vADiBJwEDuANoHDwAhAmj@FcCJcEDwBRoKViLPsH\\\\sNxA_p@PqHBeAjA}g@dAue@RcIFgCXoLVgLB{@Bm@TcJJsEFeBDkABk@ToFHsA^uF`@kFZmE~A_UdGoz@b@aGd@gHfDme@jB}WHcA\\\\_F|AwT`AoM~@gM|AiVLyDN{FD}A@o@@o@BaABeJ@yBEcFAkBKkFC_Bg@gOm@cP[uJKcC{@iU}@qWCg@K}CE}@QgFEaAUwGE_BUsFCaAE}@OkEyDwfAe@qMs@eSoDmbAI_CoEgnAWsHcCgs@{A{a@G{AC]}Bsp@}Awc@GeBASo@kQiCwt@k@gQKmCCyAcAsVsBam@e@}M{A{c@qBcj@UiH]aLImL?kC@yGBmG@iCBkBJiDPyFJyDLuGBg@XkKXgLv@k[RaIx@o[jAkd@Bw@zAml@N{F~@i_@tAkh@FiCD}ADeBHmDJ}DJiEJeEJyD`@cO@S@[DeBDsA`@cMhAHBRDF`ADB{@SAMAc@CGNAPiAIa@bMErAEdBAZARa@bOKxDKdEKhEUfA]|@]f@a@`@e@Pm@NyAOm@Ma@WQQm@q@Sa@I]EWGg@yAp@yE|BuDdB}Ah@eBf@}Cz@m@L_B\\\\{C^aBJeBJeBDgIDyAGuJQmACiFIoBAwP[a\\\\c@eIQiGMo@AmQ[m@CsEImRa@gLU}@A_Pc@wCGwEa@iKqAkDc@yNeBeAOcLsAqDc@mM{Ay]oEs@K{Gy@mIeAoBUsNiB{@Iae@}FeQwBaKqAuHy@mOmBmf@kG}KuA_BSuBWsJkAiVyCyOqBiBUqIcAiH{@aGu@aD]kFm@k@IQCiDc@iC[SCSCaFq@iAMgIkAib@kFs^qEmQyBgEg@kKqA}@Mwf@iGoBW}HaAoG{@ib@eFkEk@cPoBeAMsBWsXkDyt@eJqAOuG{@iGm@mIg@}Ik@aAGiH_@eEUev@eE{F[gTkAqUsA}CQc\\\\kBaZuAi_@qBwVyAyQgAyc@cCkEQo\\\\iBiSkAWAg[}Ag@EeEWeBI_P_AqMq@iX{AkH]c@Cm@AkB?_GBw@?}m@`Ag^d@gX`@on@x@_GDmLNcKNeJNiR\\\\oX\\\\}BB}Yd@eOJuGLqOZwHHaFFoWd@{DDiDD_@@cFFyFFaA?gABoFHcCDcDFgFHWAq@@oFJ_RRwCFac@l@qOTiFHwh@v@iB@yCD{HHcJN_GJy@@gBBeDFO?uOXiGF}ABoBAeQ\\\\iQFwC@iD?mDQuEOeFSuDMqFUsFScHUsCKys@_CSAY?uCCoCFoH\\\\oD^qDj@yw@`MqTbDe@H_RpCq\\\\hFyFx@cBVyDj@mC^m@HoOlCaWzDep@~J{ItAiAPcG~@]Dqe@lHoNxBiEp@gb@tG_O|BsCb@mCb@gIpA]F}HlAgG~@{HjAaInAkBZy@LeFx@sFz@cNvBG@aHdAcBX{QpC_UjDoJzAib@tG_D`@kEv@oDh@_ALsUvDaFt@K@qRzCgDh@qATu@J}MtBqARiBVmDl@aANsBZaBVaANaAJ{@D_ABw@BmB@mAAq@AoDAWAu@?gDCoDAq@AqAAoAAwBA_BAM?}DU}B_@kASkBe@wEuA}CiAs@WgD{AcCsAgBeAe@WsCmB}ByAmByA]WwE_EmEmE}QyPkW_Vu@s@eFuEmAiAUQo@m@TiAHmAEkP?s@Au@@cB@y@@]Do@Be@|Ae\\\\ZsFTsDDa@D]BYN_AJm@Po@Li@Tq@J]N_@N_@P_@P]R[Zc@j@s@rA}AVUvEiFnDgEhAqA|AgB~BkC~BmC~LeNxCiDzAmB|TyX`BuBfDiE|EcGRa@Tu@tAqJ`AcHXqAf@gB{LsWmEmJk@qAWs@U{@iF}ZYkBSkAQeAOkAGm@Em@Ek@Ek@As@?a@?c@@k@@k@FiA\\\\iI|Aka@@Kd@eLBu@Dw@j@uNb@aJTuEnDor@hDmy@vAo\\\\`@iKd@oMhBsa@`Dkw@jCon@VgGD}@HwAzBik@JaCT}EVkGhAwWpAo[@O~@yTv@wRH{BFsB?w@Cw@K}BcAmPi@aJu@gMIuAUqD_A{Oi@yIYqEQqDUuDI{@KkAUeCkBkRcDm\\\\iKqeAgAuKgCcWgAsKQkBCs@Cw@?}@BeBzAal@FyBnBwx@d@cSBc@RgI\\\\uMVqIj@cU\\\\cND}A?Sr@iYh@{Tn@{UDaBP{ChC{Z`@aFLyBDaA@{@HsDXcMtAun@p@u\\\\nCsoA?OjAmh@DgBFaCLoHRuHb@mR\\\\cQZyOL_GR_Jb@sSHkF@a@DkBHqAFgA|BeThBqQZcE^kFlBgZT}DHoBF{BFkCJsFHaFd@s]fAmu@j@mb@PsJNaM@]?e@As@Eo@Gs@Kw@Qs@oDkMg@kBeCuIiIkZgEqNsIwZ_@sA_AcDu@kC_AcDKa@_D}KeGgT}G_VqBeHo@oC]qBeBsLuAwJcCkPCQaAsGGm@YkBE_@Ik@QmA_@iCeB}LyD_XcC{PKu@u@gF}@oGM}@Ga@QoAc@yCWiBWcBa@wCWeBU}AOiAwAyJc@yCiBgMq@yEG]w@yFq@mEwCkS_QalAKq@mEwZOeAsAaJa@qCYwB_@{D_BoQsBkU[cDEi@Ec@KeAi@kGk@}GSsBGk@sC_[o@iH_@_EUcCGk@IcAE_@OaBa@cE[qDa@wEYsCeBmRWmCMkA_@aC[}AWq@}DmKsAkDwDsJyA}Du@iBq@qBe@wAQm@cEgP_Ik[uBkIgBaHoA}EsAkFiAmEc@sAWq@c@{@_AwA_BeC]m@c@_A]cAYaAYwAU}AM}AQwCM{BQwBOkAQaAaEmPMc@cC}Jc@cB[{AW_BYwBIcAGeACiA?qAHqELeI@iBAmAEkAEw@QiCUaCS_BKo@Sw@i@{AoAuD{C{IgIuUeGiQsDsKqKc[qDsKaAqCaAwCiAaDGQcBcFSi@C_@AWBe@FOBS?_@G]OSKGK?g@Sk@[]u@Yk@i@mAu@{As@yAMYQ]Ua@c@}@IKi@gAk@kAWe@We@U]SWg@o@IIc@g@i@e@k@a@g@Wg@YsCuAoBaAqCoAUIeD{AaDuA[MYMkBw@yAu@[MqAi@}Aq@p@iJBWSE}@OaBWKCwEy@}FeAsE}@gNcCiKkBSE[GyAY}Ba@wBa@wB_@mB]c@IoAUc@GiAUuB]_HgAKCkDm@q@Ms@KoB]Co@As@IcCU}GK_BU_CSaA]oAi@uAqF{KwBmEgDgG}D_JgAeCaBiD]w@Sk@[_AU{@WcAUkA]yBGg@MiAKyAGgCEcCIqEOcNGuDSqOEgGEoDCoAGkBCm@QsAc@kDkAaJw@_G[gC_@iCg@{Dg@{DsA{JeDoVcDuVeDmVUoAUqAMu@Os@a@gByDsNyDyNqJq^yAkFAIAC_@wAiBkHm@yCIi@kKkv@mJ}p@aBsLOeAeCsQwDuXkFm`@gPimAc@eDOwAKmAYmEMgBC_B?oCFcDPaHn@uQ|FymA`AgUn@aM^sHNeDTeFVoGz@wSb@qKfB}d@r@eRVoGJ}CJmDr@qTLiPDqH@wA?S@eLAeBm@aOqDi{@c@eKeEicAaH}}AmFie@cAwI{@kHg@kEa@eDIo@wAuL]mCm@mF}Ku`AaHyk@qVusB{Eka@{Dq\\\\QuAQ{AuFue@_^a{CMsDfP{bCnB{YpDmi@DyIOeKSaHiEk_Be@wOiC}hAqConAEcBqEkhB{A{m@EeBiD{sAkD{tAeGscCi@uTEqAk@wKaAgLyCy[u@aIUqCc@eFKeA_C_UcCsWuBqWeDks@oCcJ}Ts|@{HcZsQyeBkHku@aJk{@uJ{}@e@{EuQscBcIit@wGwn@qI_v@UkBiD_\\\\a@qDa@{DuH{r@wP{}AkFqg@[qEIiBEmB\\\\m_@Vq[nAgoAr@ss@D_EFoG`@_a@?E@{AFeGF{F\\\\}[?c@?wAA}@OcDEe@Ic@Qy@aC{I[gASq@cE{NSs@cBiGUw@Ss@o@sBeA{Cq@cBsAyCe@{@kEmGwBiDoBeD{@uA_@m@iDeGuG{K{OwXcEwJkJqTkIuQmJaUcmAclC_KcSyh@qlA{@cBaA_BeA}AwAyAyVeUc\\\\e[iAaA{R_RmBgBca@w_@gk@ci@gNuMqKyJoBgB}AsAwAy@_A[u@WqAWiH_AcBUmMeBam@}HkBa@{Aq@aCyAkTiNyHwF{CgCqBiEcBaFmEgS}Kwh@UcAiBwIgD{Oa@oBwAwGqLol@oJwa@eF}X[{AwBgK_AgDeAeDkC}HwFqPs@}B}G}RgFkOwEoMsLk\\\\qGwSgAkD}HyTaHgScJyW}b@woAsa@ulAyTcp@wh@q}AsE_NkBoFiKq[_M}^gLu\\\\oHmUkAoDgMy^ee@ovA}AqEq\\\\waAaVur@uGiSkI{VqH}T_JqXe@qAi@yA]eAe@}A_@}Ay@aEgEoZka@otCoLuz@mKmt@kRgsAcBsKQqAiAwI_ByJAMKKMAYJwDbI{D~H{@lAoAdAmF|CyOnHaMhF}@\\\\aC~@kGtBwIvCgHtBiIxBsEhAwAZyK`C_Ep@kAR_Fz@_Cf@}LrBkDp@oOtCqM`C_OpCc@HqJ|A_I`BwDb@sMxAwW|BsTpB{UnBsIv@yW~By@FaZnCkBPoFf@oo@~Fk_@dD{CXyMlAw]~CcAHkJx@mE`@cFb@_BNyGn@wCJ}ADw@A}DCeCKmCSwASoCg@oEmAyDwAcFiB}HyCOGyB}@_V}IgE{A}CgAiG{BcDuAqMkFuE{AqB_AuBoAoBwAoAgAqAiA{BkC}A}B_D{FiDeI}@wCwIkYkDgJgB}DoAsBqBkCmFgGwBsBIIqFcFg@o@m@m@qBuBu@{@aAaAa@_@gAeAiA{@y@_@g@Us@Oy@I}@?o@Fo@LUHk@Pq@`@a@^SRc@^YRWLUDUGOMUYg@sAiBoFsBcGy@}Au@wBgBkEcByDmEmJuB}E}DqL{CuLmAgG{@iFaC}NsFy\\\\iC}OeAqGm@kDyBuMc@kCyA_JiAcHeFy[kAmH_EeW{AkIo@uCo@mC}AsGkB}G_CcIuCmIwIoU{BaGkBuEkEsLcDoIa@eA{AeDy@gBc@cAu@yAe@kAmG_PaAsCo@gBk@mBiAkEaA_Eu@eDq@iDq@iEk@mD]kBUoAOgAQoAk@{F_@eEMuAoA{L}@eH_AyFaAaFkAgFaAeEcA_DwAyE}@}BuCiHgPe^aKuT}BeF_E{IyFsMkAoCoJaV}B}GcBsGcAyE{@aFa@kCKu@g@iE_AoKQ_EOiEIaEGuF?kD@gDFoDJaDX}Hf@kLVoGt@wOhEaaAbA}TlBac@l@sM\\\\yBJk@Po@Pc@Ra@`@m@`AwA\\\\c@Z_ANaADqA?_@Ca@Ge@K_@GYK_@MWM[u@cAwB{BqCiDaAqAOe@Ga@Hc@Bg@Gg@M_@QSUGU@SNOXWTe@HsACkBDyALyK|AyNtBgOvBsG|@_RxCeC`@}AReAPqQlC{AT_@Fc@Fg@HwB\\\\wG`AkMjBcB^o@T_@NcC|@yBx@YJiC`Aq@XqC`AoAb@}VhJwNlFyBv@{@ZcIpC_Bp@mAx@_Ax@cBxAeBvBiAhB_@j@sBhDkAhBcA~AeArAy@~@_@\\\\]Z}@t@g@^e@XaElBmEnBwDbB_B`AiBdAgChBo@`@a@XyB`BgEbDUPqAz@{AhAiAz@uI~GWT_E`DeEdDuBdBkBdBgFpFyHpIuG|GaBzAyBjB}D|CoJnHqFdE{EzCsFjD{IlF_B|@y@\\\\y@V{IhBe@HyFdAcBPeA@oAEaDg@iE}@{RuDqAO}AIE?eA@sAHmARMBi@L}@^qAp@oQnKsDxBeBdAi@t@s@jA[j@ELa@`AkEbKqFpMgD`IUj@wDzIcDlHa@x@m@hAkBjC[^Y^yA`Bg@j@[Z_@b@s@t@IH{@|@YZaAhAiChDuBtCeDlFk@z@aArAmAtA}@|@i@d@e@^qA~@iAt@kAh@aAZ}@N_AHcAAy@CaAIy@SwAg@u@]y@e@oA_AaA}@aAgAgA_B_BoCaCqEwK}SwKeTKUmEeIwBaEg@_AyA{Cs@wAiCgF_L{SaKgRs@sAeZgk@eAqBQ[ce@q|@e@}@{CyFsAeCS][g@y@cAkAiAqAcA}DsCgFiDmAy@sCmBwAaAyFsDSMqCgBiD{Bs@m@q@o@e@k@s@}@mAaB_ByBY]_A{Aw@mAm@w@y@}@uAgAcD_BoCsAgBcAIRO^Yn@uE~KkAlCQ^QXUZY\\\\YVi@b@m@d@a@Xu@j@GDiBrAkGdEgJpGKHiSdNcHzEah@z\\\\}CzByApAuAlAsEzEqDhDoF~W[pBMlAIbAIdBMjEWjKyFhsAeKhqB}KvfAwGzo@o@tD}Jp]{Mhe@{ExPaApCy[ln@_@|@Qt@KdA_BtZMpBMlAQz@kDlK[fA_@bBuEdWWnA_@nAwDrKqFdOqBlE_KtS}@dByDpGs@pAm@zAUt@[pAi@nBWr@w@fBW^{B`Di@j@k@b@iL|IfBlSnAxSwBpDQd@Qn@WrBIn@Ah@?l@RxD@~@Cl@Ch@If@Mb@[r@mAhC]z@[fAQfAG|A@tAFjBZdHh@vMf@bNBvACjAK|@wBrHYhAQ`BK|AAxA@tBLhK?~@C~@]~EMfA_@tBc@nBqDnNMt@Kx@[hFKvASjAkJ`Wa@vAe@jBsBnLm@jD_FxReB`GiDfM{D_Ii@iAyAiBeEgFeC}BgAg@wAQkD[[CU@YF}@j@gAd@s@Ls@Bk@Ee@Ia@OaEwBcDaB_NcIkYqQy@o@w@{@e@k@i@}@e@oAk@kBeRhPgKtJg@\\\\i@Nq@D{ACkEOi@Fo@RwPxG}DvA_ALs@FgAKeAWsEqB{@k@}@_AgE{F\"', '2025-12-16 10:18:57'),
(13, 980, 993, 302.68, 228, '\"g`ojIebybD@kByAa@@i@b@WEgBIu@CuBE[BgB?QeDe@KC@qCBuJ?]L{FLuEByA@OHuE@I@g@HaEHyC@{@JwB@QLu@p@aCtAeBjAmAPId@G~Ec@~@G`CWjBM|AGPA~BKdAINEZKZU|@s@pBmBbAcAfIaI`@a@jDgD~B}Bh@i@bAu@RI~@Yl@Id@Ev@@ZHhBj@N`@\\\\TD[F]Fc@lAkJJaAFc@|A}Lh@kEL}@pBmPd@yDNu@Js@Bu@d@yDhA}I`AaIDa@Hk@^{Cx@}GBSfAkIRgAL{@Ju@FmAhAoI|@{IDc@JgAvB_Wx@aJHa@Lg@Nm@FGFMBO@OCSCQAm@?i@?e@zAcQ~@{KLqBFgADqA@qBCcBIoBEm@ScCW_BGk@]yA_@oAc@gA_@{@i@eA{@{AcB{CkA}Bm@kAQc@Qm@Qk@Oo@[qBMaBCm@EkACeA@w@@aAHqBN}BlBk[tAcTRsCRmCR{BRoBb@_En@cENq@Rk@Na@PURMRSL[J_@Fa@Be@Ae@Cc@H}@B_@Dc@TsA|@}DPy@f@wB~CyM|@sDLi@tD_P|AwGrQov@jIc[|BuIJc@Ps@FWz@}DPs@NgBLmADaAFyAV{EbBs[j@eLp@wNbBs]^yHtB_a@X{FZ{FTuENiCLyBBo@PeD`@{I^eIjEqy@tEq~@dCef@~Am\\\\z@uPbAkRp@kPbBe\\\\\\\\uGFkABS?KHmA?MFkADi@PyCJ{AVqCTuBZqBRaAh@qB~@mCz@gBJQLUVa@dHaLzBiDR[bA_BLS^m@vAiCb@aAd@mAbCuIjAmEfFmRr@yBr@{A|@iAvE{EVWlAiAt@_Aj@cATs@Pg@Jo@PgA~AqL^mBd@sAVe@Zi@xEgIP[\\\\k@NSHMBER]FKlIsNdCiE|Vmb@lCuEHObAeB^k@T]\\\\g@PYRYtEuHz@yAVc@zA}CpBcD~AiCj@_Ax@wAh@w@NURSRURSVUPMd@YRIVKTEb@Ex@E`@CVAlAKnAC^@lAJl@J\\\\F`@J|@PZ@Z?hACtFGlBGlAIhBQjAM~Gs@r@GT?zOr@tABhBE\\\\I`@MbB}@~AcAvAs@tAo@dDyApBkAtBoApBaBzFuEnDeDp@{@b@_Aj@yArCiKr@_DfC}JnAgFnBcIXiAnGkVT}@Vu@^eAJ[nEmJ`AoBNWVe@~BuErDgHfIqO`ByCxBgEnBoDvFuLZ}@Z}@fA}C~AqGFWrAsH^uCp@uGZkHTsGZyKHyBDeB@c@Bu@DiBPoGBuD?uTFoNDyBHiBL}APcB`AyJdAgKTiCHgAJ}B?}CAkB?}@AwACyFF}FL}CJuAb@mDhAwFfAyEbCsKvAuGNi@ZkAp@kBrAgCfDsFjb@mr@pLuRlCoEdNmUhFuIrGqKv@oAn@gAnDaGhCeEjDuFdT_^t_@qn@vIiNnAyBl@{@p@{@`BkBjByBBCx@}@pFcGnE{E~AkBbDaExA_DdBqD`@y@hBuDj@qAp@sAtBmEtAwCnLaXrHkPlHkPtEiKr@uA`AeBr@gAn@aALQn@w@l@q@FGx@y@h@i@h@e@f@a@p@i@|@m@zJ{FlI{EdE_ClHgEnF}Cr@c@pAs@LIZOJIh@[j@[j@]rBkARM`@UXO|@k@dAo@XOd@YdAo@XQPK~BwAt@e@XQ|A_AfGsDbQgJjCwA|AcA|AgAlA_AjAcAlAeAlAmAzB_CrSiTnDwDrDwDrBwBpAqA|m@}n@r@s@pAuA|FgG`ImIvD{DnEsEt@w@fFmF~EcF~@aAnX_YfCkC`NcNj@k@lCqCxDyDhC{BvEiDzEaD~J}ENGfBw@vDcBHEfAe@~@c@jD{AnEmB\\\\OfJ_Ezy@g^hAg@VIHEzEsBl@YvCuApAm@nCmA`_@iPbQmHlJ_EdDuAjAe@r@]nCuAZMv@_@t@]x@_@l@WrCoA|M_GjIqD|EcCfB_Ax@e@`C{ArBsAlB}ABA~BcBHE`@KVE`@BZNTVR`@Fr@@n@Cf@Ox@[t@KTy@v@QJIBK?IAKCICGEMMIMGMGOEOCOASAOAk@JmBdAeIbAmIRiBd@aFTeCr@qJZgF^gHPkEb@_Nv@}UpCgaAz@c_@zA_fA\\\\q^HwSDaL\\\\q{ADgQPwxA[i]Q}O?uPB}EBwCRcJPyDb@{JJaDhAsOdByU`AkPZaJTmNA_OYgPe@eMgCmZgHwe@uIkj@aEcZ_BmUo@sOK}GGcGGyHCuDMgFC}EA_KAkCAwD@wMB{JHcJFiFPqJv@c]hAq\\\\v@yQJaBj@uKdBcXdCg[lCk[xC_^TcE^gG\\\\wFb@gHfA}QPeEH{Bd@gMp@sQJaER_GXsGvAgW~@_NJoArAaQrB{SfC{SnC_S~@cGLy@jA}Gx@uEt@kEfEaUjB{JbAiGx@sFr@{Fb@iEDu@NsBLuBTaElAgU`AgOPaC`AqKNuALu@JWJQPKJERAt@Bz@D~CPZBhBP~@Hp@C`BSd@G|@Ab@Bn@JjC`@hAZ~AT`FZ`CRnALtB^lA^|@VrAb@|DdB`Bl@h@P\\\\LzAj@xBp@f@LvCr@hDn@jAPtBb@jDh@bCf@|AVbCb@tDZ~AFdBNnCJtE@jCEvA?tC?nDZrATlBf@zAr@tBdAhCfB`A|@hAhAvBrCv@dAxAvBfA`BvBjDxApBzAjBhAxAbHnHrCvCjJxJ~A`BtH~H~CfDjO`PnE`FnCjCtG~GTT|EdFhExCxAbAdD~AjBr@`AZjBd@bBRbBLtCFlBCvAMz@Kz@MVEh@KjDcAtAc@jAa@t@WlA]dAWv@OhB[vBQ~BEfAAt@Bp@DbAHbDd@bAT`Bb@`Bj@|@`@b@Tj@V`Af@x@h@bAp@bAv@p@n@fIvHfDpCjCnB|@h@vAp@nAd@nBb@z@HdAHzB@dBMB?|AUn@QdAWtAk@|@e@xA{@rAiAhAeA`BkBn@w@hEiF|@w@lAs@z@[r@Or@IdAC|AH|ALRBj@FZB`BLdBBf@?n@Eb@G^Gn@Mv@Ql@Mv@a@rAs@tBaAnCqAb@Mh@K^Eb@Ch@Ah@CxC[NAl@GAq@A_@Ek@mAwGmAeHGe@K}@Ea@Ao@OkJMq@Ag@OkKGqEMiGO}LAs@C}AScLMyFCcBMyJSsMOgK[_VE{BC{BImF_Agl@]mTSoOCaMJ{MJkEJkFVgGPeDVaEb@}FH}@`@mE^mDxAeLx@oFn@mDX{AReA|@mEr@}CbA}Dh@yBbCwJ|DaP~Ie^tBeI\\\\yAlEwQFSn@gCvBuIzB_JpBaIdC{JTcAlAsEdAgElCgLfBaHj[onAxGqWbSkw@dGyUvFuTnA{E`AkD|BgJp@_C|@kCr@kBVk@\\\\o@l@{@d@m@f@g@j@i@z@o@v@a@j@Y~Ak@nA[tCaAj@QfGsBx]wKpLoDrBo@dHuB|HaC`IiCx@WfEoAxE}ArBs@~@a@tAe@fBk@n@SrDeAhBo@lC}@vCy@XKlKyCrDiAvAa@vBm@^KhBk@VI\\\\K`Bi@|X{I|Ae@fTsGzXsIpAa@t@UdK_DnA_@pBm@tE{AdTcGlCu@fFaBrBo@xAe@~EyAhA[hA[tDiAhBm@xBq@hN_EhB_@`C[jDWxCMdH@rBHtBVbBXtAT|ElAdEzA~CxArH~EzFxD`DvBxBtAjInFrB|Al@d@pDhCfCvBbFvEzGxHzAzAvAnAv@r@`C`CxIvIhAhAzDvDh@j@d@v@Rb@FPDVBb@?ZCZGTGRMPMJMJiBlAUHKDMBKEMIIKKSCOCOAQ?UAQ@WDYDWRiAVcA|AeFl@_Bt@kBt@uBjDkJXs@r@{BbA}DjB_F@CjB_F`@gAnBcF`@eA@G|BcGhB{ErAiDDIvLg[zA}Dz@yBDK|BmGFOp@iBFOt@iB@GPe@Zu@tAeDj@{ABI~CeI|@aCvEiMl@aBlDiJbAoC|BiGXs@f@qAVs@pEmL`@cA\\\\{@@CNa@Tk@vVqo@hB{EjLiZz@{BJWnDgJJW^_AXu@t@mBp@iB`AeCrCqHjZow@lHmRzIkUpDaJVo@FQ|CcIfC{GxE{LvAyD~@_CtAiD~@eCjEiLfBwDfB{D~EoKd@eA~C}Gz@gBhDoHn@qAlFsNhDkJvAsD`EuKd@iAfIiTpAiDrCiH|KuYxA{Dr@mBbAoCHQlDgJ~EgMhAgDVs@~@eClA_Dp@eBl@_Bz@}B`@cAjA}CrAmDbAmChAyCNa@d@mAXw@jBwExA}DnGwPlBcFdBeEzG}PdAoBh@y@v@eA|@_Al@g@z@k@z@Yj@UlE{AhOwGv@]bIgDdBs@tOgGdMcF|LcF`Bk@tAg@rA_@jCq@lBc@NCbFi@XCz@GtBGbBCn@A`AAhFIrCIbBG~DKlCM`CKpCQvBMlGk@rCc@tCk@nHkBpJaCdCy@`AW`D}@j@QbCm@l@OnCs@ZGzA_@dFoAnGeBhCw@bC}@fFgCtDyBfCqBlCyBnCiCxI{IvD}DzCwCJMdFgF|SaTlCmCzH}HtAwAJMtGyGNORSn@m@p@o@bCeCtM{MhEiE`TeTdQkQ|F}FTUnAoAzD}DvM_NhIeI`ZcZlEmExD{Df@g@nHoHnNoNzC{CdBeBj@m@LKn@o@n@q@dDcDvBaCLOPSvAoBnAqBtAoCrA{CpAwCxI_S|JgUpEcKTi@jSod@zFqMlBiEnXan@hKyUzD{Ix@iB|CcHrWml@dN_[dCiEhAcBhAaBhAyAnAwAlAuAxAsAbB{Az@k@t@i@dBkA`DyBlAw@|@m@|CoB^U~B}AHGlBuAVONKx@i@bBgAxAaA|@m@RMh@]|FqDrDmCvFqDFEvAgAhAcAvAyBt@iBX_AZaAn@{Cj@iCxAoIj@eDn@gD|A_G`B}FNm@~AqF|@}CrEePrIqZnGaU|Ki`@fQgn@nIiZhE}NhIsXdB_G|CmK|AiFHW|@{ChC{IfPwi@xEcP|EmP~AoFtKi^~@}CTy@lBmGlEiOHYt@gC|CkKjA_EnEkOrCqJl_@apAjTgt@`BwFd@qAzBqGHSj@}AN_@tAmDZs@bCwFp_@uy@hFcL`BoDdAcCpAoC|EiKlMcYrf@gfApZqp@`IeQbBqDdCoF|C{GvIkR|DuI`CkFh@iAHOd@cA~BiFhAcCpCcGj@oAhAcClD{HzWsk@zMuYvPq]fDkFfDoFtCwDpCsDt@eAV_@jBeCj@{@x@kArBsC`DmEzJgNdB{BlFoHdGmIbXu^fLwOHIl^}f@lUuYlCsEdC_Fl@_BzD{KbBoGjBiKlAcK`A_Lb@yLPkMRsQPwO`@a^f@a^P_LbAgt@V}PBqCHuGL}IDiCVqUVcQp@mi@FeFJwJJkGJoG\\\\aKh@aLv@eLn@{H~@_IZeCx@qGfGu]d@gCbCsLvFsYLk@jGsX`B{GvBsIxCgJpCaInBuFtAeETo@d@mAdB{D~@qBlBeErEoJzJcQ|HcLb@k@tDqEzMcPbI{JnFwGHIb@e@LOj@y@~C_EdAcBV]dC_EfCkEzCyFbDcHjEeKvA}DfAiD~BkHd@_BtCmJpJk^zCoLv@wCNi@zCiM\\\\uAh@}Bp@wC|EcSf@sBrKaa@xD_OtBaInFwS~Sax@bXgcAb@}AdBoGXcA^yAvBiI`BuFv@iCrDuIvDgHbFqHjC}C~BoCfAmAtAaBdCsCh@m@TWX_@VY|EsFlDsDpA}AnFgHxEsHtCoEpYsd@pJ{OjGgKh@eApByDrB_E~AuCfSa`@~A{Cr@sAhRi^fIwNxEoGd@q@tCgDrFyFvC{CtEeFtMwN|CsDv@_AFGt@w@HOX_@T[nCoD\\\\c@~FeJhAiBnEcHpFcJlGyLz@kBlEwJlWql@|EwK|C_HbF{JnIsNhDkFrMwOTYjM{MtFkGvBgChDqExFsInF}ItAuC`CcFjFgMhEaLvD{JrBsFvA_EnAaD`FeMh@sArGoPxNg`@dAeD`ImVt@eCvK_b@|CyMd@yBbCkL|AyHrE}WjCqPz@iFD[|A{Ib@{BlDyRhGq^jBwJ`EwP`DuL`DgJ`Ls]dBqFlAyDhBuFj_@yiA~Wiy@|CqJ^gANc@dA_DbAwCjLs]dE_MVy@|@iC|AwEvB_Hn@mBL_@To@v@}Bx@aCzAuE`GsQhPcg@nIiWrDsKBI\\\\_Al@mB|AeFpE{MtCoI``@ejAjFsOhXqx@x@eC~@mCbBiF`BoEj@eB@C`CkHJ]Ri@r@sBvCyI`JiXpLy]dSal@rEuMXy@zBqGdEyLvOid@p`@uiA|DeLdHuSNm@dBcHNu@p@_DfAoFvD}QP}@ZyAvAmHbCeMn@yC|@iElB{IxH{_@t@qDx@gENw@nC_NTkAlAeGxAsH~CaPj@sCbBwIP}@b@_CVkAVoAzIub@l@yCdDgPpDsQrLyl@|Iuc@n@cDr@gD~ByLtBaKvCsNnCuMLm@\\\\cBfCwLHa@FYxJsf@x@wDfI}`@bD{OtHo^hNwq@~CuOrDsQTgAtBaKP}@H]Pw@?ErAmGjCkM`@qBrDsQj@oCvFwXlBeJxCsNt@qDbM_n@vBkKJi@DUJe@FW`CqLb@}BZ}AxCeOhSqbAlAcGdCwLjFkW~@oEvDeRvB_KdA_FbEoR\\\\mAdNqg@vBaIj@sBBKV}@HYXeAbHkWxN}h@v@yC~BqIj@qBzEkQ`Qyn@fP{l@dKa_@|]cpAtKg`@lNsf@v@oC^uAjAkEXgAvE{PjNyg@dC_JbAuDbLya@bEaOXeAtA{EnCiJLg@|DePn@qCx@{DjAgGjAoGzB_NlCwNtAsGpKah@pCiNvBeKpC_NbCoLv@yD\\\\cBl@uCjCiMzKmi@zE{UfDqPj@oC`@iBzCsN\\\\aBrKqh@vQs|@hEcUlTuhAt@uDf@gCZwAxAiHBKp@_DhAkFLq@f@iCr@kDLi@DWXwANw@xEiUjCsMh@_CxAsGbAyDvAkF~@gDfAwDz@_DzBqIbCeKn@uC|C{Nh@gCrBaKfBeJr@gDlCoM|AuHtDuQ~@eFl@yDp@{Ej@qFf@sIHoBLcEDoEBgB@mFEsFG}B]gJQkDGiA[kDa@kD_@{Cq@kE_BuIaAiEoBaH}AqEu@wBgBkEcByDmEmJuB}E}DqL{CuLmAgG{@iFaC}NsFy\\\\iC}OeAqGm@kDyBuMc@kCyA_JiAcHeFy[kAmH_EeW{AkIo@uCo@mC}AsGkB}G_CcIuCmIwIoU{BaGkBuEkEsLcDoIa@eA{AeDy@gBc@cAu@yAe@kAmG_PaAsCo@gBk@mBiAkEaA_Eu@eDq@iDq@iEk@mD]kBUoAOgAQoAk@{F_@eEMuAoA{L}@eH_AyFaAaFkAgFaAeEcA_DwAyE}@}BuCiHgPe^aKuT}BeF_E{IyFsMkAoCoJaV}B}GcBsGcAyE{@aFa@kCKu@g@iE_AoKQ_EOiEIaEGuF?kD@gDFoDJaDX}Hf@kLVoGt@wOhEaaAbA}TlBac@l@sM`AgT@GjBob@^uHXgH`@iIt@gPPwEHeBZaHFgAf@yLDgANgDD_AHoBp@qPrB_c@zB_f@d@kKd@wKvA{[pBge@\\\\_Gp@eLj@oHv@kHt@uFh@gDVaBbAqF|A_H~@wDfAsDjA{DnByFpLiZ`AcCvRwf@`Om_@tX{r@|IwTpG{OlC{GdDqGjCsEhC{D|C}DfDmD`B{ADEhC_CrGqErE{BbAg@bGwBd@OpGyBhHeCfBm@hDkA`FcBzG}BvPaGfIuCjC}@nJeDrG{BnL}DfA_@zIyCvFkB~\\\\cLdF_BlGeBjCs@fE}A`@OfFgBpKqDbJeDzE_BfFeBfF_BdCu@hCo@xDaAbAOrGoArEk@`@GfE[rAE|AKhACxCIdB?|A?vB?zABzXRnDF|@?bIHx@@lFBhBC~AIjCUhAMbAQjOoCpIuAzFaAjASrNgCfDk@jCc@dCe@fCe@lAUdCa@bHiAxCi@pFaAbSoDzJwA~Ci@`F{@bB[bCWrAIjACrB?|DPzDj@hDz@zAj@xAh@rB`AvBpATLJHdHvEvCpB`BdA|CrBbF`DtZdSpCfBdAr@bKtG`DnBfCpAfEbBdF~A|Bd@|ATlBT|ANdADdABzAH`D@v@@hCKlCUvAQjB]xD_AbM}DvDgBxD{BjEyCx@s@xBmBlCqCnAqAn@s@`C{CfCoDfCaE`CoE~B}EjAwCjHkSpPqe@`AoCf@sAL]zCuIl@aBHWb@kA`@kATq@x@_C~EsNj@cBvLa]fTom@hOeb@pNu`@rEmMxBiGf@uAXu@rC}HFSt@sBp@kBdB_FbGqPnSck@xCiIbOua@dCoHxBkIvBmKl@eDl@mDh@wD~@_I`@eEZcExBe]`@oGPkCFy@Du@B[JaBDw@xDcp@z@uNNkCBa@Du@PmCv@qNr@aMp@iLd@}GLiCNkDL}DJmEF_FAkG?yE?gB?]CiBCyBEcBImCKwCEiAOyEIqD?iB@}CBkAHkEBs@LgCPqBJkABWHq@PyAb@aD\\\\oBNaAPcApBqL\\\\sBfEaW|CcRbBwKl@kEf@eGZcEZqE`@}FHwAB]JuAp@_JFiAFaA~@_OdA_QHoAh@iHR{CJgBb@kG|@}MvGsbAx@yL@OT}C`@}Gb@mGh@kI~AuUt@cLB[@SJyAB[L{B^oF@MHwApBaZl@gJ`@mGf@eHbAePDm@z@_MjAaQz@oMt@uL^wFVsEJoDFeE?eC@aACeDAeAGgCKwDq@_MGiASeDKyEG_G@cDD{CTmHVyGTgIDqD?{BAmBMcFSaDm@sG}@uKS}EGsDAoDBaC\\\\yZHuHDkC\\\\oYHyGJqHHeGJ}DDuAj@eLPuCb@eGJ{AfAwOpCg_@`@iFf@gEpA_JdBgKHg@d@wCh@mDlAwJFy@b@}Ez@oMxBob@^}Gv@}NFkAvAuXd@mGf@uFr@wGf@uDh@mDx@yETeAb@}BvAkGzA_GrB}G~E{NxCaJ|@mCz@gCjBiGp@iC\\\\mAdAmEjAcGjAuGhAwH~@cHpAmJnAyI~@mFrAgGTcAh@yBVgAjBsG`@yAb@}AV}@jDuLlIwZ|DaNjE_OtIeZbB{FdAoDjCaJdCqIbAgDhEiOpBmHrAaErAyGl@}Bh@qBzCgK~@cDjGmTfFoQh@wBvAaFdDsKbAiDpAiFdAiFZyAXoA`EgT~DcT~I_f@nA{GnAqG~AqIrFkYnCcMfDcOrEeShAaFd@{BjCkLTcAFYViAdFyTpB{I~EoTx@kDtBsJx@qDn@sCtB{IPu@`@oBfCaLh@aC`BoHbG}WzFcWtFqVzFaWd@wBbBoH~H}]jCiLxCwMb@mBfAyEfCaL~AcH~CgNz@cEnAqFf@yBh@yB~AaHdAwEdCyKhCqKdJu]bA{DxJi_@tFcTfHiXx@yCfB_HpWubAv[anAlEyPjUm|@jEsPnOml@~DqOjLwc@ZkAdDcMLm@`BmGlEwPhHiXdAuDpBoGbBcGjBeHnGgVzJk_@\\\\oA~Mwh@l@yBXiA|AeGvFcUrAyFnB_JlBwIpBcJdAmEpAsFRy@fCqKtJwb@jFwVJg@zDcQdAaFxCaNl@wC`@uBl@cE`@yC^cENgCJkBNaEHgD?}@?kCAqDK}DKuCGaAMqBIgAO}AKgAUkBi@wDgBgKq@_Ek@yDe@sDg@aEYaDWeDScCKgBW{FE{@AeA@c@DWN_@JQNKFCP?L@PPLPJVVr@Z|AJv@TpALt@BZ?XAP?XBTDTHRJLJHLDN?LEJIJMHQXs@X{@P]PWXYTSLIDC^U\\\\IdEkAlA[l@QXGrA_@vBm@pBi@NE\\\\IfFsAJClCs@ZIHCbFsA`L}CPE~N{DhUeG~Ac@NEzKuCxBm@lHmBpBi@f@Mn@Q~@UfCs@RCdI{B`D}@tA]LEbAWfCm@|@UxBk@d@MjA[p@QZIzC}@dBa@RGnA[xBeAh@]JIHIHm@j@aLVoDvCJxDFH{C@k@\"', '2025-12-16 10:39:29'),
(14, 891, 854, 301.53, 213, '\"exdkIsuh}CtAeAFF?h@DdCETGTY\\\\SJK?QAMKCGCECIWo@Sc@u@aBaBoDQc@MUIQyAcDO]CEQe@W}@WmA[sAQ{@WiAWgAe@{AWu@}@eC]gAWoAG[i@gD_B_JUqA[eBYeBMs@CKAIKg@WuAOs@u@aECMQiA[_BY_B]sBSmACIg@sCMu@aAqFMo@COYuA_BiJMq@k@eD_B_JAMEOUqAESkAyGCSCKSiAIm@Ic@g@qCi@wCOe@m@yAg@iAk@w@a@_@WQYOc@i@MWKe@CKEg@ASAe@Fc@xFe^XsAX{A\\\\cBvBsJLm@|Luk@tAqGDSpZqwAtOwt@~O{t@pPav@nCaMzBeL|DeUbDwT~@kHvAyLpAgMlAqNhCu^j@kIZ_Ex@kL`AaNlEen@|@yL`HocADw@\\\\oEh@yG~AsQjAsJdAaJpA{KvAuJ|BiOxByKxBsKt@eDfDcOjHaXxC{JzCgJx@_CvCcIp@kBbBoEtF}MxAeDrDgHfD_H~FcK~B_ElDoFpDaFp@}@fCgDd@m@pEyF~AsBrCmDr@cAfCaDv@eAtd@ok@bY__@zRgVdGsHpXw]tBqCvNiU`OcZjDuHnAwC~D{JzD{JdLaYhDmIbc@wgAxDqJjLeYbB_EfJqUhPma@tFyNzKgXf@oAlBqEb@eARa@nIaRhDuHjOq\\\\`Sgc@zJcTpTke@j@oAl`@w{@`A}BzF}LnB_EtCqGjB_EjFaLjBeEnI}QZm@jAeCfA{BhAuBtCmFpC_FnA{BrAwB`BkCbBeC~FsIjDmEnC}ChF}FnI_KbTqT`FgFfBgBbAcA`SaS|XoYlHwHnGwGv[i\\\\r@u@jAoAZ]dBkBLOh@g@f@k@DG~FyGfAoAdWyYhBuBlCsC`BoBb\\\\e_@nIsJtCkDfP}QxWa[`C{CpF{GlN_QbRuUjBaCv@aA`HoIdI_KvTsX|I}KtNkQX_@tIyKnFyGxBmCtCyD~CsDzCiDhDoDdDeDbDqCjCuBnCgB~CeBrE_CzDeB~Aq@|Ai@xBm@hBe@fFkArI_Bf@IjJgBxDs@rB_@|PsDhD{@pDeA~CgAvD}Al@W\\\\Qz@a@`BaABAn@_@fDuBtA_Af@[dCoBl@g@v@m@vCiClCkCpD_EbDaEdDmEdBgClAiBfGuKhCkFl@kAfD}HZw@pDyJrBkGdAwDpB}GTy@dCwIfJy[`Naf@d\\\\wiALe@l@qB|Js]dFkQx@{CxFyT|BqJrF}UbLkh@~AiHxMim@pEmShEyRRcAt@eDtD_QrCoM`BsHPy@DOl@oCtAmG\\\\}ApA_GDUrm@oqCpHa]rKsf@hMcl@~Mkn@|Jmd@|DmQvEaTrCgM?AXmATeA^_BdCsKh@yBz@qD|ByJtGmXzNkm@`BwGhUa_AbNwi@rOgn@rUw~@Pm@fDyM`D}LdA_E|A_Gv@gCvEuOlDsKr@mBdC{GpB_FnA}CnDmIpAsC`ByDdCoFN_@|B}EvA{CfAaC`CkFnEwJdEgJvDcIdAaCjSkd@`CkFjZqp@xIoRfFcLxC{Gr@}A^}@\\\\w@b@{@Pa@BEbBsDxB}Ef@iAl@oAnAsCfG{MZs@jJiSxBmF|AeE`BsE|AwEhBkGfEwNb@yAdB{FbRko@nB{GzB{I`@oBzCeNhDqRf@{C~ByNlAmIl@aFb@sDj@}ERiBrAmLJaAP}AfAaLhIwz@ZaD|@yId@sEnCmXxEee@\\\\{CtAqMn@uFbAoHhAcIx@kFdAoG`A{Fx@oEVoAv@sD`AqEH_@p@aD@E^_BvBgJd@cBzCaLz@yCpAcEvB}GrCqIhEcLZy@tHyQrHsO`B{CrEuIxHwLvBiDpL}QbYoc@zAaCxWua@lE_H|NoU|BmDj@}@d@cAZ{@\\\\kAXqAHi@NgAHkABsACqBE}@Gy@SuAUqAu@{BuBwE_AyBSk@eAqDg@mCc@{DGwEG_GG{GAoFAk@GeNBiM?oCPoNn@iUL{Cj@sNr@sNp@gKv@}KbA_LjB_QdAuJ`CmQ~CiQj@mCz@cE~@yEXyArEySlPct@fEiQrAuFd@oBhByHzBsJfCuKnGkXVeArByILi@ZqA`DsN`DwNhBeIzL}h@r@}C`Ta~@tDcPRy@l@gCfBuH~@aEv@gDhB_IVgA|@{DnDcPlFiU|YwoAdEqQ|Lwg@vFuTDQd]qnApDsMbBoGr@gCDKjAsEt@wCdByGr@gCp@iClHyWhXabAhDcMrAeFrDeMjAwE`Oci@rA_Fd\\\\qkAbAoDbCuIdEqOzDcOXeAbAcEl@aDjAqGrAaJfAgHh@cE\\\\qC|@}I`@yEBUR_Cp@oIN_BTkCdBgUtC{^nBsV|A{RDi@|Cm`@~@mLrJ{lA|@oLn@eI`@wHZkHRaFP}ELkGDiOBqKC_OCuT@mDD{DN_IHiENcGXgGn@mK`@aGZyDLsAj@uFp@yFhBoN~BqP~@yG~@{Gx@cFbAiFz@_Eb@wBpBuHv@yBhDeJhA_Dd@mA~BiF|@cB`AaBT_@xBiDjAaBf@q@|DwFrAsA\\\\SXOt@MlMy@nCSvES~@H`@JjAf@tBdCn@r@hC|C|CrDtDvDxClCtDnCpDrB`CpA~CxA~B|@|Ab@p@RpCl@fDh@rCX`EXlE\\\\jDXpEPnLt@h@F|Jz@tE^t@F~Fb@jAHlANtI`A^DpGz@hB^rFdAhJzA|JjAdE`@fDVfHR|BFjGT`EFhEZnETrKx@zFt@zGfAbQpCvG`ArBPrANjAJpFh@dADrADfEFv@?vFa@lGc@rBYbGcAfDy@zC{@pG_C`FyBjFwCzEsCdHyFxFoF~CiDrCkDnFsGv@_AlMmPjF_IzFeKdAiBpB_EdAeCxAeDPe@d@gAz@uB~BqGbCqHtA{DlBgHzDmPzA_GpA_GtAiH~@wFdBeMdByOdAcPn@eOZwH\\\\_GLqBd@}Ff@sFx@cHv@eGx@mFfAmGlAcGbDgNpCkLhQgu@dH}Y`Oqn@`FySdB{GdAwDpDuKrCoHpHsOzFsJ|FuI|BkDlGsJfDaGfDmGrEwIzCeGjAsC`CgFzAqD`@_AtF}MjCyHnJcYvHqXdGyUrFeTnFyRjFyOzEwKpKoTvDuJhCcH~DyNRu@|A}GxB_LrBoN~BoSxDa]lDu\\\\hBaOnAoJhBqK~A}H~AsG~BsItEmNlFkMnIsOvBcEjCaFh@cApMqV`EuHpDwHnEoKvC}H|AaEpHyW~Ii\\\\jFqQhKg_@zC}K`AiD|F{S|AsF`Lka@tJm]tDyMjIeZfDqL|Ik\\\\dCyIlCsJjFuSpBiJtBeKtDcP|AcG^sAtAyE|BiIdA{DtBsGdAqCnBkFrCsHvDcJ|CwGp@_BtBkErAcCxEmInGgJjIsL`G}Hz@eApDoEtDyDzAaBhLaKn@a@zC{B`DcCfEuCp@a@VOtBwA~@m@~CyBbB}AhFqF~DqFxBeDbCaElBoDnBkEhCeG`AsCbBgFfAuDlAkEfAoEx@gE`AwFtAgJp@sFbAyJf@_HRoDP{D\\\\cHLkHJmKNgHP}DV_FLaB`@mGr@qGbAuHlBoKx@uDPu@lAqEv@gCZeAX}@Xu@z@{BrAkD|AaDbBcDbC_EdCqDxAkBvAcBrDmDnFgEpHaE|OsHbIuC`[}KtXeHnLyCrEiBhEwB|JqGnMyJbHmFdVaR~PuMlDkCvQkN`ZgUdXoT|RmRnC{CbDqDt@cAr@mAp@_B`@}APeAH}@NkC?aCGqBQ_BQkAQ{@i@aBk@mAe@y@qDwD}E{Em@u@a@q@c@gAOg@}@{CwDcRwCkNgB}IcAcF}@mEiB_JeCaMeAeFeByI}BeL_EaSs@gD_FiVqHe_@kCsMqByJOw@o@yCgPux@kCwMi@kC}CkOs@mDo@aDu@uDWqAoAoGiA_G{FoY{@yDqBaKaHs]qAuGm@kDUkAoA}HkA}Hu@qFQkAgAqIcA{I_A}Iy@gJu@oJk@aJuAgWCc@{A{ZMoCe@kJg@uKGeAGwAg@oJ{@}PkCqi@eB}]}@}QCi@_@}HoBi`@_Dup@UuEwCam@aCmg@MuC[aGq@sNQqCM}Bg@oHU}CI_Ao@sGcAwJkAqJc@gD}@uGa@aC}AgKaCmMcC_L{CcMcEoO_CiHaEmLiByEyBiFcFoLsFeMuBiF_@aAqAoDkCmHaCoHaGyRcBoGwBwI}CmMEQgAuEuA_GsAeF_@uAo@aCmBiHgDuKqAwDeFyNyAyDyAyDaCwFqBkEc[qs@cSsd@iOg]ue@ufAmNs[qG{NsEgKyE}KaFwMaDiJaAyCo@oB}@wCy@iCsAuEsA_FqAiFqAmF{@uD[wAsAeGwAsGw@aEs@{DeAqG[uB}@sFqAqJy@eGOmA_AkIW{BsB}Ro@_GkF{f@_CmUGk@{AmNcDuZmBaR]eDgAyKs@{GeAmK_AkI{@}H[qCeA}J_@gDOkB[sCM_Ay@}Ge@gDkAwIGk@c@gEY}D[aLMsEIeCEgBAWCw@KwDWiLEsBAkB@yAFuANwALaALe@v@gDhAgDVs@~@eClA_Dp@eBl@_Bz@}B`@cAjA}CrAmDbAmChAyCNa@d@mAXw@jBwExA}DnGwPlBcFdBeEzG}Pf@wAd@mA`@mArAiD|@_CzGkQrBsFvCsH`DkIfAqC`BgEvCuH`K_X`FoMzDaKd@qA~BeGPc@|CeI`AmCpAkDj@}AtCqHv@qBbFqMhIeTvBuFxAiD~AmD~A_DbB_DxCeFfC}D`DmEpCuDzEsFhQgSxCqDhA_BnCaFpBqEPg@hAeD|@iDLi@l@oCX{APaAl@wEd@{ETiC\\\\wDt@{H^eEb@oF^aFLkBVqEL{CJ}CHqEDcC@k@BwO?sAEsKIqx@?}CAm^C{M?cGA_I?gAA{KAyB@YAqAC}PA_EEmb@CgXAyHCcR?_@?[?cA?mOBqDDkDV_JNoDZoFf@sG~AqSZaEpCs]^wE`BmS~@aLBOHgBL}A^qFP{E@c@D_ALyELuGDqFAyHCyBI{E[gKo@mLQ}BK}AQeCQeCMmBMmBYwDc@oHKsCImAEuAEuCAu@AcG@wD?OAyD@uO@eA?eD?sKBoCBuJ?iE?eBBgR?aD?K?o@BaJBkM?M?]?gB@gC?oH@aG?kB@eNFaOBwH?uG?}C?yA@aIBmP@k@?kBBg^?yACsIM}GEwCEwCI{Bk@eQSoGaAiZc@kNI_CIwBy@wVq@ySyEswAaBuf@_@kLOeEu@gV[uIEsAa@kKWoJI{MCyHCcGAyCAuCAwBCyIAiBA}DIuZGeWMuf@Iy]Q_u@AeFC_L?gBCgI?}AAaBCwMImYC{OAkCOgp@?_@C}GAuEAaHEyP?c@A}A?m@AkCAsJ?wAAiG?cB@sLBeDFcHDsD@cB?mA@eDDsL?iAA{BIwIQ_KEsBe@sIKuBuAsYYqFQoFMyFA_AI}M@cMNkMzAso@dB_u@JiEDoALqFDuBD{AZsLLsCFkBReEd@sHn@aGv@qHL_ADUX{Bf@oDd@uCl@yCn@_DVmA`@cBdA_ElAiEtAgEdA}C`DaIlDsI`DyHtGePhHmQp@cB~CeJ`BeFt@iCpDmNbCiK|@eE`BeJt@iGj@_Fb@aEnAoMPuBpH_~@JkAdAwMPuBvBaXzDef@L}AbByShAgNVaDDu@jAsNlBgV`A}LtCg^~C}_@`@{Ed@_G^aFJeAZgDp@iHXyC\\\\wCBYPyArAqJJq@VwA|AkJ|@_FvFq[bEmUjAwGZaBJk@N{@z@aFpGk^hBcKV{ApCyOReAz@}E~ByMxCuPbEmUj@cDxE}WdDcR~AkJhE{UTmAX}Ar@}DdB{K|AuK@OBMv@qH~@eKn@eJLkBHaAf@oLHaCFmBPaHFeEBsBB{H?k@?wA?uEGqHA}@GuDWkKMoEe@gJI}AqAgVy@_P}@sPUcEc@kIo@kLOcC}@uQ[mG]aHy@aP_Bm_@c@mIc@cIkA{Ta@mIMiBSkEIkBq@qMSwDw@eOG_A{HsyAAWyAsXm@uLSeDAUKwBuA{WcAoRe@uIuFgfAi@uJk@wJe@cKKwBEs@C]GsAYaGe@kJu@_OaBkXUsEiH}vAg@eJ_Egw@uAsW_Eqv@e@mJ}@oP[kGS}DMmBA_@IkA?Gc@mIeA}SEy@WsEmCkg@i@yGq@}GoAkLqAgKw@iHiE__@]qCuOyqAuJ_y@}Fye@Ik@}AmM}B{S[kCcCsRoCqTe@iEOsA]_D{AuMQ{AScBE]s@gG{BoR_F}a@yLodAcCyRcA{I}AiMUmBOsAqFic@oC{UqBoQmB{U}@aLgByRk@aFo@aFkAoJiEiYiDeUoAyI}BqRuO_rAwJkz@oFsd@oUooBqAwK{AkM}XqbCgFsc@kIks@e@{DaDeYeAqJ{Di[oBsPoFge@mCgUy@{GaCiSgIsp@qD}Zm@mF_@wCE[oAmK[{Cc@sDEa@CU[oCWiC]yCcC}S}AiNeAuI]sCmEi_@cJqw@aGkg@iA_KoDiZcA_I_AsHu@cGwCwXmAsK]{CScB}BoRy@kHmBkPuC_WyHup@kAeKgKi}@iBoOiBqOe@aEqHyn@yBqRoPayAeAkJmAwKoDqY[aCyAsKUeBUcBYaBUsAScA_@wBkDyRiGe[kCmN_EuTcD_RiEgU_AoFaA_F}AyHqA{GwCiOuAcIm@iDqAcGoAcGm@qC[aBYeBk@}DYaCO{BK_DAYEwAAsA?aBD{BR}F^kMPmGXgIJmCNkEdAm\\\\FkBH}EBeE?sFEoCYaKE{@UgDKcAKiAw@aHa@uCCSG_@Oy@O_AGWE[i@iCkAuEkAcEUm@iAcD[w@_B_FsBuHgCcKkB_JiAsGeAcHw@mG{@qHcCeTuAaNeBqNsAcKyDsYqJcz@YgC{CgXcEg_@gJgw@_A_IcFca@{Ggn@eEu_@aHgm@eAcJO}A_B_OQeBEWKaACUmDsZcFoc@{P{yAeBaOmCyUgIgq@e@wD}@uH_B{NWuB{D_]yCmX_DqXaDqYaF}b@qAeLmFgf@wGyh@e@eE{N}pA_Ec]kDyYaEg_@uD{[{BqRUuBUsBkCoT{A_NkPyxAoPuxAsPiyAoJ{|@}D}\\\\wBgRcLmdAsAgLeKu|@eBoOaCeT}BwQQyAGe@SeBIo@iA}KgDmZsGml@wGwl@iH{m@{G{j@{PeyAGm@wA_McGci@kAwJ}AkNo@uFMcAg@qEMmA_DoX{F{g@ScBoA{K{@wHuBcRoDm[{BcSeM}gAiBaPeAgJ{KqaAoA_LuEka@}C}XgEy\\\\yBmRuDy\\\\iGki@iPkyAoDq[kAkKeB}O{@wIaAuJy@aHoMoiAm@wFq@uGKcAyA}LiDuZgBcPgAmJgCcU}CoXs@kGoJyy@kPmxAYcCm@iFi@sEcBgOi@cFa@eFM_BQyC]{GSwEQ}DW_LKqGCwD?mKBqHDwDJaILsDTcJ\\\\sGl@uKd@kHn@}Kd@{Hh@qI^}HRsHL_JFsGDcE?aC@aE?sB?m@G}CGkDQyFMsEOuDQiCUyDSmDUkDQiC]kDg@mFUkCYmC]eCu@yFu@oEaA{FaAwFoAsFeAyEm@eCo@gCg@mBu@iCk@oBu@iCm@sBw@_C}@cC{@iCy@{BoAeDiAkC_AwB_BgDkA_CcBuC_BuC}B{DoBsDoBqDiC{E{B_EaAeB_A_BiBeDmAsBqAqBsBmDwAgCKe@C]@U@WBQBQJQJSPURSTITCTDTLVZRb@Tr@b@|Af@vBLn@BT?T{@J}@RkA^w@^o@^}@l@YNWLKBI?I?KCKIIOISG]oAcKQyAOeAWqA]gAk@kB_D{HmAyC]w@]o@e@eAi@yAu@wBsCqHcC{GkBkEyg@uqAer@ueBaFaMoF_NkBwEab@seAEKsJyV[{@S_AMq@UuAGi@Ck@Cq@cDe@QA[E_AMGpBSdGO~BOlAEZg@hB{@rB}@hBGLGJe@p@m@p@gAx@m@Dm@A[Aq@C}@OOCkAOmAGkBUsAOiBW_AKKAwCe@[EQCCl@]tHATCb@QvCOz@_BUwAUMAeBUKAqCm@}Aa@c@Kk@OEl@Et@Ej@ZD\"', '2025-12-16 14:28:21'),
(15, 975, 971, 165.02, 138, '\"uwa}Hugi~CMDYFw@Ns@NOD[JSFSFYNKDe@Xy@h@a@TWNWLUJoAb@YDUDeAP_BXaALw@JcBZgARs@LaATkAZ}@Pw@N[FaALOBi@JUD_APkCb@a@DE@oARkDj@]T}B`@_BVaBZgAPq@Ls@NsFv@KBs@HiAPc@Fe@Dm@JQBc@HeAPgAPq@L{@NkAR[Fo@JWFoDl@c@FQDeDj@]DUDa@F}@LQEIGIEWSEEEEECECE?EAE?E@GBEBEDEFCFEHAHGPITS^E?o@LWDyAV{Ex@uAVkARmAPwAV_ALWFa@HUBqCb@o@J_APu@L_BZaEt@_Dj@K@oCd@]Fg@Hq@NmBZwATmAPE?i@Js@L_GdAwAVqATmARc@FSDUDkAP_Fv@i@HWFa@DUD]DcANsC`@qAPgAN]FmANaALKBgANi@HmC\\\\YDOBi@Fk@Hi@FmAPI@[DuBX}Ft@{@L]DiANeH~@{ARSD]DOBk@HeD`@{APi@FOBWB]FkBRmHbAgBTqC^aALeBRWD}ATSB]DkDd@o@HWDeAN_ALcGt@[D_ANUB_Gx@i@FaAL}@Lw@Lo@Xc@Ve@`@sAfAuArAkBfB_LlKgBbBmAhAaA`AuAnAmG`GaB~AsBpBcItHeC~BkCdC_DrCmCjCcC|BIHoNxM_@\\\\{AnA_A`AsArAOLiAfA}@x@{AxAuBtBo@r@]^WVGH_@f@o@v@_AbAIJcBlBc@h@UZy@nA_AzAcF|Ic@x@yBvDmBbDuQb[wJpP}AlCsTz_@aDtFuKxQeCpEwWtc@{@xA{HvMILu@pAyKdRs@lAkAnBmGlKWf@GHaG`Kw@rAeDvFcDtFYf@KPORk@`AS\\\\a@n@yAfC_DjFqGxKS\\\\OVoDfGaA`BADqKpQ[h@m@dAsA|Bo@dAU`@e@v@EFyDzGcDrFGJwAbCsAfCyAzC{C`HeB`EoDdKiDnK{FhQ{ApEuBvGqBdGsHbT_AnCa@fA_@t@m@`AKNEFOTMPQRa@f@o@h@q@h@m@\\\\q@HmAZaALkADsACqAUkAQyIgCqA[mC_AcBy@s@g@g@]yE}CgAu@yDgCkDgCsEqCsBeAkBw@sAe@kAYoCa@uAQkDe@uD_@_COuA?qA?cEDeENuFJsFJsP`@aBD{CFyINmKT_MHsYl@a@@iCJg^p@yFReGL_EH_IPic@~@m@B_IPkKZwAB{HJcJZkDFgGL_@@_@BM?c@@aVj@wINqKZM@aDFqAB[@{BFc@@{BFuADG?kCH}EJiBDmCFoADM?yAByABy@@[@q@@q@@mBFsEL}IToLVgCFmCFwADgA?mABW@i@Da@De@JUFcAX_Bh@cGzBKDSHi@R{DxAKDGBSHc@Py@XsBt@WJ_Bh@yBz@qAd@uEhBcDrAsB~@OHk@^a@\\\\]Z[Zm@n@{BrCo@v@aDbEgB~BwFjHcSxVaFjG{AlBeDlEiAxAgDlEoA~AwDzEqKrN}GzIoHfJwHbKgAvAsRhWs@z@k@v@}C|DMNuCtDUX}AtB_EnFgEnFmE~FqK|MeC|CqZr`@m@r@aEhFkEvFUZaDdEiAvAyAlBe@l@q@z@SX]b@iE~FkExGmFjI{A`CwAzBiAfByAhCgAvBiDjHSd@mG`NwDbImDvH}CdH{@vBiBjEeAtCw@dCc@jBa@|BuAxKeCpUg@nE}BpSmDb\\\\}Dn^UtCCJMdBMxAc@rG_@jJKxBu@vQg@bNaC|l@SfEOnBUvBGb@m@xEc@lCg@lCUfAUhAaAbD{AbEm@vAi@hAm@hAm@dAmAlBqAlBsBlCgF`HaC`D}Xf_@q@|@o@z@qAbBq@z@k@x@mE`GwQlVgFfHeFvGiD~D}A|AcB~AwAlAmA~@eAx@wAbA{BpAcCpAkB`AuBt@{Bn@yD|@iBXcBRs@DwJr@qGb@yDVkW|AmQhAsM`AaAFiJl@eDPoAJsPlAoJl@mXnBmAFmZrBwDVyD\\\\cIh@qEX{BLsBDuB@oBE}@C{@Km@K}Do@}@QkAUeAS{Dy@_@GiDs@wDu@g@Ki@MkBa@mIaBaEw@}Ci@iAQsAMsAKo@E_]iBkUkAsIc@{Kk@mOw@{EUsDO}@AS?{@@cANeCn@mAd@}At@oAx@mAdA_@b@s@v@yAtBkGnJgExGeEnGcKxOeElGkE|G{I|M{FxIsLvQmGtJ_Td\\\\_D|EuEfHqDvFkAdBm@xA_@nAOl@Oz@a@zF{AjUs@dKaAbOYzDiCx]mCl^M|Am@nIcC|\\\\i@pH_@rFcCp^_Cl]aGf|@kG|}@Q`EEt@Y~JS|Fs@lSStGm@dS_@fKYdF[pEk@~Gk@rFSfByAnNUzBk@nFSbB]|CoAbHMlAMtAMpBmArQ_@jFUlDg@lHoC~a@kCv`@IlAa@|HEtACdAc@lYMxIWxOIhHEdCAv@CrCCzACdBAfAAp@Ab@?\\\\IzEChBC~@Ix@UdAe@pBOh@[pAQt@Wt@i@xA}AvDyDhJaA~By@tBSb@g@hAO\\\\oAvCc@`Ay@lBYn@qA~CyEjLeAbCuFrMiCfGgBdEsK|VqAxC{EbLMXQ`@iCbG}BlF}@vB{DhJgAjCIR]v@i@lAiAlCo@|Ai@pAM\\\\mAtCaAzBsCbHsCbHuAlDw@zBwAbDeCzGwGjP]z@iAvCcFdMaCbGaBdEkAvCcOn_@uGnPiUbk@Ob@yG`RqGpSy@fCi@bBaBxEgF|LaBpDuJ`TwBrE}CvG_C~E_@t@qAvCo@fBe@jBc@pBeBjIq@hDMj@Mj@uA`GSbA[nAEV_AdEGV{@xDsAhFs@`Cq@dB_AtBiAlBkAdBkAvAwApAgIhHgDlCi@b@cN|K_GrEgGtEcDdCqF~DsB|AeJ|GmBxAcBxAw@t@a@f@s@z@cAvA}@pAeAhBqAnCiAlCqCzGuAdD[v@aAvBq@rA_AxAs@`Ay@dAaAhAcAbAmAdAUPg@\\\\_Ah@cAb@s@ZOFSF{@RsBTaADeBJeL^qGTcK`@wALeAP_AR_Bh@eAd@_Ab@s@\\\\[Py@f@k@\\\\m@`@q@f@i@f@i@h@oBzBqA~AQV]`@{F~HeBhCgCzDm@~@MZUh@a@jA_@jA_@~ASbASbAKdAMxAWdEEz@Ep@CpACjA@jADvC@z@H~E@f@F`DPnJBbBBtCB~CApA?pACn@Et@Gj@g@hES`By@~FgDnWo@vE{Ffc@yIzo@g@tDs@pEe@zBQr@_AzDsBnIaO~m@{@nDmAjEg@dBuArEw@~By@~B_AbC_AxB]x@[p@sC`Ge@dAg@~@g@~@]n@MTq@bAm@z@c@n@yAhBo@v@q@v@uC|C{@z@{FnFmBdBcGtFuEhEuApA}MbMoAhA}@z@iCjCkAxAiAzAcElGwDxFs@jAg@~@q@tAe@bAkArD}@`Cq@lBm@|A}@`CGX_AzDyBvI]zAqRr{@mExRcSj}@yDbQa@hB_@~AUdAUlAKr@[dDQxBQzBU|DM`EEzC?rB?zABtAJzGPdG?d@BbB@jCEdCGxBQfCW~DIlAGhAKvAk@vJYhE{Bb^UfDOxBwA~U}@vMs@fLwCbc@OzBAPsAdS_@tFaBzUuA|SKvAq@nJWdD[dDk@pDk@dCo@~BeAjD{CtJkIdXoInXuAxEyHxV_@jAqApDaAlBiA|BoA|BiA|AaBnB}VtYuK|LcA|@qAv@g@TiCjAe@P_@Le@NyKlDyFhBcHzBkBl@eBj@wBt@yItCgA^kInCeEvAsHdCyAh@}@^c@FwAXyABm@Es@M}@OcAWwA_@{@SYG}@OiBg@sAa@m@[_@Ws@m@k@_AmAaCg@uAwA_Ei@wAsCaI{AiEKYeGyPeCeHaCaHqDkKoEqN}@wCi@gBy@sCi@qBk@cCgD{NkA_F}@qEqBaKkB{KoAaIoAgHe@mC{CiQaEwUqBgLcF_Z_DyQeGo]eFaZoAyGaCeMmBuIcBeI}GuVwF}SsDwM{Sav@}@gDw@uCmCyJwTyy@{AsF{DuNyGiVuMcf@wAgF}GwVoIcWw@cCg@mAiFqM_IgQsJ_V}GuPwDmJqEkK_]mw@eFaMmAwC_IkRkH}PcFyKoNy\\\\uUoj@aGmNyFyLkGaM}EqIkFqIuCcEcDaFiBqC}GkI_M{M}HyGaLyJmEuDy\\\\}YSQgEwDgVsSuJoI}EgEkUeSwQyOkFsEuVgT_K}I_LyJ{@{@oFmFuDsD{PaQ_D_DcJiJ][m@o@cIiImIgJaDyDmCmDsCsDmC}DkC{DwBmDkEkHaEyH{EqJ}DaJ_I}R_M}ZmSih@kBwEyMa]aNk]iBsEiHwQoEsKiBiEkBcE{EuJ}@gByDgHa@u@GKsAyBoAqBsDeG_KqNsDqEcDcEaEgE}CaDeAgAyCoCcB{AwBkB{BmB{FqEuKcH_L{FuBgAyNqHk^qQsTsKcPeI_OiHgEsBiN_Hu\\\\kPKGkFiCeRkJaJoEqFoCmAk@iOoHwQcJ}M{G_HkDoAo@}T_LgDaB{RyJcB{@cKeF_J_GuF}DgG_F_HiGuAuAqEoEiZyZcMcMuL{Lk`@u`@YYmMsMaGiGiXsXmRuR}DaEoJuJaJgJeEkE_M_MyDwDyOaP{C}CqNyNyS}SkHkHeAcAwEiEiFyEgK_JgHgG}LsKSQoe@ma@eIeH}IyHyIgIsHaHWUwHyHmEuEeCiC}FyGqPoR{AcBkLmMi@o@yRuTkMsNsKuLqKsLwKcM{QqSaAgAkBwBqEeFkHqIyDyEkFoHmJ}Nu@sAkHuMqHgOiIuRcDaJUm@Yw@eAoCaBoE{EwMeIuTgMm]uMo^aO}b@qBkG}GeT{Mob@gE{MyAeFaHqTuGkS{CmJcCwHwB_HsBoGy@kCaDaKwCwH{@wBsDoIuAsC{AcDwE{Iw@qAaCcEkEcHmRgYgL{P_DwEyEsGsE{Fm@y@iEyEgDiD}CwCuCeCoDqCoE}CmFqD}EgC_Ag@gEiBeEgB_C{@iCaAsDiAyBk@}Cs@mCq@yDm@mDg@qCUyCUiCGwAE_DEk@AkEAgC@gAFY@}CNgCNaE^}Gh@wCNoAD_ADiE@yDEuCEsCM_@CqAMcGo@wEo@yEw@}Cq@{C{@]IcDgA_FeBgF}BeCiAmBiAgFyC{FgDcJiFQMMGMIqHqEuE{CqBqA}D_D_EcDeA}@mCgCsCuCuFyFoC_DiC}C}BsCm@w@a@i@yAqBeCmDaDuEcC_ES[gBwCyByDOWcB_Ds@oAaEgHoC_F_@o@q@oA_CgE_BqCsHgNsCkGsA{CwAeDsAqDmAqDuB{Ge@}AyAsFkAyEy@cDgAeFu@{Dy@qEyAcIm@iDcCeNgBuJwA}HiHea@i@sCwGk_@w@mEuEwWoA{GiAkGyBeL}@yD_A{D{BuIk@iBoA{D_CmHqDcJyC}GsDoHaDcGqCmEeCuDgA}AeAyA_C}CkAqA{CkDsDuDaAqAoA{BcAyB}@wBy@{Ce@cC_@gCa@gEYoEGgG?cEH{DL{A|AeQVcCTmB`@oBT}@\\\\y@v@sAjAsBhA{AtBkB~@{@|AsAr@OxCoCn@i@h@g@d@e@d@a@bB}A|@s@TSjAeAv@y@PUd@o@nCaCrAoAFCtBkB`@]^]tAoAPQrJyItAoAj@i@rAmAv@s@JK~AwA~BsBlCaCf@a@f@a@v@o@ZYdB_B^Y`@[PQtAkAtAiAtAiArNsM|EiEXAT?B@Jb@DTPn@FVVvAXxA\\\\jBFEnB{AFEjByANKLMpEmDLIJI|BcBfBwAHG\"', '2025-12-16 14:30:40');
INSERT INTO `calculated_routes` (`id`, `from_office_id`, `to_office_id`, `distance_km`, `duration_min`, `route_data`, `created_at`) VALUES
(16, 975, 989, 623.30, 471, '\"uwa}Hugi~CMDYFw@Ns@NOD[JSFSFYNKDe@Xy@h@a@TWNWLUJoAb@YDUDeAP_BXaALw@JcBZgARs@LaATkAZ}@Pw@N[FaALOBi@JUD_APkCb@a@DE@oARkDj@]T}B`@_BVaBZgAPq@Ls@NsFv@KBs@HiAPc@Fe@Dm@JQBc@HeAPgAPq@L{@NkAR[Fo@JWFoDl@c@FQDeDj@]DUDa@F}@LQEIGIEWSEEEEECECE?EAE?E@GBEBEDEFCFEHAHGPITS^E?o@LWDyAV{Ex@uAVkARmAPwAV_ALWFa@HUBqCb@o@J_APu@L_BZaEt@_Dj@K@oCd@]Fg@Hq@NmBZwATmAPE?i@Js@L_GdAwAVqATmARc@FSDUDkAP_Fv@i@HWFa@DUD]DcANsC`@qAPgAN]FmANaALKBgANi@HmC\\\\YDOBi@Fk@Hi@FmAPI@[DuBX}Ft@{@L]DiANeH~@{ARSD]DOBk@HeD`@{APi@FOBWB]FkBRmHbAgBTqC^aALeBRWD}ATSB]DkDd@o@HWDeAN_ALcGt@[D_ANUB_Gx@i@FaAL}@Lw@Lo@Xc@Ve@`@sAfAuArAkBfB_LlKgBbBmAhAaA`AuAnAmG`GaB~AsBpBcItHeC~BkCdC_DrCmCjCcC|BIHoNxM_@\\\\{AnA_A`AsArAOLiAfA}@x@{AxAuBtBo@r@]^WVGH_@f@o@v@_AbAIJcBlBc@h@UZy@nA_AzAcF|Ic@x@yBvDmBbDuQb[wJpP}AlCsTz_@aDtFuKxQeCpEwWtc@{@xA{HvMILu@pAyKdRs@lAkAnBmGlKWf@GHaG`Kw@rAeDvFcDtFYf@KPORk@`AS\\\\a@n@yAfC_DjFqGxKS\\\\OVoDfGaA`BADqKpQ[h@m@dAsA|Bo@dAU`@e@v@EFyDzGcDrFGJwAbCsAfCyAzC{C`HeB`EoDdKiDnK{FhQ{ApEuBvGqBdGsHbT_AnCa@fA_@t@m@`AKNEFOTMPQRa@f@o@h@q@h@m@\\\\q@HmAZaALkADsACqAUkAQyIgCqA[mC_AcBy@s@g@g@]yE}CgAu@yDgCkDgCsEqCsBeAkBw@sAe@kAYoCa@uAQkDe@uD_@_COuA?qA?cEDeENuFJsFJsP`@aBD{CFyINmKT_MHsYl@a@@iCJg^p@yFReGL_EH_IPic@~@m@B_IPkKZwAB{HJcJZkDFgGL_@@_@BM?c@@aVj@wINqKZM@aDFqAB[@{BFc@@{BFuADG?kCH}EJiBDmCFoADM?yAByABy@@[@q@@q@@mBFsEL}IToLVgCFmCFwADgA?mABW@i@Da@De@JUFcAX_Bh@cGzBKDSHi@R{DxAKDGBSHc@Py@XsBt@WJ_Bh@yBz@qAd@uEhBcDrAsB~@OHk@^a@\\\\]Z[Zm@n@{BrCo@v@aDbEgB~BwFjHcSxVaFjG{AlBeDlEiAxAgDlEoA~AwDzEqKrN}GzIoHfJwHbKgAvAsRhWs@z@k@v@}C|DMNuCtDUX}AtB_EnFgEnFmE~FqK|MeC|CqZr`@m@r@aEhFkEvFUZaDdEiAvAyAlBe@l@q@z@SX]b@iE~FkExGmFjI{A`CwAzBiAfByAhCgAvBiDjHSd@mG`NwDbImDvH}CdH{@vBiBjEeAtCw@dCc@jBa@|BuAxKeCpUg@nE}BpSmDb\\\\}Dn^UtCCJMdBMxAc@rG_@jJKxBu@vQg@bNaC|l@SfEOnBUvBGb@m@xEc@lCg@lCUfAUhAaAbD{AbEm@vAi@hAm@hAm@dAmAlBqAlBsBlCgF`HaC`D}Xf_@q@|@o@z@qAbBq@z@k@x@mE`GwQlVgFfHeFvGiD~D}A|AcB~AwAlAmA~@eAx@wAbA{BpAcCpAkB`AuBt@{Bn@yD|@iBXcBRs@DwJr@qGb@yDVkW|AmQhAsM`AaAFiJl@eDPoAJsPlAoJl@mXnBmAFmZrBwDVyD\\\\cIh@qEX{BLsBDuB@oBE}@C{@Km@K}Do@}@QkAUeAS{Dy@_@GiDs@wDu@g@Ki@MkBa@mIaBaEw@}Ci@iAQsAMsAKo@E_]iBkUkAsIc@{Kk@mOw@{EUsDO}@AS?{@@cANeCn@mAd@}At@oAx@mAdA_@b@s@v@yAtBkGnJgExGeEnGcKxOeElGkE|G{I|M{FxIsLvQmGtJ_Td\\\\_D|EuEfHqDvFkAdBm@xA_@nAOl@Oz@a@zF{AjUs@dKaAbOYzDiCx]mCl^M|Am@nIcC|\\\\i@pH_@rFcCp^_Cl]aGf|@kG|}@Q`EEt@Y~JS|Fs@lSStGm@dS_@fKYdF[pEk@~Gk@rFSfByAnNUzBk@nFSbB]|CoAbHMlAMtAMpBmArQ_@jFUlDg@lHoC~a@kCv`@IlAa@|HEtACdAc@lYMxIWxOIhHEdCAv@CrCCzACdBAfAAp@Ab@?\\\\IzEChBC~@Ix@UdAe@pBOh@[pAQt@Wt@i@xA}AvDyDhJaA~By@tBSb@g@hAO\\\\oAvCc@`Ay@lBYn@qA~CyEjLeAbCuFrMiCfGgBdEsK|VqAxC{EbLMXQ`@iCbG}BlF}@vB{DhJgAjCIR]v@i@lAiAlCo@|Ai@pAM\\\\mAtCaAzBsCbHsCbHuAlDw@zBwAbDeCzGwGjP]z@iAvCcFdMaCbGaBdEkAvCcOn_@uGnPiUbk@Ob@yG`RqGpSy@fCi@bBaBxEgF|LaBpDuJ`TwBrE}CvG_C~E_@t@qAvCo@fBe@jBc@pBeBjIq@hDMj@Mj@uA`GSbA[nAEV_AdEGV{@xDsAhFs@`Cq@dB_AtBiAlBkAdBkAvAwApAgIhHgDlCi@b@cN|K_GrEgGtEcDdCqF~DsB|AeJ|GmBxAcBxAw@t@a@f@s@z@cAvA}@pAeAhBqAnCiAlCqCzGuAdD[v@aAvBq@rA_AxAs@`Ay@dAaAhAcAbAmAdAUPg@\\\\_Ah@cAb@s@ZOFSF{@RsBTaADeBJeL^qGTcK`@wALeAP_AR_Bh@eAd@_Ab@s@\\\\[Py@f@k@\\\\m@`@q@f@i@f@i@h@oBzBqA~AQV]`@{F~HeBhCgCzDm@~@MZUh@a@jA_@jA_@~ASbASbAKdAMxAWdEEz@Ep@CpACjA@jADvC@z@H~E@f@F`DPnJBbBBtCB~CApA?pACn@Et@Gj@g@hES`By@~FgDnWo@vE{Ffc@yIzo@g@tDs@pEe@zBQr@_AzDsBnIaO~m@{@nDmAjEg@dBuArEw@~By@~B_AbC_AxB]x@[p@sC`Ge@dAg@~@g@~@]n@MTq@bAm@z@c@n@yAhBo@v@q@v@uC|C{@z@{FnFmBdBcGtFuEhEuApA}MbMoAhA}@z@iCjCkAxAiAzAcElGwDxFs@jAg@~@q@tAe@bAkArD}@`Cq@lBm@|A}@`CGX_AzDyBvI]zAqRr{@mExRcSj}@yDbQa@hB_@~AUdAUlAKr@[dDQxBQzBU|DM`EEzC?rB?zABtAJzGPdG?d@BbB@jCEdCGxBQfCW~DIlAGhAKvAk@vJYhE{Bb^UfDOxBwA~U}@vMs@fLwCbc@OzBAPsAdS_@tFaBzUuA|SKvAq@nJWdD[dDk@pDk@dCo@~BeAjD{CtJkIdXoInXuAxEyHxV_@jAqApDaAlBiA|BoA|BiA|AaBnB}VtYuK|LcA|@qAv@g@TiCjAe@P_@Le@NyKlDyFhBcHzBkBl@eBj@wBt@yItCgA^kInCeEvAsHdCyAh@}@^c@FwAXyABm@Es@M}@OcAWwA_@{@SYG}@OiBg@sAa@m@[_@Ws@m@k@_AmAaCg@uAwA_Ei@wAsCaI{AiEKYeGyPeCeHaCaHqDkKoEqN}@wCi@gBy@sCi@qBk@cCgD{NkA_F}@qEqBaKkB{KoAaIoAgHe@mC{CiQaEwUqBgLcF_Z_DyQeGo]eFaZoAyGaCeMmBuIcBeI}GuVwF}SsDwM{Sav@}@gDw@uCmCyJwTyy@{AsF{DuNyGiVuMcf@wAgF}GwVoIcWw@cCg@mAiFqM_IgQsJ_V}GuPwDmJqEkK_]mw@eFaMmAwC_IkRkH}PcFyKoNy\\\\uUoj@aGmNyFyLkGaM}EqIkFqIuCcEcDaFiBqC}GkI_M{M}HyGaLyJmEuDy\\\\}YSQgEwDgVsSuJoI}EgEkUeSwQyOkFsEuVgT_K}I_LyJ{@{@oFmFuDsD{PaQ_D_DcJiJ][m@o@cIiImIgJaDyDmCmDsCsDmC}DkC{DwBmDkEkHaEyH{EqJ}DaJ_I}R_M}ZmSih@kBwEyMa]aNk]iBsEiHwQoEsKiBiEkBcE{EuJ}@gByDgHa@u@GKsAyBoAqBsDeG_KqNsDqEcDcEaEgE}CaDeAgAyCoCcB{AwBkB{BmB{FqEuKcH_L{FuBgAyNqHk^qQsTsKcPeI_OiHgEsBiN_Hu\\\\kPKGkFiCeRkJaJoEqFoCmAk@iOoHwQcJ}M{G_HkDoAo@}T_LgDaB{RyJcB{@cKeF_J_GuF}DgG_F_HiGuAuAqEoEiZyZcMcMuL{Lk`@u`@YYmMsMaGiGiXsXmRuR}DaEoJuJaJgJeEkE_M_MyDwDyOaP{C}CqNyNyS}SkHkHeAcAwEiEiFyEgK_JgHgG}LsKSQoe@ma@eIeH}IyHyIgIsHaHWUwHyHmEuEeCiC}FyGqPoR{AcBkLmMi@o@yRuTkMsNsKuLqKsLwKcM{QqSaAgAkBwBqEeFkHqIyDyEkFoHmJ}Nu@sAkHuMqHgOiIuRcDaJUm@Yw@eAoCaBoE{EwMeIuTgMm]uMo^aO}b@qBkG}GeT{Mob@gE{MyAeFaHqTuGkS{CmJcCwHwB_HsBoGy@kCaDaKwCwH{@wBsDoIuAsC{AcDwE{Iw@qAaCcEkEcHmRgYgL{P_DwEyEsGsE{Fm@y@iEyEgDiD}CwCuCeCoDqCoE}CmFqD}EgC_Ag@gEiBeEgB_C{@iCaAsDiAyBk@}Cs@mCq@yDm@mDg@qCUyCUiCGwAE_DEk@AkEAgC@gAFY@}CNgCNaE^}Gh@wCNoAD_ADiE@yDEuCEsCM_@CqAMcGo@wEo@yEw@}Cq@{C{@]IcDgA_FeBgF}BeCiAmBiAgFyC{FgDcJiFQMMGMIqHqEuE{CqBqA}D_D_EcDeA}@mCgCsCuCuFyFoC_DiC}C}BsCm@w@a@i@yAqBeCmDaDuEcC_ES[gBwCyByDOWcB_Ds@oAaEgHoC_F_@o@q@oA_CgE_BqCsHgNsCkGsA{CwAeDsAqDmAqDuB{Ge@}AyAsFkAyEy@cDgAeFu@{Dy@qEyAcIm@iDcCeNgBuJwA}HiHea@i@sCwGk_@w@mEuEwWoA{GiAkGyBeL}@yD_A{D{BuIk@iBoA{D_CmHqDcJyC}GsDoHaDcGqCmEeCuDgA}AeAyA_C}CkAqA{CkDsDuD{GqGsGoGgEgE{A}AkAoAgBoBmB_C_AoAeC_D}A{B{A}BcCcE_ByCiCgFaAuBuAmD_BwD}AeEM[cAwCsBgG{B{GsGaSiEuMwEeNu@aCu@}BqCsJaCeJyB}IqB{IOq@{BcLeCmMc@wB_@gB_@qBc@}BsAaHsAcIkBmLw@aGq@yFi@_Fy@}Jc@gGGs@]}G]_JKsDQkICeBY}UQ}JCqAKkEScG[wG_@gGc@mGc@cFu@sHq@aGeA{H_AaGcAcGaBeIYmAaBuHmB{GMa@aBwFyAmFwAgEsAuDqAiDgCeGw@aBoDqHsCyF_CkFyCwG_DwGw@cBoCgGqByEeCcGwAqDgBmFkIoU_AkCuAsDcRki@mCqHoBwFe@qAkI_VeIaUeCkHYu@kCgI_AeDmByGsAeFMi@gByH}AsHaAkF]iB]sBqAaIa@kCmBsLgBgLeJol@cBiKaD}PgC{KuEqRk@qBkCyJgCsI}A}EeAwDwDqK_CgG_CuFiCcGiDmHmEwIuB_EuAkCgIoOiIuO}IuPoEmIwBoEiDmHsDmIsEsLgB_F}BwGuBaH_BgFaAaD_CyIuCcLgJ_`@oEwQaOum@kFmT}BqJi[{pAkA_FgH{YcCgLeC{LaCqLeAwFwCsO}BqN_CkNiBwLwBoPw@}F_A{GuBsOqCoSaBuLiEy[qAwJuD_YU}AiAeIwAuKiDgW_AaHsCaTgBsM}AgLs@aFeAuGqAmH]mBc@}BwAmH{CiNgDeN{BoIcCiIoDcLs@uBm@eB_EyKiM}[i@sAyBwF{@uB}BgGkAyCuDqJmNc^yI}TwBuFgGyOyFgOgCgH}CmJ_DwKy@{CcFyR{CmNqCuNoIac@o@aDsHw_@w@}DmBsJ_@yBgF{W_C{LoAuFcAsEiAsEeC{J_AaDqA{EyBiHaCoHw@yByCqIuBuFqByEwD_JiEaJ{CeGgDiGwC_Fk@_AuIoNuGsKkLeRqEuHuC_F[g@}BsD}GaLaIkM}HqMyE}HiAmBuGuKwHkMyM}V}EwJ{ByEwMcYwM{XqEmJgHeOq@uAiEkJwAyCwEwJoIyQ{@mBuFuLsE_KiA_Co@sAsJiSq@yAyD{HuKmUgUef@yBwEyUeg@cOm[eSkb@gRa_@cXqg@mMsVk[}l@oKkSoA{BsEaJeCsE_G}Kc@}@{E{JeHcOs@_BuA{CyGmOsWem@eCoFae@_fAy_@m|@yKyVeEqJmAsCmIiRwDyIiGiNiH}NwIwOyEmHcDwEsGyIiKcMiLoLoLeK}HuFiTmNeSiMur@ad@sZuRiFkDyCkB}EaDgEsCmLoIg@_@kEmDmA}@{@o@uHmGmLkK{X_YaUuUeo@so@{`@ma@_HcHmAsAcB_BeFgF}GcHiGkG{GeHeMcNoL{NqJuMcIwLkDwFeCmE}CqFgH_NqLmV_F}JgCiF}IsQmIkQ{BaFi@eAQ]yE{J{CcGmByD]w@wCaGwBkEYk@yDaIiB}DwC{Ge@cA{DiJeCwGa@gA}CaJ_C{HuBiHuGcWsA{Fq@yCkBqIAMq@eDoA{G_AqFoM}v@wCiQoCgPkE}WmGu`@uByMsG}c@_Guc@yAwLcCoSyAsMaBsNyBkSOmAQeB]qD_Ds\\\\cGcq@QmBqAoOSoByBeVuB}U}BqWmCeZ]iE]aFg@iJm@{N_@}JYkKQeJKgJEaGC{H?mHBcHLkNL{GRqIDkCN_Fl@{N`AiRrAoQhAyMfAgKzPcxALiAz@gHlBcP^aDjAwK\\\\_Eb@yFb@qG`@wI^}JJgEPmJDoGA_NS_OMkGOwDc@wIo@qKq@iJWaCIq@_@gDcAoIk@mEu@gGoAkJcA_IqCsSkDaW}Lq~@kBsMaEqZUiBS}AGc@}@wGu@iF?EQoAIg@SuAOmAyA}KG]sBgOe@iDuMeaAmFy`@wBcPqCwS_A}GQoAYyBmBiNkBoN}Jyt@a@mCqF_`@qCaTuB}NcAuGc@mCi@kC}@kEeAgEm@wB_A_DeAyCiD}IkDcJsF{NsCoHEK_BgE{A}D}]i_AmNa_@gRcg@uE_MkDcJkReg@eCuGgNq^_Sch@wQue@sIyTyD_KeH{QeCmG_AyB}@mBaAeBmBwCuBiCgCuBmDiCiHwCKEwGyBcCq@qCu@mPcFcCs@gCw@oF_BkAYsLuDyNoEqF{AiIiCw@UeEqAOEuWcIiBk@WIUGuUkHqDgAeCaAsEmCw[eSwD_C{i@c]uJeGSMiDwBeF_DoOoJeMcIm@_@e@WoDwByFoDuQeL}GyEcDkC}BwBi@k@aAcAy@gAkAyA_CaDyA{BoCyEkBsD}@qBiAiCq@iBw@oBiBsFaBqFg@cBkBiIs@oDw@_E_AeGw@aGq@wGc@gF]oFWcFUyGKsGIyKA{@C{Ec@u`AKiYOw[MeXIuGMkGO_FWyGSsEYiFuAuPQaBQiB}@cIu@qFs@iFw@yEeBwJcA}EuA{FG[oHgZe@iBiCwJ}DsO_DaM}@oDm@iCe@qBkIc\\\\eGkVgEuPa@aBiBgH{B}IgEqPs@{CeAaFu@uD}@aF{@qFkByMQuA}@aKw@sKYyFU{FUsGMsGEgG@gGHeNTmIVyGZwH`AsPh@qLh@oO^kLFcBTuHd@_T^kUXa^BsI@kDBcTKeTAqDMqNQsNSiLS}Kg@kQy@qWiBe`@k@aLmAqRqAuRmAgOuBgWCa@S{Bo@gIe@wFw@}Je@sFmFop@gGku@qDcd@OeB_BeS}AcSeBuSgBwT]iEaAyL}A}R_BoSmDie@{@_LgAaOaAyMaC{\\\\mAsPqA_RaB{UsA_SSeCYyEe@kHe@mHKiBcDmf@gCy`@aAoOAMoAmTsA}SyAaVeBaYmJc|AKgBu@uK_Eof@sEac@U{BeDsWmDoWsAmIc@}Cq@cE{@mFu@wEEUiEeVgAoFm@wCmHu^iA}Fe@_Ce@}BCUqDoQeAeF}@}EwDcRwCkNgB}IcAcF}@mEiB_JeCaMeAeFeByI}BeL_EaSs@gD_FiVqHe_@kCsMqByJOw@o@yCgPux@kCwMi@kC}CkOs@mDo@aDu@uDWqAoAoGiA_G{FoY{@yDqBaKaHs]qAuGm@kDUkAoA}HkA}Hu@qFQkAgAqIcA{I_A}Iy@gJu@oJk@aJuAgWCc@{A{ZMoCe@kJg@uKGeAGwAg@oJ{@}PkCqi@eB}]}@}QCi@_@}HoBi`@_Dup@UuEwCam@aCmg@MuC[aGq@sNQqCM}Bg@oHU}CI_Ao@sGcAwJkAqJc@gD}@uGa@aC}AgKaCmMcC_L{CcMcEoO_CiHaEmLiByEyBiFcFoLsFeMuBiF_@aAqAoDkCmHaCoHaGyRcBoGwBwI}CmMEQgAuEuA_GsAeF_@uAo@aCmBiHgDuKqAwDeFyNyAyDyAyDaCwFqBkEc[qs@cSsd@iOg]ue@ufAmNs[qG{NsEgKyE}KaFwMaDiJaAyCo@oB}@wCy@iCsAuEsA_FqAiFqAmF{@uD[wAsAeGwAsGw@aEs@{DeAqG[uB}@sFqAqJy@eGOmA_AkIW{BsB}Ro@_GkF{f@_CmUGk@{AmNcDuZmBaR]eDgAyKs@{GeAmK_AkI{@}H[qCeA}J_@gDOkB[sCM_Ay@}Ge@gDkAwIGk@c@gEY}D[aLMsEIeCEgBAWCw@KwDWiLEsBAkB@yAFuANwALaALe@v@gDhAgDVs@~@eClA_Dp@eBl@_Bz@}B`@cAjA}CrAmDbAmChAyCNa@d@mAXw@jBwExA}DnGwPlBcFdBeEzG}Pf@wAd@mA`@mArAiD|@_CzGkQrBsFvCsH`DkIfAqC`BgEvCuH`K_X`FoMzDaKd@qA~BeGPc@|CeI`AmCpAkDj@}AtCqHv@qBbFqMhIeTvBuFxAiD~AmD~A_DbB_DxCeFfC}D`DmEpCuDzEsFhQgSxCqDhA_BnCaFpBqEPg@hAeD|@iDLi@l@oCX{APaAl@wEd@{ETiC\\\\wDt@{H^eEb@oF^aFLkBVqEL{CJ}CHqEDcC@k@BwO?sAEsKIqx@?}CAm^C{M?cGA_I?gAA{KAyB@YAqAC}PA_EEmb@CgXAyHCcR?_@?[?cA?mOBqDDkDV_JNoDZoFf@sG~AqSZaEpCs]^wE`BmS~@aLBOHgBL}A^qFP{E@c@D_ALyELuGDqFAyHCyBI{E[gKo@mLQ}BK}AQeCQeCMmBMmBYwDc@oHKsCImAEuAEuCAu@AcG@wD?OAyD@uO@eA?eD?sKBoCBuJ?iE?eBBgR?aD?K?o@BaJBkM?M?]?gB@gC?oH@aG?kB@eNFaOBwH?uG?}C?yA@aIBmP@k@?kBBg^?yACsIM}GEwCEwCI{Bk@eQSoGaAiZc@kNI_CIwBy@wVq@ySyEswAaBuf@_@kLOeEu@gV[uIEsAa@kKWoJI{MCyHCcGAyCAuCAwBCyIAiBA}DIuZGeWMuf@Iy]Q_u@AeFC_L?gBCgI?}AAaBCwMImYC{OAkCOgp@?_@C}GAuEAaHEyP?c@A}A?m@AkCAsJ?wAAiG?cB@sLBeDFcHDsD@cB?mA@eDDsL?iAA{BIwIQ_KEsBe@sIKuBuAsYYqFQoFMyFA_AI}M@cMNkMzAso@dB_u@JiEDoALqFDuBD{AZsLLsCFkBReEd@sHn@aGv@qHL_ADUX{Bf@oDd@uCl@yCn@_DVmA`@cBdA_ElAiEtAgEdA}C`DaIlDsI`DyHtGePhHmQp@cB~CeJ`BeFt@iCpDmNbCiK|@eE`BeJt@iGj@_Fb@aEnAoMPuBpH_~@JkAdAwMPuBvBaXzDef@L}AbByShAgNVaDDu@jAsNlBgV`A}LtCg^~C}_@`@{Ed@_G^aFJeAZgDp@iHXyC\\\\wCBYPyArAqJJq@VwA|AkJ|@_FvFq[bEmUjAwGZaBJk@N{@z@aFpGk^hBcKV{ApCyOReAz@}E~ByMxCuPbEmUj@cDxE}WdDcR~AkJhE{UTmAX}Ar@}DdB{K|AuK@OBMv@qH~@eKn@eJLkBHaAf@oLHaCFmBPaHFeEBsBB{H?k@?wA?uEGqHA}@GuDWkKMoEe@gJI}AqAgVy@_P}@sPUcEc@kIo@kLOcC}@uQ[mG]aHy@aP_Bm_@c@mIc@cIkA{Ta@mIMiBSkEIkBq@qMSwDw@eOG_A{HsyAAWyAsXm@uLSeDAUKwBuA{WcAoRe@uIuFgfAi@uJk@wJe@cKKwBEs@C]GsAYaGe@kJu@_OaBkXUsEiH}vAg@eJ_Egw@uAsW_Eqv@e@mJ}@oP[kGS}DMmBA_@IkA?Gc@mIeA}SEy@WsEmCkg@i@yGq@}GoAkLqAgKw@iHiE__@]qCuOyqAuJ_y@}Fye@Ik@}AmM}B{S[kCcCsRoCqTe@iEOsA]_D{AuMQ{AScBE]s@gG{BoR_F}a@yLodAcCyRcA{I}AiMUmBOsAqFic@oC{UqBoQmB{U}@aLgByRk@aFo@aFkAoJiEiYiDeUoAyI}BqRuO_rAwJkz@oFsd@oUooBqAwK{AkM}XqbCgFsc@kIks@e@{DaDeYeAqJ{Di[oBsPoFge@mCgUy@{GaCiSgIsp@qD}Zm@mF_@wCE[oAmK[{Cc@sDEa@CU[oCWiC]yCcC}S}AiNeAuI]sCmEi_@cJqw@aGkg@iA_KoDiZcA_I_AsHu@cGwCwXmAsK]{CScB}BoRy@kHmBkPuC_WyHup@kAeKgKi}@iBoOiBqOe@aEqHyn@yBqRoPayAeAkJmAwKoDqY[aCyAsKUeBUcBYaBUsAScA_@wBkDyRiGe[kCmN_EuTcD_RiEgU_AoFaA_F}AyHqA{GwCiOuAcIm@iDqAcGoAcGm@qC[aBYeBk@}DYaCO{BK_DAYEwAAsA?aBD{BR}F^kMPmGXgIJmCNkEdAm\\\\FkBH}EBeE?sFEoCYaKE{@UgDKcAKiAw@aHa@uCCSG_@Oy@O_AGWE[i@iCkAuEkAcEUm@iAcD[w@_B_FsBuHgCcKkB_JiAsGeAcHw@mG{@qHcCeTuAaNeBqNsAcKyDsYqJcz@YgC{CgXcEg_@gJgw@_A_IcFca@{Ggn@eEu_@aHgm@eAcJO}A_B_OQeBEWKaACUmDsZcFoc@{P{yAeBaOmCyUgIgq@e@wD}@uH_B{NWuB{D_]yCmX_DqXaDqYaF}b@qAeLmFgf@wGyh@e@eE{N}pA_Ec]kDyYaEg_@uD{[{BqRUuBUsBkCoT{A_NkPyxAoPuxAsPiyAoJ{|@}D}\\\\wBgRcLmdAsAgLeKu|@eBoOaCeT}BwQQyAGe@SeBIo@iA}KgDmZsGml@wGwl@iH{m@{G{j@{PeyAGm@wA_McGci@kAwJ}AkNo@uFMcAg@qEMmA_DoX{F{g@ScBoA{K{@wHuBcRoDm[{BcSeM}gAiBaPeAgJ{KqaAoA_LuEka@}C}XgEy\\\\yBmRuDy\\\\iGki@iPkyAoDq[kAkKeB}O{@wIaAuJy@aHoMoiAm@wFq@uGKcAyA}LiDuZgBcPgAmJgCcU}CoXs@kGoJyy@kPmxAYcCm@iFi@sEcBgOi@cFa@eFM_BQyC]{GSwEQ}DW_LKqGCwD?mKBqHDwDJaILsDTcJ\\\\sGl@uKd@kHn@}Kd@{Hh@qI^}HRsHL_JFsGDcE?aC@aE?sB?m@G}CGkDQyFMsEOuDQiCUyDSmDUkDQiC]kDg@mFUkCYmC]eCu@yFu@oEaA{FaAwFoAsFeAyEm@eCo@gCg@mBu@iCk@oBu@iCm@sBw@_C}@cC{@iCy@{BoAeDiAkC_AwB_BgDkA_CcBuC_BuC}B{DoBsDoBqDiC{E{B_EaAeB_A_BiBeDmAsBqAqBsBmDwAgCy@yAg@}@m@_A_AeBgAkBwAuC{@kBwAsDkCmGu@uByAsD_AgCw@uBkAmDaAyC]iA]kAa@oA]kAQm@Uu@_@qAcDmNyC_OoFu_@mB}Va@cGm@sMa@_MO}KOwZQ_S]e_@w@gv@C{GAoEEeGu@sbAGeIe@og@QcJUmI_@wHc@qI_AgLKkAOuB{AyNsByNcA{FcC}M{C}MeDsLc]gnAyZghAy@iD}BuJsCkNwBiN_BuLs@wGu@kGUyC_@cF]eE}@wRW}HK}HI_K?}IVk\\\\?g@FcQLeTTcYR}R@sAD_ENgPV_Zb@wn@@mAFaJBgFXuc@DuGHgPF_HHsGJiMRi[h@qr@`@{p@d@ij@@o@`@aq@\\\\sm@@_ANuQ@sAFmJDiD@KBqB@c@BcCP}JF{CHiED}AZkIFcBNcEPwDVsEX_EJ}Al@aKh@}GHeAz@sIj@gGj@eGdAcLt@sHt@kHt@_In@yGx@}Ij@}Fr@cHf@kFt@yIz@kLV_D~@}L|@aMb@_GTeDbAcOr@aMdAmR~@eRr@aPPiEpCuv@L}C`A_T`@oKH_C`@gOL{M?gKI_GKoIYmK]qIMiCWyEm@aJy@yIeAeJyAgLcB_LcBiL_BoKgAuHkAiIqAmJwA_MiAcLeAoO_@cIK_CImBSoGO{GIkGAsCCuC?aFBgJ`@ki@HkLNwRXoa@FmJDcGNyPH_LBkDRmXHmJHyKPiUBuC@{Bf@cq@`@mh@f@ms@XsUHsIFqGNuO\\\\aM`@_J\\\\eGfAoNlCwZtDgc@lAgMXkDHeAb@sEtA}NBSj@{HBYRqBbBaR`AaKxAgObAoIT{B\\\\iChBiL`AoFx@cEt@wDvC_Nd@}BtCwM`AcFHe@t@yETaBr@cFVqBv@yHJ_Ab@uDHq@\\\\wEt@oJ\\\\yF\\\\{Hd@qM^eJb@aHb@}Et@cGv@mFJo@`BqKRoApBkMvFc_@ZoB`CmPLs@|@iF~@}E`AyEbAwEbAgEdAgEp@mCb@_B^sAbBwFnBmGbCiH~@oCTo@Rm@dB_Fv@{Bz@iCnDiKl@gB`AsCvBkGnByFxE{MdAyCtA{D`@mAHS|F_QhCsH|GwR|@_Cl@}Af@yAFQjEcMnAyDX{@ZaADK|@aCbKmY|C_JpFcPdAuCnAsD`@gAbCeHrHeT^o@\\\\]~@SFAHEHEFIHIFIDKFMDOBOBO@O@Q@Q?OAQAQDiBJkALk@`BqEd@sAj@aB~C_Jh@aBLYTq@La@x@_C~B{Gf@{ADIPk@^cATq@~@kCrEcMPg@z@cCXu@Vw@`AkCvAcEdCiHNa@Xw@b@kA~@iCrD_KZ_AvDmK~GuRrA_ExKc[pByFlAkDz@kCn@aCdAyEH_@RwAHa@Jm@LcAR_BPyBT}CLsCHoCDeC@YBiAHoDn@{[BiA@[T_LPaIBqB@Y@_@H{AVeDj@_FVkBFi@L{@Ho@hB}OhBsNFg@He@TeBT_AZkANg@L_@N_@Tk@Xq@`@_A\\\\q@n@_AxG{JxCwEvAwBTc@JQJUNm@He@Jo@`@qDf@aDzAwJp@gEx@sFt@}EBKbBkL`A_Gr@kEJk@Fe@IMOUQYs@kA_@k@MUIUGUEYCc@Es@Ea@G_@G_@Mi@Ma@sBeDS]e@w@M[IUEQAS?O?SHgCNiGBy@JqCF_CTaHBs@@e@PcFPkF@YJiDBo@LyE@Y@a@@SDk@@e@VoGF_BLyBJ}BF_ADu@JkBHkA?Gx@oMLeBJ}Ab@wFDc@FWLYf@_Al@iAb@{@x@eBFMN[LOq@{B_BeEUk@e@wBBQ@Q?S^sAlBwB~@eAFIvCaDxBgCzA}AzAcBv@}@X[t@}@`AkATYb@e@p@k@JKd@[b@Wp@W\\\\Ix@UvA]xAc@xAc@tAc@jAi@pDoBtBoAhAu@rBsAbBcAfAo@nW_PzHuEjS{Lj@]RMhF_D|MeIt@e@p@a@tFkDhBgA|A_Ap@a@fBiA`E}BvAy@|CoB`Ao@pFwCxD}BTKRCLBLHHPHTBT@TAb@QtBYjAWVUDMAQMGGU_@YgCk@wE_@gDo@mFSgBiAcKCOI}@mAiKe@iE}@eI[mCe@aEuA}L]aDkA_K}@cIk@aFeA}IK}@w@_HMuAZJXKTKpAo@~Aw@pBcA^]f@g@d@m@Zg@Zy@N[Tg@BKTq@d@cBjA_FdAyEtAwGz@yEv@_FnAsKv@kIl@mGBa@LqAD}@f@sFvAmQ\\\\qD@GZwCnAwNFw@LiAd@{EXgD`@yFR_BPmALqA`B_PLqAr@oHJgArAqO~AqPf@{Fl@oH^uE`@wEhAsLj@qF\\\\qCvAuLh@mE\\\\mD`BiN`BeNtCmULeAPaB~@{HXwBTqBhBeORcBb@qDlBgNdBmO`@oDj@eFTiBHw@fBoNHk@tBwPr@aHJcAzBsS?k@PyATkB`@gDdM_eAZoCFg@z@gH`@}CtO}pAn@aFfB_OXiCFg@bKoy@n@qFtD}ZhA_KNiAnGei@d@}DlAaKhJgv@`CaS~CkW`CmSpBiUfCmZzC_]PsBVmCjEgf@tCg\\\\xIybAjAuMLsAd@kFxBsVh@wFHy@XeDxDcd@b@}ExAoPrAcNL_AVuBn@iEdAqGLy@bAiFZgB@GdCsNzAyI`@{BX{AhBgKlNwy@d@cDfAsI~@}J~@}Mb@oG`Cg^|AmTjCk_@d@_Hn@iJf@mHz@sLhBcWnByXRmCVcDFm@~@{Mv@cLN}BXaEpKs~AxCcb@h@sHb@sGxBy\\\\r@}J`AiNnGm}@b@sGPsBHoAJoAfJssAnAyQVqDjGm}@dDyd@Do@JqAPiClA}PjCm`@r@oKB}@B_ArDciAzCgdAx@_XfC{y@DsAJ}CFgBp@aVt@uVR}F~Ayi@F{AJoCH}CNqFnBwn@z@oZj@mQhEsvANiFf@}OxDwmAz@aYDuAFoA^kM`Bmk@fAy[l@aSp@gTd@{PbBai@^aKHyB^gMp@wSLkEfAo]r@{UZeI^wH~@{R^{GFy@dBw^`@uH^qH\\\\yGFmBDiA@s@FaDDcFBkEFqQDaCDeB@o@LkCBg@HcAnAiLl@qEl@wExB{MDYr@_El@{DTsAxB}MjB}Jp@eC`AyEnBaKnDySz@_GZwBRyAf@aEtA}IvAmIpAiHn@qD`@oCtE_XlAmH`@yBpDgTvDyTvBeMp@wDb@gC~AqJhAgG^iBd@gCp@wC`AiDlAiEnAqDtBaGZ{@nBkEtDkI~GqOj@oA~AoDfDoHJUXo@v@eBlBiEpAyCrAmCxCuFzAuCnCmF~F_LrHyNp\\\\go@JQpBwDjKcSz@aBfMaVnBgEhDoH|@uBb@{@vKeWdOy\\\\xF{MrCgGz@iBzGaOlDgIxNw\\\\`FiLpMeZbCkFbC_FLW|EcJtEgIvD{FnCgErCcEvFmHlGuHvAgBbByBrB_CpBqCfAwA`BqBhHyInNiQ^e@nImK|k@qs@`OiRdK{LxCcEx@eArBeC~AmB^c@jTyWzUgY|AkB~@iA~@iAtf@sl@r@y@|BoCvJkLrMwO~AkBpA}AlNsPhb@ig@|H_JtEwFp@w@`DyDfEoFdDoFdD{GlBaFjBwF`ByFLk@dAmE|BkMrBkNvDqVlA{HlAyIBKr@sEnOabAdCaPl@{DN_AZyBbJql@`AkGZgBtAiJ~AiKxQ{kAxAoJdB_Lv@yE|AmHvBeItC{IhCkHrCuGz@yAx@wAbCuDjBoCxCmErIwLdGqItAkB^k@v@iApKmOjLmPbB_ClJyMjM}PtEaHnAiBrd@gp@fA{A`CiDvEsG`DsErBuCnC}DhRaXhEgGx@iA`E}FzDsFt@eAXa@vAqBnJ{MfFkHdZib@f@q@pDeF|E{G`EuFp\\\\qd@lFkHfGmIvBwCdJgMv]_f@~AwBlCsD`F{GNSX_@n_@yg@pCyDzGeJfLyOpEmGv@oAj@y@xAkCxAqDRo@`AwChGyVPo@^iAj@oBPk@PWLOLSB?TINUJ]Dc@?IGq@Se@]QA?QMQSOQSi@s@wBYk@KYaA{Cc@yA]eAw@gCgDsLyCkLqCeMUgAmCmNO_A_C_PcAoH}@qHiAyK_A{KsB_Wg@cGkEqh@wEmk@sE{j@SkCm@}HWcEKsBQ{EQsJIoECwFFmKLyJF{BnAyXdCqYDi@VoDdAmNd@uHb@_LRyODkFA_HCeAM_EKmFKkEQoEEoAi@qIqCu[aEod@CY]{DSiBc@gCiGwUgCgJ]uA}GoWu@wCUy@eA_Eo@sC_BgGeGqUmBkHk@yB_AmDeGkUmD{MiAmEiAkE_D}LgJ}]}CwLcF{RwVw`A_DqLqBqHeA_EkF{RwGeWkYwgAWcAI]Uy@Qo@oBwHq@gCU}@o@cCwFiTOm@qJw^Ia@qIg\\\\c@aBYgAkAoEESwCeLiFgSqA}EU_AwZykAqRsu@{DgO_CaJkAsE{[ynAw[onAuZmkAyA{F}DkOcDgM{Lwe@cBuGg@mBsEmQ}@gD[oAsDuNeCuJmE{P[iAaE{OcHmXSu@iCuJK_@iD}McBsGkEwP_BiGqLsd@aE}Oc@cBc@cBqGyViAoE}C_MU{@aBuFyAaE{A{CwAiCe@q@Y_@sBiCkBsB{AwA}AoAoAy@uAy@uBcAe@WmAo@iCwA[QuSwLuMuHIGuNoI}GyDm@[gIcFWOECMG]UgBgAmCcCsAsA{CkDyBwC{BqDwAmCqAgCuAaDgByEm@gB_@iAWcAw@{CEMu@sCeAsFg@oCYsBeAaIq@uHAWKyACi@GqAEeAQuFA]KqDEaCc@eWEaBM_IAo@@WBSFQDKBO?OCMEKGGEKGSCWMoHAy@GiCCiBMuGO{IKiHCgAIaEg@oZO_Ja@sVm@_]e@{VCoAEsBSyHQeLOyK?EGmDEkCCw@GuF?uEHoDNmDP_DZmD`@wD\\\\qCf@sCxAmGzAmFfBwEtB_FlFmMrAcFnAqFfAqHTqBf@qEZ{GBaGDyBC}CEsCc@aN_@_JGgBMyCSuEOeEYyGA]}Bml@iBag@ImBK_DWaGq@}PsAe^IoBeAqXCq@I_CKqCw@_TQcE?IEqAGiAMqDo@}P[iJi@cNMeDYsHK}BO{DI}BE}@KaCOiD]qJe@gMEsAE}@g@mNy@gUUyGe@yLU}Gq@ePK}CIyBYmHGaBWgHsCmu@i@kNe@eNWiHgC_p@EqAoB{h@aDk{@KuCG_BEmAO}DASc@cLEcAC_AQuE_@sJiBgg@VGRE~@UFCjBc@~HwBzLoDlI{BrKuCfOeE|KaDzAm@v@]vAm@nFeClJqEnE{BVMbDwAhN_HrJmEhEuBfAg@fB{@h@WjB_AzHsDlHiD~DoB~CqAd@Op@WhA_@`AUj@MjBW~@Il@GhDWjBQfDStLy@rBM|BKdD@`FJ|EJxEJdADjEHfABnJV`HTxGPdHHdELxKXnOd@dAD`ABl@BjELhDN~ETdA@dDDnBEhEIhM}@pQwA`CGvA@pCAhBMzBWpC_@~AUTE~MaCv@Kb@ItU{CfJkArCWfF]nU_B|E[dAEXChDYXE^EjBQ|Ay@PMtCqBxAiAx@m@xCqBtBgBRQfDsER[rCeEnB}CpEoHnA}BZm@tAiC~AmDnAcCfBsD|BmEz@kBZq@lAwBdBoDU_@q@oA_AcBpB}D\"', '2025-12-16 14:31:02'),
(17, 994, 989, 310.33, 290, '\"uae}Hiq~qDt@En@?F@BHPnFpAAGyCKcIAwC}BcHGAGC_@KyAe@qAi@QIa@MSIeD`F_McYwEaMYe@QC@{APwH@m@FmAPuGFwGt@kHD_@mAOWEu@ImCU_@EsBQqAO]Ek@Gy@GaCYoDa@mA?kAXc@Ds@D_CI}@Cm@?YCa@Eo@?m@E_@Cg@Ie@Oc@S_CyAu@[QGWG_@G{AWI?yBUwAOqAMI?uAUq@GqAMqLiAeGs@gBIgAAoEHU@}JXeCHgEL}BF{@Bg@@{Uh@mXt@qCZ{Br@qHlCaEvAi@PiBp@mKzDoFpB_ANy@@}@A}@S{Bu@sEwAME[M}L{Da@MoAa@yBs@ICeA]k@QeF_BSGc@AY@_@NWTSVORWt@k@tBQl@oA|E_CdJgDnM{A`GyA~FY`Aw@vCk@tBw@xCq@jCU|@Mb@iAjE_BlGeIh[_@zA_Ndh@gBtGs@lCu@nCq@bCs@jBmAtBeF|Fkn@vr@{EdE_BlAqAbAgGjCgDvAkDp@yEf@oFVsBAeBQuEi@eAWm@MaB_@_FuAoR_F{k@_PwH}B{\\\\gJ_\\\\{IcCq@oCu@{UsGgCq@{xAw`@sDeA{DeA_u@kSi[eIg]sJwr@wRcUkGaFuAwGiB_o@aQgMkDcAY}d@oMkSuFaAYaAWuF{Ay@_@}@c@y@c@w@i@}AiA}AsAmPgN{iBk{Aw@s@sLeKkYqUcG}EmCwB_XqTeg@sa@}E_E{@[gAQu@Ig@@iALyAd@aBjAsBdCi^lc@_Y|\\\\a@f@iNpPaCfCmEtEa@`@YXq@r@cEzEeBzBaA|AkDfGe@|@oGrLaAjB[l@k@fAWh@k@|AMb@Mx@WbBKz@]zCS`BOtAKx@i@bFo@fG{Ffj@qArLm@~Ds@bEw@vDaAdEkC`KkCjJmB~GgHvSsAxD{@dCoAjD}EhNc@jAc@|@m@`AMVsBrCeD~EgG|ImMlRkAdBiCzDg@j@g@f@{@n@w@f@y@`@KFi@Ri@RyAd@yBp@kIhCWFwAj@UJiAd@yBhAeDrBiY|PkYjQgSdMeUlNyCjBoFfDiUjNsBrAma@dWmGrDqEfBkDjA}@Z{PxFai@`QcKnDuCjAmChAmL`G{LnGk@X_D`BcRnJaClAwIhEaD~AcA^o@Nu@BiA?}AMmAYu@]m@[e@_@]Ym@o@w@{@KK_@a@s@w@qBuBk@k@{@}@GIm@o@}@_As@u@iEuEsByB_@a@gIyI_BcBOOSWkCiC}BwB}GeGuEeEiRwP{LaKqJuEaJaDcPwFqUcIsHiCuDuAqBu@wDwByBqBcBqBcBgB}@eAi@o@q@w@aSeV_JmKm@u@kVmZ_CsCu[wa@{CcDsDyC_EiCigB_cAm\\\\eRaFiDgDeE{AgD]s@wAmHeBcMgNs~@yHgi@eAoG]wB[eB{@}CM]aAcCyAkC_BmBeCwBuKgEuYsJgDi@mDQoEEkOpAwQvB{Q`CyEn@eLnA}BPqBHo@Ai@Au@AaBGMAiAGwAOgCa@cBc@iEuAs@]YMoLsFmAk@eCiAuFkCoEsBwFiCk@[g@Se@QaBm@uBo@wI{BqD}@cIsBeAWoGaBsA]sJcCqR{EmFsAqB[yB]gMsAiRqB_Fk@mDo@cLuCkXcHeGsBgAa@i@Wo@[yF}CcVgMwE}BcCaAeCo@aEi@qEa@gC@{Mb@k[~Aa@DcBH_EPmLp@?sAHyZC}C@}IuHcFkBaAWkEAcOAkOAkDBcYnB}^d@eFj@wArFqBfAuB~EuNvCsM|Ea_AdAgVrDi_Ai@w`@Uwa@MiLBcKGsVBqC`AgHfBgHvBsMtAs\\\\hDqO|Iqd@~EsWpDwW@_q@MsSU{GYkCi@qD_AyDqGkSoH{WoPcj@sE_OyD}OmJea@iLaf@u\\\\gzAy@cE}@qEeBqK}DyW}W_hB}DsX}B{Q_AgGeAoFcBcGyB_GyF{Lkn@sqAeO_g@aFwQm@wBmLqa@yAuFc@mCyAaOeAcLoGct@gBiS_AkKUyBEWKMdAqCi@y@OW{@wA_A}AqBcD]i@w@oAiCaEcBoCa@q@cF{HaCqDoEkHaEkGqI}MkCcEuHwLk@w@wDiGqG}KmEqIeBgDgCuEoC{EoAaB}AaBeAeAsAaA_Ae@[OOG{FsBwT}H}KuDgHiCqBw@gGwCgFwDwBkBmB}B_EeF{DwGsd@saAaVch@}Tef@q_@{w@q`@{y@{[er@_BeD}n@usAaIsP_FeM{DaMeEeOqM}g@wd@}iBkO}l@sGaV{b@oiAs~@eaC{Tuk@q_@yaAqM}\\\\oCgHuCuHks@kkBmBaFeLiZ_u@mnByMq]cTmj@qFqNsEsKiDeGOUoCiEcJyKgPgPcB}AwMqM}MoMuOqO{QiQ_j@wh@gTsScR}QwCmC_G{F_G{F_O_NcOuNk[}ZqC}EgDqI{C{Mu@gHWwEQuCg@qKOkDo@kN}@yI[}Ai@gCeBwEuAmCuB{CsDgDsCyAKEeDs@oTScMMeDCg_@UoGOgBOwA[yBw@uAi@sAo@}AkAoAmA}@gAkAeBmAkB{@eBgAgCkDeJaF_NqAnCw@rAk@r@i@h@oDbCqWxOqHtEyMbI_o@d`@qf@bZcEfCwA~BiDjGgDpGYj@}AxCoAfCE`A@~@FjAR`APl@Xl@b@`@h@X^FbAMf@a@b@m@`@qAJqAByA[sBm@mAcDqDaLoMmTiVcg@gk@[[y`AagAmOcQiE_F{@aAP}ADYHmADuA@oAEkAIsAm@gHEcAAu@Bw@NsCJg@zDcQdAaFxCaNl@wC`@uBl@cE`@yC^cENgCJkBNaEHgD?}@?kCAqDK}DKuCGaAMqBIgAO}AKgAUkBi@wDgBgKq@_Ek@yDe@sDg@aEYaDWeDScCKgBW{FE{@AeA@c@DWN_@JQNKFCP?L@PPLPJVVr@Z|AJv@TpALt@BZ?XAPEn@G^M`@IRMPKL[Zc@R[Ja@Je@E_@GUG[MWS[YW]Ui@Yu@Qs@Mq@K_AEy@?u@BaAH_AP{@R{@Tm@Vs@TiATcAH_AB{@@sADyE?qB@eHFiHB}DDeFGg@CIECI?G@YXCBwJzIa@`@cBxAqMvLoJ~Ia@Zc@Ze@Rc@Ly@T{DfAkCr@cBb@gRfF{GhBaKtCeEhAeCn@s@Lk@Faa@@uaAOqY@ib@MoI?aIt@oYtD}[xDup@fIaI`AuEl@s@@e@Cu@Q{FuBed@}OuCcA{XuJ_YiJu@WYIeDgAiDgAmMqEcA_@mNaFcEwAk@U_GoBqA]y@M{B_@gFy@qXqEcEq@eBY}AYgEq@mB[_BWqBW_QiCwIkAoJuA_MkB_IkAkKyAuImAiO}BmEs@{GcAoEs@s@MiAQSEOCe@IgCc@wAYgAWc@MOGg@UeAi@c@Oc@Kq@GoAGi@EkA@_ADoAHm@BoBLeFToAFw@@S@eGX_AJcALm@Pg@Nc@N_@Pa@Te@R{DvByAv@sAr@ULk@Xm@\\\\g@XSLiAp@IsEUcD_@aEe@qHiA_KEc@yFow@[yCQmAUiAg@gB{@yBmIcPcDiGQ]MWQ_@[s@Uu@S_AKc@QsAEs@AuA?g@@c@BqA@s@JiFJgFD{AD{B@]By@JcD@YLoELgFLkFHwEb@iTd@iTfB_aAhAml@FiDFkKLia@@uB?qANo^Di_@h@gbB@mABuG?yHP}]J{]p@ubC`@}q@Xi~@N_s@\\\\cy@@e@@eKDgF@wDAcCHsPT_n@Lkn@NmZb@_wALi\\\\Jg\\\\FwNHiVBwJDwJFsZAuII_DGwAKwAI{@Gw@Ii@Ga@Mk@Ge@SeA_@gBe@cBOg@g@_B}BaHc@uAi@cBm@gBg@}AcD_KMa@GSIWmAuDcA{C{B_Hk@gBeBoFk@gBa@iAUw@oA{Do@qBy@eCw@gCyFcQeAaDgCaIoCqIyJyZsJeZiYo|@q@sBgKq[mVuu@mKc\\\\wh@w`BkKq\\\\ok@ogBiRkl@qCoIK]mQkj@mFmPc@uAUq@_@kAgBsFeAaDsHsUc@sA{AsE{@oCuBqGeQwi@s@{Boa@apA{]{gA_BaF}CqJ}Kg]w@aCaUes@aFwOsBmGy@gCy@gCkLo^gDmKo@sBWw@o@oB}@sCk@eBu@_CmAuDQk@u@}BoCsIAC}A{EQg@aD}JKYwAoEq@uBs@uBw@uCCQCQC]?k@?QDc@Fc@@e@Aa@I_@KYOSSKYCSEa@IGCIEIKIOYi@K[_CqHwAkEIUu@_CwCcJQk@KYOe@g@aBiAkDe@yAIWm@iBc@wAM_@e@yAqA_EuBsGi@cBaAyC]gAq@wBWw@uAiEEMe@wAeBoFkB_Gm@oBOc@c@eAQ_@Q_@OWYc@g@o@k@q@qCaDeAmA_FmFwCeDsCcDqQqSs_@wb@{OuQk_AyeA_H{I{BuC}_@}`A}Ns^gP_a@g@mAi]gz@m\\\\iy@cCcGmbAadC_Smf@sF_NuGaPcAgCc@iA_A}BgR}d@_Tuh@mZmu@qJqUkHmQgEgKeFeMgAoCq@aBm@uAIUyq@gdBgp@u`BoRwe@cS}f@yToj@iCwGM[cZku@yLeZWm@mP}a@oDwImDyI{Rqf@wMk\\\\yHqRiAsCmAyCoB}EkTki@kFqMGM{KsXq@eB_q@oaB}Lw[aAcCi[}v@uPqa@imAm{C}Pub@Ui@aH{P}HwRm@{Ai@qAo@}AqEiLaBaEgAqC{@uB}@{BoDiJqM{[}JkViUwk@iHqQsNc^_Rqd@gKoWoBeFsIeTmIaScNc^k@{Ak@yA}@}Bqs@_hBc@kAgPw`@gWmo@wXer@sXar@uWup@cAeCuBwF}Nw^yEoL]{@Uq@sDcJ}IaU_CwFYw@eAkCwOs`@o@}A_EgKaHsQo@_BmDwIaMc[qKeXkQkc@kHsP{CkGoA}BqAkBsDoEmD{D}D{D{FmFiEuCeEmCe^aPg@UsEwBkFcCwMiG_v@q]oEkBi@UaQ_IyNcHoAm@gAw@kA{@oLsJcCeC{AsByD_HaCwEeBmDaEcJiG{OgCqHwBmHgBgIWaBOcBYoCUaEQeEc@wLQuHM_HG_FEkE@eE@iGHmGD}DFqDBmCHoBHeBXsFf@_FRyA`@{Bd@qBf@uBr@{BbAaEjA{Dt@mCl@oBv@sDRiAx@uGb@iGJsFIwHE_C?c@CeBQiDm@eDiAkES_AiBoI{CaNmDaPmBqIcEaRoC}LeCiL}A_HuAeGkKme@ks@qaDmf@wzBi`@mgBMm@}Kmg@kOsq@yXuoA}AkHuBgJQu@o_BglHwAsGcViiA_AqE]yAsBmJu@iDqEcSi@aCuGiYuSs~@mIia@mQix@i_@qeBgDkPK[{J_d@sCcMe_AajE_FsUyD_Q{A}GcBmGk@kBw@kBeBwDuAwBuAeBwBwBoCuBoCsAuA]sAYaD]uCDoBRcFbAoFbAaCXiBIyASiFmAiE_B}EiAsFqA{HuC}CgAmCoAmFsCsBuAqByAsEeE{B}BqByBaDiEkDcFqCyEcCqEcA}BiAwC]_Aeb@shAWaAOa@Mi@Ea@A]Ca@?IGq@Se@]QA?QMQSOQSi@s@wBYk@KYaA{Cc@yA]eAw@gCgDsLyCkLqCeMUgAmCmNO_A_C_PcAoH}@qHiAyK_A{KsB_Wg@cGkEqh@wEmk@sE{j@SkCm@}HWcEKsBQ{EQsJIoECwFFmKLyJF{BnAyXdCqYDi@VoDdAmNd@uHb@_LRyODkFA_HCeAM_EKmFKkEQoEEoAi@qIqCu[aEod@CY]{DSiBc@gCiGwUgCgJ]uA}GoWu@wCUy@eA_Eo@sC_BgGeGqUmBkHk@yB_AmDeGkUmD{MiAmEiAkE_D}LgJ}]}CwLcF{RwVw`A_DqLqBqHeA_EkF{RwGeWkYwgAWcAI]Uy@Qo@oBwHq@gCU}@o@cCwFiTOm@qJw^Ia@qIg\\\\c@aBYgAkAoEESwCeLiFgSqA}EU_AwZykAqRsu@{DgO_CaJkAsE{[ynAw[onAuZmkAyA{F}DkOcDgM{Lwe@cBuGg@mBsEmQ}@gD[oAsDuNeCuJmE{P[iAaE{OcHmXSu@iCuJK_@iD}McBsGkEwP_BiGqLsd@aE}Oc@cBc@cBqGyViAoE}C_MU{@aBuFyAaE{A{CwAiCe@q@Y_@sBiCkBsB{AwA}AoAoAy@uAy@uBcAe@WmAo@iCwA[QuSwLuMuHIGuNoI}GyDm@[gIcFWOECMG]UgBgAmCcCsAsA{CkDyBwC{BqDwAmCqAgCuAaDgByEm@gB_@iAWcAw@{CEMu@sCeAsFg@oCYsBeAaIq@uHAWKyACi@GqAEeAQuFA]KqDEaCc@eWEaBM_IAo@@WBSFQDKBO?OCMEKGGEKGSCWMoHAy@GiCCiBMuGO{IKiHCgAIaEg@oZO_Ja@sVm@_]e@{VCoAEsBSyHQeLOyK?EGmDEkCCw@GuF?uEHoDNmDP_DZmD`@wD\\\\qCf@sCxAmGzAmFfBwEtB_FlFmMrAcFnAqFfAqHTqBf@qEZ{GBaGDyBC}CEsCc@aN_@_JGgBMyCSuEOeEYyGA]}Bml@iBag@ImBK_DWaGq@}PsAe^IoBeAqXCq@I_CKqCw@_TQcE?IEqAGiAMqDo@}P[iJi@cNMeDYsHK}BO{DI}BE}@KaCOiD]qJe@gMEsAE}@g@mNy@gUUyGe@yLU}Gq@ePK}CIyBYmHGaBWgHsCmu@i@kNe@eNWiHgC_p@EqAoB{h@aDk{@KuCG_BEmAO}DASc@cLEcAC_AQuE_@sJiBgg@VGRE~@UFCjBc@~HwBzLoDlI{BrKuCfOeE|KaDzAm@v@]vAm@nFeClJqEnE{BVMbDwAhN_HrJmEhEuBfAg@fB{@h@WjB_AzHsDlHiD~DoB~CqAd@Op@WhA_@`AUj@MjBW~@Il@GhDWjBQfDStLy@rBM|BKdD@`FJ|EJxEJdADjEHfABnJV`HTxGPdHHdELxKXnOd@dAD`ABl@BjELhDN~ETdA@dDDnBEhEIhM}@pQwA`CGvA@pCAhBMzBWpC_@~AUTE~MaCv@Kb@ItU{CfJkArCWfF]nU_B|E[dAEXChDYXE^EjBQ|Ay@PMtCqBxAiAx@m@xCqBtBgBRQfDsER[rCeEnB}CpEoHnA}BZm@tAiC~AmDnAcCfBsD|BmEz@kBZq@lAwBdBoDU_@q@oA_AcBpB}D\"', '2025-12-16 14:31:14'),
(18, 826, 885, 183.92, 168, '\"uwa}Hugi~CMDYFw@Ns@NOD[JSFSFYNKDe@Xy@h@a@TWNWLUJoAb@YDUDeAP_BXaALw@JcBZgARs@LaATkAZ}@Pw@N[FaALOBi@JUD_APkCb@a@DE@oARkDj@]T}B`@_BVaBZgAPq@Ls@NsFv@KBs@HiAPc@Fe@Dm@JQBc@HeAPgAPq@L{@NkAR[Fo@JWFoDl@c@FQDeDj@]DUDa@F}@LQEIGIEWSEEEEECECE?EAE?E@GBEBEDEFCFEHAHGPITS^E?o@LWDyAV{Ex@uAVkARmAPwAV_ALWFa@HUBqCb@o@J_APu@L_BZaEt@_Dj@K@oCd@]Fg@Hq@NmBZwATmAPE?i@Js@L_GdAwAVqATmARc@FSDUDkAP_Fv@i@HWFa@DUD]DcANsC`@qAPgAN]FmANaALKBgANi@HmC\\\\YDOBi@Fk@Hi@FmAPI@[DuBX}Ft@{@L]DiANeH~@{ARSD]DOBk@HeD`@{APi@FOBWB]FkBRmHbAgBTqC^aALeBRWD}ATSB]DkDd@o@HWDeAN_ALcGt@[D_ANUB_Gx@i@FaAL}@Lw@Lo@Xc@Ve@`@sAfAuArAkBfB_LlKgBbBmAhAaA`AuAnAmG`GaB~AsBpBcItHeC~BkCdC_DrCmCjCcC|BIHoNxM_@\\\\{AnA_A`AsArAOLiAfA}@x@{AxAuBtBo@r@]^WVGH_@f@o@v@_AbAIJcBlBc@h@UZy@nA_AzAcF|Ic@x@yBvDmBbDuQb[wJpP}AlCsTz_@aDtFuKxQeCpEwWtc@{@xA{HvMILu@pAyKdRs@lAkAnBmGlKWf@GHaG`Kw@rAeDvFcDtFYf@KPORk@`AS\\\\a@n@yAfC_DjFqGxKS\\\\OVoDfGaA`BADqKpQ[h@m@dAsA|Bo@dAU`@e@v@EFyDzGcDrFGJwAbCsAfCyAzC{C`HeB`EoDdKiDnK{FhQ{ApEuBvGqBdGsHbT_AnCa@fA_@t@m@`AKNEFOTMPQRa@f@o@h@q@h@m@\\\\q@HmAZaALkADsACqAUkAQyIgCqA[mC_AcBy@s@g@g@]yE}CgAu@yDgCkDgCsEqCsBeAkBw@sAe@kAYoCa@uAQkDe@uD_@_COuA?qA?cEDeENuFJsFJsP`@aBD{CFyINmKT_MHsYl@a@@iCJg^p@yFReGL_EH_IPic@~@m@B_IPkKZwAB{HJcJZkDFgGL_@@_@BM?c@@aVj@wINqKZM@aDFqAB[@{BFc@@{BFuADG?kCH}EJiBDmCFoADM?yAByABy@@[@q@@q@@mBFsEL}IToLVgCFmCFwADgA?mABW@i@Da@De@JUFcAX_Bh@cGzBKDSHi@R{DxAKDGBSHc@Py@XsBt@WJ_Bh@yBz@qAd@uEhBcDrAsB~@OHk@^a@\\\\]Z[Zm@n@{BrCo@v@aDbEgB~BwFjHcSxVaFjG{AlBeDlEiAxAgDlEoA~AwDzEqKrN}GzIoHfJwHbKgAvAsRhWs@z@k@v@}C|DMNuCtDUX}AtB_EnFgEnFmE~FqK|MeC|CqZr`@m@r@aEhFkEvFUZaDdEiAvAyAlBe@l@q@z@SX]b@iE~FkExGmFjI{A`CwAzBiAfByAhCgAvBiDjHSd@mG`NwDbImDvH}CdH{@vBiBjEeAtCw@dCc@jBa@|BuAxKeCpUg@nE}BpSmDb\\\\}Dn^UtCCJMdBMxAc@rG_@jJKxBu@vQg@bNaC|l@SfEOnBUvBGb@m@xEc@lCg@lCUfAUhAaAbD{AbEm@vAi@hAm@hAm@dAmAlBqAlBsBlCgF`HaC`D}Xf_@q@|@o@z@qAbBq@z@k@x@mE`GwQlVgFfHeFvGiD~D}A|AcB~AwAlAmA~@eAx@wAbA{BpAcCpAkB`AuBt@{Bn@yD|@iBXcBRs@DwJr@qGb@yDVkW|AmQhAsM`AaAFiJl@eDPoAJsPlAoJl@mXnBmAFmZrBwDVyD\\\\cIh@qEX{BLsBDuB@oBE}@C{@Km@K}Do@}@QkAUeAS{Dy@_@GiDs@wDu@g@Ki@MkBa@mIaBaEw@}Ci@iAQsAMsAKo@E_]iBkUkAsIc@{Kk@mOw@{EUsDO}@AS?{@@cANeCn@mAd@}At@oAx@mAdA_@b@s@v@yAtBkGnJgExGeEnGcKxOeElGkE|G{I|M{FxIsLvQmGtJ_Td\\\\_D|EuEfHqDvFkAdBm@xA_@nAOl@Oz@a@zF{AjUs@dKaAbOYzDiCx]mCl^M|Am@nIcC|\\\\i@pH_@rFcCp^_Cl]aGf|@kG|}@Q`EEt@Y~JS|Fs@lSStGm@dS_@fKYdF[pEk@~Gk@rFSfByAnNUzBk@nFSbB]|CoAbHMlAMtAMpBmArQ_@jFUlDg@lHoC~a@kCv`@IlAa@|HEtACdAc@lYMxIWxOIhHEdCAv@CrCCzACdBAfAAp@Ab@?\\\\IzEChBC~@Ix@UdAe@pBOh@[pAQt@Wt@i@xA}AvDyDhJaA~By@tBSb@g@hAO\\\\oAvCc@`Ay@lBYn@qA~CyEjLeAbCuFrMiCfGgBdEsK|VqAxC{EbLMXQ`@iCbG}BlF}@vB{DhJgAjCIR]v@i@lAiAlCo@|Ai@pAM\\\\mAtCaAzBsCbHsCbHuAlDw@zBwAbDeCzGwGjP]z@iAvCcFdMaCbGaBdEkAvCcOn_@uGnPiUbk@Ob@yG`RqGpSy@fCi@bBaBxEgF|LaBpDuJ`TwBrE}CvG_C~E_@t@qAvCo@fBe@jBc@pBeBjIq@hDMj@Mj@uA`GSbA[nAEV_AdEGV{@xDsAhFs@`Cq@dB_AtBiAlBkAdBkAvAwApAgIhHgDlCi@b@cN|K_GrEgGtEcDdCqF~DsB|AeJ|GmBxAcBxAw@t@a@f@s@z@cAvA}@pAeAhBqAnCiAlCqCzGuAdD[v@aAvBq@rA_AxAs@`Ay@dAaAhAcAbAmAdAUPg@\\\\_Ah@cAb@s@ZOFSF{@RsBTaADeBJeL^qGTcK`@wALeAP_AR_Bh@eAd@_Ab@s@\\\\[Py@f@k@\\\\m@`@q@f@i@f@i@h@oBzBqA~AQV]`@{F~HeBhCgCzDm@~@MZUh@a@jA_@jA_@~ASbASbAKdAMxAWdEEz@Ep@CpACjA@jADvC@z@H~E@f@F`DPnJBbBBtCB~CApA?pACn@Et@Gj@g@hES`By@~FgDnWo@vE{Ffc@yIzo@g@tDs@pEe@zBQr@_AzDsBnIaO~m@{@nDmAjEg@dBuArEw@~By@~B_AbC_AxB]x@[p@sC`Ge@dAg@~@g@~@]n@MTq@bAm@z@c@n@yAhBo@v@q@v@uC|C{@z@{FnFmBdBcGtFuEhEuApA}MbMoAhA}@z@iCjCkAxAiAzAcElGwDxFs@jAg@~@q@tAe@bAkArD}@`Cq@lBm@|A}@`CGX_AzDyBvI]zAqRr{@mExRcSj}@yDbQa@hB_@~AUdAUlAKr@[dDQxBQzBU|DM`EEzC?rB?zABtAJzGPdG?d@BbB@jCEdCGxBQfCW~DIlAGhAKvAk@vJYhE{Bb^UfDOxBwA~U}@vMs@fLwCbc@OzBAPsAdS_@tFaBzUuA|SKvAq@nJWdD[dDk@pDk@dCo@~BeAjD{CtJkIdXoInXuAxEyHxV_@jAqApDaAlBiA|BoA|BiA|AaBnB}VtYuK|LcA|@qAv@g@TiCjAe@P_@Le@NyKlDyFhBcHzBkBl@eBj@wBt@yItCgA^kInCeEvAsHdCyAh@}@^c@FwAXyABm@Es@M}@OcAWwA_@{@SYG}@OiBg@sAa@m@[_@Ws@m@k@_AmAaCg@uAwA_Ei@wAsCaI{AiEKYeGyPeCeHaCaHqDkKoEqN}@wCi@gBy@sCi@qBk@cCgD{NkA_F}@qEqBaKkB{KoAaIoAgHe@mC{CiQaEwUqBgLcF_Z_DyQeGo]eFaZoAyGaCeMmBuIcBeI}GuVwF}SsDwM{Sav@}@gDw@uCmCyJwTyy@{AsF{DuNyGiVuMcf@wAgF}GwVoIcWw@cCg@mAiFqM_IgQsJ_V}GuPwDmJqEkK_]mw@eFaMmAwC_IkRkH}PcFyKoNy\\\\uUoj@aGmNyFyLkGaM}EqIkFqIuCcEcDaFiBqC}GkI_M{M}HyGaLyJmEuDk@eAMg@KaA?{@H{@Ng@RYROf@Af@HTTNPLVJ^Jp@SrGOnEKvCQnDUfD]xFgApJg@dDGr@sB|MUzAk@jF{@pIAH]jDKt@Mf@Sb@Y\\\\}@t@k@^wFpD[RGD[Pm@^a@VaAj@kGxDuIfF}BrAmBjAoAt@e@Zk@\\\\qEnCOJ{@p@cAlAsJfLkK`MiArAc@f@iAzAaAlAMNSV?@a@j@e@r@IJGHo@~@OTkBrCy@pAGJsEdHmBvCuJhOcNpSaFpHYd@mBxCuBpCgD`EY\\\\yAxA}@v@GBe@ZuAn@q@VYJ}A`@{@Hy@DgFGqHIiA@}GGaHSiHQ}GIaACs@F_@Be@LgAV_CbAkAh@sAx@_@Xo@t@a@h@kAzAqGvMoCtFgG`M}FpLw@bBi@hAa@t@MXs@dASRWVw@\\\\g@PEBg@Lc@DU?OEWGYOgCeBKG]U[U}B{AwCqBc@YkW{PcG}DeG{DoOsJk@]eRoLgDuB}QcLe@Ww@a@{Ae@G?aAGeAFoA\\\\w@Zy@Z{HdDmI~DiClAwCdBkBbAgBp@_AXuH~ByBr@sBx@_Bt@aBt@}Ar@YNySnJsCrAgBz@sBtAYTa@ViAx@UNs@d@gC~AiAt@s@~@a@t@Qd@Sp@]pAqAjFsBnIq@bCUd@U^QPWReH`D{@^gBj@aBV{ADYAm@EwAW_Dk@g@Iy@OSEmASSEUEWE_@KmAUe@IsAU_@?M@SBSNe@`@o@x@cC~CwEfGyGtI}KlNeB~B_BvBcQlTeC|C{OfS}TlYgGzHgK|Mw@bAm_@jf@yLtO}JnMkNfRuLbPaBxBQTi@r@kBbCkJvL}PxTkG|HW\\\\aI~IoLjLwUvTsBtBaEbEyJvJoNbNaF~E_C~B{@x@uDzC_DhBeCv@uCd@cCLeLNyEHwBPuB`@}Bn@sCdAwCpAeEfB}IzD_OtGy@`@mEvByBnAyF~CeDtBaDpCkCzB{DdCi^|SuHpEsCdBaDnBqCzBeBzAgBhBkErEuAbBeGnHq@|@uKnNiAzAqCnDyDdFmA~AeA|AwCnEqDnFsBhDoBbDqJtQKRuFhLsNf\\\\}CnHeIfRaCtFaApBiApCe@hA}CpH_AxBeDdI{BfGaAhDe@|B]dC[zBmAnK}@vIuAfM]rBi@nCc@rBSl@Yx@s@`ByAjCYh@c@n@o@|@}AfBqAbAwAx@kEfBeFtBkEjBsQlHcJrDaCbA}EhBqJ|DoBx@yNfGuLbFqCz@UJsCbAcMzDqBd@oDr@kD^]@yCT]B_BHiBEUAiAGkGg@kG{@cGaAOCcDg@eF{@yAWiCc@}RaDw@Y_@M_@YkJcHe@]WQ{BcBkBwAuBaBe@_@u@k@c@]MKSMaAg@q@UyCy@oBk@kAYGTCTCZGn@_@hBw@lDYx@[t@a@n@SVSP[T[H_@Hc@D}@?G?OGMCSAWGMAG@EBWlC]hDYrBs@|DaCfMeClMcGzZ}CdP_BnI}AbJoAbJy@~Hk@dIQxDMrCEbDQ~IM~IMtCGz@KrAw@~GwA|K}DpYOdAeAdIaK~v@K`Aw@pGMb@M`@QTSPMDMHQXM`@Ef@AZBXDXHTJp@Dr@Ax@{ArOIv@}B`UmA~Iq@xEu@lEs@rDq@bDkAnFo@nCyB~HuBvGuBbGiBrEoBlE{A`DqCjFiJ~OkGtKgDtF_A`ByC|EcBhCkE`HkD|FoCjEiDxFu@jA{HhLuAhBqDzEwEvEgE|CuBtAyBvAg@ZqBhAqBbA_FbCyEtCoB|AaCnBoBjBgBvB{HhL_BrBYd@Y^e@p@EFo@`AgC|DaAzAmAjB_@j@gD`FYd@c@t@kCjFELUb@s@|AUd@u@fBSb@m@vAoCnGMVcBdEw@nB]dAAB[`AW|@GRg@dBkAxEq@bDs@~Dm@zDg@rD}Dr\\\\i@jEsBxPcA|IiGbg@}@pHyClVUlB{Fpe@sCzUmDtYwDn[{Jry@cApImGnh@kBrOsA~Kk@|EUnBG^_BlNq@tFe@bEyCpWmBfP}@xHc@bDShBEX_@fDi@zES~AwEpa@OdASlBqA~KWxBgAdJSfBk@|EY~B{@vHaAtHkAxKy@hJqAzUg@bKgDbq@iCdh@gAbUuC~k@sApXcBh]aCnf@c@lMOhFShJm@rXGbDm@rXk@bW{@~a@_Axd@g@nUSvHKbCQzBWzB]tBa@hBe@`Bo@hBiIvSo@~Au@lBoC~Gk@dBg@dBIZw@dDCHWzAWvBU|C[lFmA`]_@rLm@tNQbFuEbrA]|HiB|g@gA~YGxAw@|S[zH{AxYCZ_@lTsAt`@aArWg@hOiAhXElAc@fL_@jKoBdj@KlCkBvh@[tH{Ajb@YjIoBbk@g@rNE`AMlDIlC{Axc@YvIa@dKk@zPyBfn@g@hNStFEtAMlDm@tQcBbh@UzGOhEYhEa@pEw@vIeBvPeBfSgDf`@Iz@a@tE}@hK{@|Ki@dJeCfh@WxFQhD}@bRMlC_C~g@OtDCnACvCBtCBrCDpC?RDr@HtAh@fIB`@^lFf@bIZ~DHpAzAbT|@vMz@rLRtCDn@VlDDn@\\\\xEbAtNLhBJtAPfCZbEz@vMn@~IFbAF|@JtA_@AIBG@uC|@wAb@KB{@TaAXi@NqBl@_@JQDODq@RcBb@MBOBMBSBcAL}@NURBV@NNhE@N@ZQBG@YDcC\\\\o@J[DSBBf@HjBD|@Bf@G@E@[HwBb@q@P\"', '2025-12-16 17:03:05'),
(19, 826, 875, 508.62, 365, '\"uwa}Hugi~CMDYFw@Ns@NOD[JSFSFYNKDe@Xy@h@a@TWNWLUJoAb@YDUDeAP_BXaALw@JcBZgARs@LaATkAZ}@Pw@N[FaALOBi@JUD_APkCb@a@DE@oARkDj@]T}B`@_BVaBZgAPq@Ls@NsFv@KBs@HiAPc@Fe@Dm@JQBc@HeAPgAPq@L{@NkAR[Fo@JWFoDl@c@FQDeDj@]DUDa@F}@LQEIGIEWSEEEEECECE?EAE?E@GBEBEDEFCFEHAHGPITS^E?o@LWDyAV{Ex@uAVkARmAPwAV_ALWFa@HUBqCb@o@J_APu@L_BZaEt@_Dj@K@oCd@]Fg@Hq@NmBZwATmAPE?i@Js@L_GdAwAVqATmARc@FSDUDkAP_Fv@i@HWFa@DUD]DcANsC`@qAPgAN]FmANaALKBgANi@HmC\\\\YDOBi@Fk@Hi@FmAPI@[DuBX}Ft@{@L]DiANeH~@{ARSD]DOBk@HeD`@{APi@FOBWB]FkBRmHbAgBTqC^aALeBRWD}ATSB]DkDd@o@HWDeAN_ALcGt@[D_ANUB_Gx@i@FaAL}@Lw@Lo@Xc@Ve@`@sAfAuArAkBfB_LlKgBbBmAhAaA`AuAnAmG`GaB~AsBpBcItHeC~BkCdC_DrCmCjCcC|BIHoNxM_@\\\\{AnA_A`AsArAOLiAfA}@x@{AxAuBtBo@r@]^WVGH_@f@o@v@_AbAIJcBlBc@h@UZy@nA_AzAcF|Ic@x@yBvDmBbDuQb[wJpP}AlCsTz_@aDtFuKxQeCpEwWtc@{@xA{HvMILu@pAyKdRs@lAkAnBmGlKWf@GHaG`Kw@rAeDvFcDtFYf@KPORk@`AS\\\\a@n@yAfC_DjFqGxKS\\\\OVoDfGaA`BADqKpQ[h@m@dAsA|Bo@dAU`@e@v@EFyDzGcDrFGJwAbCsAfCyAzC{C`HeB`EoDdKiDnK{FhQ{ApEuBvGqBdGsHbT_AnCa@fA_@t@m@`AKNEFOTMPQRa@f@o@h@q@h@m@\\\\q@HmAZaALkADsACqAUkAQyIgCqA[mC_AcBy@s@g@g@]yE}CgAu@yDgCkDgCsEqCsBeAkBw@sAe@kAYoCa@uAQkDe@uD_@_COuA?qA?cEDeENuFJsFJsP`@aBD{CFyINmKT_MHsYl@a@@iCJg^p@yFReGL_EH_IPic@~@m@B_IPkKZwAB{HJcJZkDFgGL_@@_@BM?c@@aVj@wINqKZM@aDFqAB[@{BFc@@{BFuADG?kCH}EJiBDmCFoADM?yAByABy@@[@q@@q@@mBFsEL}IToLVgCFmCFwADgA?mABW@i@Da@De@JUFcAX_Bh@cGzBKDSHi@R{DxAKDGBSHc@Py@XsBt@WJ_Bh@yBz@qAd@uEhBcDrAsB~@OHk@^a@\\\\]Z[Zm@n@{BrCo@v@aDbEgB~BwFjHcSxVaFjG{AlBeDlEiAxAgDlEoA~AwDzEqKrN}GzIoHfJwHbKgAvAsRhWs@z@k@v@}C|DMNuCtDUX}AtB_EnFgEnFmE~FqK|MeC|CqZr`@m@r@aEhFkEvFUZaDdEiAvAyAlBe@l@q@z@SX]b@iE~FkExGmFjI{A`CwAzBiAfByAhCgAvBiDjHSd@mG`NwDbImDvH}CdH{@vBiBjEeAtCw@dCc@jBa@|BuAxKeCpUg@nE}BpSmDb\\\\}Dn^UtCCJMdBMxAc@rG_@jJKxBu@vQg@bNaC|l@SfEOnBUvBGb@m@xEc@lCg@lCUfAUhAaAbD{AbEm@vAi@hAm@hAm@dAmAlBqAlBsBlCgF`HaC`D}Xf_@q@|@o@z@qAbBq@z@k@x@mE`GwQlVgFfHeFvGiD~D}A|AcB~AwAlAmA~@eAx@wAbA{BpAcCpAkB`AuBt@{Bn@yD|@iBXcBRs@DwJr@qGb@yDVkW|AmQhAsM`AaAFiJl@eDPoAJsPlAoJl@mXnBmAFmZrBwDVyD\\\\cIh@qEX{BLsBDuB@oBE}@C{@Km@K}Do@}@QkAUeAS{Dy@_@GiDs@wDu@g@Ki@MkBa@mIaBaEw@}Ci@iAQsAMsAKo@E_]iBkUkAsIc@{Kk@mOw@{EUsDO}@AS?{@@cANeCn@mAd@}At@oAx@mAdA_@b@s@v@yAtBkGnJgExGeEnGcKxOeElGkE|G{I|M{FxIsLvQmGtJ_Td\\\\_D|EuEfHqDvFkAdBm@xA_@nAOl@Oz@a@zF{AjUs@dKaAbOYzDiCx]mCl^M|Am@nIcC|\\\\i@pH_@rFcCp^_Cl]aGf|@kG|}@Q`EEt@Y~JS|Fs@lSStGm@dS_@fKYdF[pEk@~Gk@rFSfByAnNUzBk@nFSbB]|CoAbHMlAMtAMpBmArQ_@jFUlDg@lHoC~a@kCv`@IlAa@|HEtACdAc@lYMxIWxOIhHEdCAv@CrCCzACdBAfAAp@Ab@?\\\\IzEChBC~@Ix@UdAe@pBOh@[pAQt@Wt@i@xA}AvDyDhJaA~By@tBSb@g@hAO\\\\oAvCc@`Ay@lBYn@qA~CyEjLeAbCuFrMiCfGgBdEsK|VqAxC{EbLMXQ`@iCbG}BlF}@vB{DhJgAjCIR]v@i@lAiAlCo@|Ai@pAM\\\\mAtCaAzBsCbHsCbHuAlDw@zBwAbDeCzGwGjP]z@iAvCcFdMaCbGaBdEkAvCcOn_@uGnPiUbk@Ob@yG`RqGpSy@fCi@bBaBxEgF|LaBpDuJ`TwBrE}CvG_C~E_@t@qAvCo@fBe@jBc@pBeBjIq@hDMj@Mj@uA`GSbA[nAEV_AdEGV{@xDsAhFs@`Cq@dB_AtBiAlBkAdBkAvAwApAgIhHgDlCi@b@cN|K_GrEgGtEcDdCqF~DsB|AeJ|GmBxAcBxAw@t@a@f@s@z@cAvA}@pAeAhBqAnCiAlCqCzGuAdD[v@aAvBq@rA_AxAs@`Ay@dAaAhAcAbAmAdAUPg@\\\\_Ah@cAb@s@ZOFSF{@RsBTaADeBJeL^qGTcK`@wALeAP_AR_Bh@eAd@_Ab@s@\\\\[Py@f@k@\\\\m@`@q@f@i@f@i@h@oBzBqA~AQV]`@{F~HeBhCgCzDm@~@MZUh@a@jA_@jA_@~ASbASbAKdAMxAWdEEz@Ep@CpACjA@jADvC@z@H~E@f@F`DPnJBbBBtCB~CApA?pACn@Et@Gj@g@hES`By@~FgDnWo@vE{Ffc@yIzo@g@tDs@pEe@zBQr@_AzDsBnIaO~m@{@nDmAjEg@dBuArEw@~By@~B_AbC_AxB]x@[p@sC`Ge@dAg@~@g@~@]n@MTq@bAm@z@c@n@yAhBo@v@q@v@uC|C{@z@{FnFmBdBcGtFuEhEuApA}MbMoAhA}@z@iCjCkAxAiAzAcElGwDxFs@jAg@~@q@tAe@bAkArD}@`Cq@lBm@|A}@`CGX_AzDyBvI]zAqRr{@mExRcSj}@yDbQa@hB_@~AUdAUlAKr@[dDQxBQzBU|DM`EEzC?rB?zABtAJzGPdG?d@BbB@jCEdCGxBQfCW~DIlAGhAKvAk@vJYhE{Bb^UfDOxBwA~U}@vMs@fLwCbc@OzBAPsAdS_@tFaBzUuA|SKvAq@nJWdD[dDk@pDk@dCo@~BeAjD{CtJkIdXoInXuAxEyHxV_@jAqApDaAlBiA|BoA|BiA|AaBnB}VtYuK|LcA|@qAv@g@TiCjAe@P_@Le@NyKlDyFhBcHzBkBl@eBj@wBt@yItCgA^kInCeEvAsHdCyAh@}@^c@FwAXyABm@Es@M}@OcAWwA_@{@SYG}@OiBg@sAa@m@[_@Ws@m@k@_AmAaCg@uAwA_Ei@wAsCaI{AiEKYeGyPeCeHaCaHqDkKoEqN}@wCi@gBy@sCi@qBk@cCgD{NkA_F}@qEqBaKkB{KoAaIoAgHe@mC{CiQaEwUqBgLcF_Z_DyQeGo]eFaZoAyGaCeMmBuIcBeI}GuVwF}SsDwM{Sav@}@gDw@uCmCyJwTyy@{AsF{DuNyGiVuMcf@wAgF}GwVoIcWw@cCg@mAiFqM_IgQsJ_V}GuPwDmJqEkK_]mw@eFaMmAwC_IkRkH}PcFyKoNy\\\\uUoj@aGmNyFyLkGaM}EqIkFqIuCcEcDaFiBqC}GkI_M{M}HyGaLyJmEuDy\\\\}YSQgEwDgVsSuJoI}EgEkUeSwQyOkFsEuVgT_K}I_LyJ{@{@oFmFuDsD{PaQ_D_DcJiJ][m@o@cIiImIgJaDyDmCmDsCsDmC}DkC{DwBmDkEkHaEyH{EqJ}DaJ_I}R_M}ZmSih@kBwEyMa]aNk]iBsEiHwQoEsKiBiEkBcE{EuJ}@gByDgHa@u@GKsAyBoAqBsDeG_KqNsDqEcDcEaEgE}CaDeAgAyCoCcB{AwBkB{BmB{FqEuKcH_L{FuBgAyNqHk^qQsTsKcPeI_OiHgEsBiN_Hu\\\\kPKGkFiCeRkJaJoEqFoCmAk@iOoHwQcJ}M{G_HkDoAo@}T_LgDaB{RyJcB{@cKeF_J_GuF}DgG_F_HiGuAuAqEoEiZyZcMcMuL{Lk`@u`@YYmMsMaGiGiXsXmRuR}DaEoJuJaJgJeEkE_M_MyDwDyOaP{C}CqNyNyS}SkHkHeAcAwEiEiFyEgK_JgHgG}LsKSQoe@ma@eIeH}IyHyIgIsHaHWUwHyHmEuEeCiC}FyGqPoR{AcBkLmMi@o@yRuTkMsNsKuLqKsLwKcM{QqSaAgAkBwBqEeFkHqIyDyEkFoHmJ}Nu@sAkHuMqHgOiIuRcDaJUm@Yw@eAoCaBoE{EwMeIuTgMm]uMo^aO}b@qBkG}GeT{Mob@gE{MyAeFaHqTuGkS{CmJcCwHwB_HsBoGy@kCaDaKwCwH{@wBsDoIuAsC{AcDwE{Iw@qAaCcEkEcHmRgYgL{P_DwEyEsGsE{Fm@y@iEyEgDiD}CwCuCeCoDqCoE}CmFqD}EgC_Ag@gEiBeEgB_C{@iCaAsDiAyBk@}Cs@mCq@yDm@mDg@qCUyCUiCGwAE_DEk@AkEAgC@gAFY@}CNgCNaE^}Gh@wCNoAD_ADiE@yDEuCEsCM_@CqAMcGo@wEo@yEw@}Cq@{C{@]IcDgA_FeBgF}BeCiAmBiAgFyC{FgDcJiFQMMGMIqHqEuE{CqBqA}D_D_EcDeA}@mCgCsCuCuFyFoC_DiC}C}BsCm@w@a@i@yAqBeCmDaDuEcC_ES[gBwCyByDOWcB_Ds@oAaEgHoC_F_@o@q@oA_CgE_BqCsHgNsCkGsA{CwAeDsAqDmAqDuB{Ge@}AyAsFkAyEy@cDgAeFu@{Dy@qEyAcIm@iDcCeNgBuJwA}HiHea@i@sCwGk_@w@mEuEwWoA{GiAkGyBeL}@yD_A{D{BuIk@iBoA{D_CmHqDcJyC}GsDoHaDcGqCmEeCuDgA}AeAyA_C}CkAqA{CkDsDuD{GqGsGoGgEgE{A}AkAoAgBoBmB_C_AoAeC_D}A{B{A}BcCcE_ByCiCgFaAuBuAmD_BwD}AeEM[cAwCsBgG{B{GsGaSiEuMwEeNu@aCu@}BqCsJaCeJyB}IqB{IOq@{BcLeCmMc@wB_@gB_@qBc@}BsAaHsAcIkBmLw@aGq@yFi@_Fy@}Jc@gGGs@]}G]_JKsDQkICeBY}UQ}JCqAKkEScG[wG_@gGc@mGc@cFu@sHq@aGeA{H_AaGcAcGaBeIYmAaBuHmB{GMa@aBwFyAmFwAgEsAuDqAiDgCeGw@aBoDqHsCyF_CkFyCwG_DwGw@cBoCgGqByEeCcGwAqDgBmFkIoU_AkCuAsDcRki@mCqHoBwFe@qAkI_VeIaUeCkHYu@kCgI_AeDmByGsAeFMi@gByH}AsHaAkF]iB]sBqAaIa@kCmBsLgBgLeJol@cBiKaD}PgC{KuEqRk@qBkCyJgCsI}A}EeAwDwDqK_CgG_CuFiCcGiDmHmEwIuB_EuAkCgIoOiIuO}IuPoEmIwBoEiDmHsDmIsEsLgB_F}BwGuBaH_BgFaAaD_CyIuCcLgJ_`@oEwQaOum@kFmT}BqJi[{pAkA_FgH{YcCgLeC{LaCqLeAwFwCsO}BqN_CkNiBwLwBoPw@}F_A{GuBsOqCoSaBuLiEy[qAwJuD_YU}AiAeIwAuKiDgW_AaHsCaTgBsM}AgLs@aFeAuGqAmH]mBc@}BwAmH{CiNgDeN{BoIcCiIoDcLs@uBm@eB_EyKiM}[i@sAyBwF{@uB}BgGkAyCuDqJmNc^yI}TwBuFgGyOyFgOgCgH}CmJ_DwKy@{CcFyR{CmNqCuNoIac@o@aDsHw_@w@}DmBsJ_@yBgF{W_C{LoAuFcAsEiAsEeC{J_AaDqA{EyBiHaCoHw@yByCqIuBuFqByEwD_JiEaJ{CeGgDiGwC_Fk@_AuIoNuGsKkLeRqEuHuC_F[g@}BsD}GaLaIkM}HqMyE}HiAmBuGuKwHkMyM}V}EwJ{ByEwMcYwM{XqEmJgHeOq@uAiEkJwAyCwEwJoIyQ{@mBuFuLsE_KiA_Co@sAsJiSq@yAyD{HuKmUgUef@yBwEyUeg@cOm[eSkb@gRa_@cXqg@mMsVk[}l@oKkSoA{BsEaJeCsE_G}Kc@}@{E{JeHcOs@_BuA{CyGmOsWem@eCoFae@_fAy_@m|@yKyVeEqJmAsCmIiRwDyIiGiNiH}NwIwOyEmHcDwEsGyIiKcMiLoLoLeK}HuFiTmNeSiMur@ad@sZuRiFkDyCkB}EaDgEsCmLoIg@_@kEmDmA}@{@o@uHmGmLkK{X_YaUuUeo@so@{`@ma@_HcHmAsAcB_BeFgF}GcHiGkG{GeHeMcNoL{NqJuMcIwLkDwFeCmE}CqFgH_NqLmV_F}JgCiF}IsQmIkQ{BaFi@eAQ]yE{J{CcGmByD]w@wCaGwBkEYk@yDaIiB}DwC{Ge@cA{DiJeCwGa@gA}CaJ_C{HuBiHuGcWsA{Fq@yCkBqIAMq@eDoA{G_AqFoM}v@wCiQoCgPkE}WmGu`@uByMsG}c@_Guc@yAwLcCoSyAsMaBsNyBkSOmAQeB]qD_Ds\\\\cGcq@QmBqAoOSoByBeVuB}U}BqWmCeZ]iE]aFg@iJm@{N_@}JYkKQeJKgJEaGC{H?mHBcHLkNL{GRqIDkCN_Fl@{N`AiRrAoQhAyMfAgKzPcxALiAz@gHlBcP^aDjAwK\\\\_Eb@yFb@qG`@wI^}JJgEPmJDoGA_NS_OMkGOwDc@wIo@qKq@iJWaCIq@_@gDcAoIk@mEu@gGoAkJcA_IqCsSkDaW}Lq~@kBsMaEqZUiBS}AGc@}@wGu@iF?EQoAIg@SuAOmAyA}KG]sBgOe@iDuMeaAmFy`@wBcPqCwS_A}GQoAYyBmBiNkBoN}Jyt@a@mCqF_`@qCaTuB}NcAuGc@mCi@kC}@kEeAgEm@wB_A_DeAyCiD}IkDcJsF{NsCoHEK_BgE{A}D}]i_AmNa_@gRcg@uE_MkDcJkReg@eCuGgNq^_Sch@wQue@sIyTyD_KeH{QeCmG_AyB}@mBaAeBmBwCuBiCgCuBmDiCiHwCKEwGyBcCq@qCu@mPcFcCs@gCw@oF_BkAYsLuDyNoEqF{AiIiCw@UeEqAOEuWcIiBk@WIUGuUkHqDgAeCaAsEmCw[eSwD_C{i@c]uJeGSMiDwBeF_DoOoJeMcIm@_@e@WoDwByFoDuQeL}GyEcDkC}BwBi@k@aAcAy@gAkAyA_CaDyA{BoCyEkBsD}@qBiAiCq@iBw@oBiBsFaBqFg@cBkBiIs@oDw@_E_AeGw@aGq@wGc@gF]oFWcFUyGKsGIyKA{@C{Ec@u`AKiYOw[MeXIuGMkGO_FWyGSsEYiFuAuPQaBQiB}@cIu@qFs@iFw@yEeBwJcA}EuA{FG[oHgZe@iBiCwJ}DsO_DaM}@oDm@iCe@qBkIc\\\\eGkVgEuPa@aBiBgH{B}IgEqPs@{CeAaFu@uD}@aF{@qFkByMQuA}@aKw@sKYyFU{FUsGMsGEgG@gGHeNTmIVyGZwH`AsPh@qLh@oO^kLFcBTuHd@_T^kUXa^BsI@kDBcTKeTAqDMqNQsNSiLS}Kg@kQy@qWiBe`@k@aLmAqRqAuRmAgOuBgWCa@S{Bo@gIe@wFw@}Je@sFmFop@gGku@qDcd@OeB_BeS}AcSeBuSgBwT]iEaAyL}A}R_BoSmDie@{@_LgAaOaAyMaC{\\\\mAsPqA_RaB{UsA_SSeCYyEe@kHe@mHKiBcDmf@gCy`@aAoOAMoAmTsA}SyAaVeBaYmJc|AKgBu@uK_Eof@sEac@U{BeDsWmDoWsAmIc@}Cq@cE{@mFu@wEEUiEeVgAoFm@wCmHu^iA}Fe@_Ce@}BCUqDoQeAeF}@}EwDcRwCkNgB}IcAcF}@mEiB_JeCaMeAeFeByI}BeL_EaSs@gD_FiVqHe_@kCsMqByJOw@o@yCgPux@kCwMi@kC}CkOs@mDo@aDu@uDWqAoAoGiA_G{FoY{@yDqBaKaHs]qAuGm@kDUkAoA}HkA}Hu@qFQkAgAqIcA{I_A}Iy@gJu@oJk@aJuAgWCc@{A{ZMoCe@kJg@uKGeAGwAg@oJ{@}PkCqi@eB}]}@}QCi@_@}HoBi`@_Dup@UuEwCam@aCmg@MuC[aGq@sNQqCM}Bg@oHU}CI_Ao@sGcAwJkAqJc@gD}@uGa@aC}AgKaCmMcC_L{CcMcEoO_CiHaEmLiByEyBiFcFoLsFeMuBiF_@aAqAoDkCmHaCoHaGyRcBoGwBwI}CmMEQgAuEuA_GsAeF_@uAo@aCmBiHgDuKqAwDeFyNyAyDyAyDaCwFqBkEc[qs@cSsd@iOg]ue@ufAmNs[qG{NsEgKyE}KaFwMaDiJaAyCo@oB}@wCy@iCsAuEsA_FqAiFqAmF{@uD[wAsAeGwAsGw@aEs@{DeAqG[uB}@sFqAqJy@eGOmA_AkIW{BsB}Ro@_GkF{f@_CmUGk@{AmNcDuZmBaR]eDgAyKs@{GeAmK_AkI{@}H[qCeA}J_@gDOkB[sCM_Ay@}Ge@gDkAwIGk@eFo[{AyIgBuIUcAMk@sA}Fc@cB_CyIkAoEMc@mCiJiC_JeBeFiDcJeDsI}CwHeDqHwA}C}DyIoFmLm@qA_FuKqAsCmAqCsAyCkAkCkEmJGOeDkHoVui@qHoPgH}OeQab@iEgKyBkF}Pya@uBaFeDiIaIqRa\\\\iw@aC}F{AiDEKuBeFqGsOmEmK_@}@qE}KoEoKsCaH_AcCgAgCcHePiG_O_C}FcGmNyBiFQa@oAwCISgG_OySgg@oBuEcAyBeCeGgGwNgLcYgH}PgDaIsC{GiAmCmAoC{CeHoCwGoCaGmGuLgAoBw@yAiCkEsCoE_CmDkH}J}CwD_DwDuHiIe@g@gCmCiBaByGcGiImG}DmCaEmC{IuEu@a@kJuEo@[_E}AsYyKwEaB}By@}SwHoI_DwFqBmAc@oHmCo]gMyPiG{Z_LgAa@_Bm@aDiAq@WsRaHwJmD{HsCoCcAgJiDeHiC}CgAyAi@aBo@}@[oDuAoCcAeBm@sD_BkAi@w@_@mBaA}DwBiF{CsEcD{CcCyCeCgD}CyH_IqCaDmCeDqKgOy@mA_B}BcDcGcEaI}@eByBmEo@{AgDyHcDqIiB{FiAkDuAeEwAwEiEgPsBoIe@oBa@kBcAcFqA_H_A{EcA_Fk@kCuWuuA_Nss@eBcJ}CiO{@{EqAgH_CmMyD{RsBmKcDmPu@yDu@aE{CyOwEsVKi@iCwMoFiWg@sBcEoQsCkL}EcRmG{T}BeIiNof@eLea@}@_DyGkWoC{K}ByJmCgMq@}CqBkJWkAw@yDiAeGa@uBcAmFaAsFcBuJyAcJgCiPYaBU}AaAqGiCwPkC}PoFa^wCyR_AgGgE{XmAcI_BmKIm@{@qFy@wFmCcQKm@yEqY}AsIyH{`@{BgKqBeJaG}VaDoMgEkPsBaI[qAo@gCEMsAmFmBuHaHmXwCuLwCeM_BwHo@wCcG}ZyCsPsAiHkBmLk@eDa@kCSyA}AiKqCiSkDsXoDk[yAyNaBwQiA}MgB_V_BoVqAwVw@oPeAqZe@cNGmBGcBEmA_@wKqB{k@KiDiAo\\\\qEksAYgIw@iV]yJe@qMc@gMQmFYoJGsBU}GqFs_BsCsz@mBcc@o@eOwBc\\\\aEsm@uEor@{Dkk@yBy[{E}r@m@{IsCkb@gBoWmBeW[qDy@uJ}AqPgAiKkAsKeDkXyAwKuCqTkJsj@cEsTmEuUuL}o@qBkKqBqKeCiNqAwGoFwXiDsOYiA{HgZqDwL{BsGmFyNkGoOcB_EwXcq@wBeFSg@iDcIuEsKQ_@_A{BWo@kFsMqDiI}DaJsD}H{GiN_FsJeDoGmEyHsEgIwFaJw@oAwI_NkFwHmEgG_EqF{KkNaAkAoCgDwEiFwDcEwCcDmDuDy@_Ai@k@wGcHaFmFIIeTeU}MuNqHaImDuDgYoZ_KmKgDsDgc@ee@sIeJgXqYaQmQwFgG_JyJqDiEgHuIiHgJgFgHo@}@_AqA}CiEaBeCuCgEqGmJeHgK{BkDyFgImBoC}@qAgMuPeGaIiG}HsIgKgAsAmL}MqIeJuIyIqJkJaF{EyOyN}OsMkFgE_DgCsK_I}NiKwMmJeD}BwA_AoCmBqJ_HoJyG_@W{K}H_Aq@qGsE]U_OoKyJqGgB{AaNkJc@[eLkIWQyJ}HuGyFuHqHc@g@_h@oj@aJkJi@i@yc@cf@mF}Fg\\\\e^qDeEcBqB_AkAu@_AwCwDkA{A_DaEmBcCeFyHwEuGwJkO{FqJoBeDgNsV}Ucb@gLiSw@{A_EyHyEuIcGuKi@aAqC_Fic@ow@aEeH}AmC_D{EoBkCaGaIqIoJiCqCcHgGoAaA}EyD{KaHuHaEeHeDmDwAwEoBUI}XmLgD{AwC{AeFiDcDmC_DeDu@_Aw@_AoBmCaFwIiCgFmCyGsBaG}CuJy@eDq@qCm@_DSmAkAmHeDgWy@kGk@}Ec@cFY}Da@gGcAuMIgBMyCIkFCaKA}JAiZCqLAoFGeEEmBQgCEm@KcBYgD]cDg@yDm@iDs@mDg@wBm@gCw@uC_AuC}BgGu@gBuIyS_ByDkBoE}]i{@eJyT{Uik@}@{BmHmQuDeJyAsDoAsDcA_EuAmG_AgFQkAe@yC_@kDYeDWcGEyBIgEAcB?gCFwJLuIHgDLkJFkDf@mXHoDFqFb@wXpAkv@|@qj@\\\\qRRgLXgR@o@FwDXeNJuHFsDd@{Xp@w]NsJP_KF{CL}GHiF?mCK{FGgDWmI]yIKeCsAw]KuBo@}Oe@{K{@sT[{HM_IIiMSyYWyb@CqDGcKGuGMqUGyFKcHGkEKiDMuCMuBOsBeBwRQeBoBoTqHcz@gA{Lu@cIyBgVc@mEo@}Hm@mHuByW_@{EaDea@qA{S]sHYaJ_@uLO}D[mIUmGMwE_@}T_AkYCi@[uJKgDgAq^OeEc@yIYuH?KyAyd@gBck@c@{NmA_[[eJO}DKkB[aGk@yHWaDg@wGaAwJi@sFaAwIYgCm@oFWaCQ{AEWsCsWwGsl@kEg^{@uH}AgQqGiy@_AeMoAeQyBwZsBgUoCiYuAgOsAwLaBsLqBcNcBwJkA{GuCiOcCkK{GcXaA_EmBsHg@sBc@eBqFsT_Rut@YkAc]_tAcPeo@oB}G}BeH_GwPEKkBeFaCwFg@iAgCwFsDyHsC}FqAeCqH_N}DcGeCwD_Zsb@_IcMsEqHeCsE{BkEiDuH}AwDo@{AuCyG}DmK}AuEeBeFmCqIaBsFiAgEoCkKsIk^cRqw@mDmOoCoMa@sB}@kEoA}Gs@eEgBiLmBuMmA_Jq@{Fu@iHU_Ci@kFYeCiAeNyAwPsEgh@eAyL{G}v@cEye@ASsAsOcAaMUoCwAyRy@oN]wHUiI[iNWeNO{MA_MH}QH_R\\\\wq@Te]HeOH_Nn@ipALcTl@uhAHqOFyI@oFR}VBaH@{D@yBDgG?oGCiBIiGMwHOeGYcGUaF]}Ee@iHgAiMeAaKy@mGOgAg@gDs@aEg@mC_@qBsAgHGYeAwEyEcTmCgM{@uEyAeIeAkGaBcKaCuPsBcPuBsR_@{Di@}FWiCeAsNUyCMkBsAgSaBwUq@_Ki@aIeBoWgCe^q@mJw@sI{@uJQ_BgAwKcAqIy@oH{AsLaBaMeEk[iFu`@}Fqc@_@uCUcBOgAeAaIk@mEgMc`AgCyRuAsKoBkOeBcOyCkYqAgNUmCmAgNgAqMsAmSwCof@mGweAm@gKc@gHSgCWmDcAyMm@{GcA_LwB}RaAcJ}AkM_@sC]oCiAoJuN}kAy@{G_C}ReAmIqAaJsAiIsAwHaB{Iq@gDs@mDgC}KkEePgGqTkC{IiC_Ik@eBuNac@eBeF{DkLq@yBuCwIgAqD_A}CaA_Dy@cDmBcIoCcMyBcLcB_KiBsLs@eFS{AkAsIkAeJgAaI_E_Z_@mC_DqU_AyGkHii@sBqOcCkSKmAsBgS_B}PkEam@k@uHMqBeBcVUsCaBkWe@mHg@{GuAsQoAyPqAqQgA{N_AkOqByWSsCIy@qBaXa@}E_@mFy@kJ{BoSaAaIw@uFe@gD{BiNaAqFoAcHuEwTwEmTaAgEsJic@aIq^w@oD_BoHg@{ByA_HiEqSaAsEqC{MyAmIyDyTQaAaS_tAgJun@eEaZMeA}AmMeA{JcAgLY_D_@qEoA}RO{DGqG?eGJeBPeBPeBX_BxAeGPw@D}@G}@Ss@KSOOe@Qg@Fa@`@Wv@Mb@ON[LMBkBIWOQSM[M_@Qc@U[YM[A[HWVEHEHEHq@n@]Rs@VsJSuIUiCPcFp@}`@bGc_@hFif@jHqCb@{GnAmBXwB`@_B?s@Kg@UcBgA{A}@w@g@}KgH_GwDwMiIg@i@k@iAkBgFgBcFs@qBk@eAg@[{@KuAFeDh@aBV{B\\\\qb@~FiI`A}BRwAJkA@kAUmB{@{HcHyLiMgJyJsCsCyAcB_XkXcB_@uOaBwGw@yBWsAYi@Yg@YwBiAaMmJaKsHgBgAeA]qLaEyKuD_Bi@uBm@sE_BmEyAgBk@gBq@MC}EeBcMaE_JqAqIo@wDBmEx@s_@rMUJq@TyBv@}FrB}Aj@a@d@yCrDwEvIyAjAyAXwBU}@ISAyCSoGg@i[wCsBYk@OmEaC}IiIcAk@{DoBgFyCkE_D{AcAuBcAyFoDeCoAiFeCw]_QkCsAmIqCUK]MkGmCqAUcAFoEp@_dAtRaGvBiR~G_C|@uA^}@E{@g@a@eA_@kCg@sHm@cJuAiNoTqrAGsA@sELcHRmLWiGy@cGkEua@s@yCsVop@{BuFq@yAiEuGcCiD_FkHcCmDq]ci@q]sh@sAqB_AaBw@kBeE}JgDwHiO{]Yo@q@yAgA_Cs@gAc@_@o@Qw@B{@b@_E`DyKzImFjEcU|QyO`MmUzQoEhDsFhEoRdOaGxEwMhKiDjC}DzCaFrDqDxCkFdEoCtB}D~CuFdEcBxAeAnAuDrEINcG|GsFvGeGjHcBjBg@^q@f@{@ZiARgDj@{Gz@yDb@sEXiDRsDVqXjCwLdAkGf@}Ij@_OlA_Fb@kHj@iL`AS@aN~@cHf@qGf@q^pCgQrA}@De@Bo@@{CTeER{F\\\\uQlAySnA}Hb@uMt@_PbAoFNiV`AwFVqUdA_APqAv@sD~CuDbDuD~CuDhD{CpCe@\\\\gCxBaHrGuh@fg@SXQRkBtEa@bAcBtE}Uxp@kDtJ_K|X}@bCwIfV{DtKeAzCwCfIqCdIaC`Hk@vAs@pAkAbBmDtEmBdCs@v@qAl@eYbLmYfLgX`KuKdEqFtBgH`CyC`AIDwEzA_FpA{Bp@mPxD}\\\\lHkB^_B\\\\_B`@_Bd@gBj@}Af@qCbA_@LyAh@e@PwFpB_B\\\\qCl@qB\\\\]FQBSByGf@yCPcCPiBNiBPqALeBRe@D@PB|ABrAB~BG`@IRGLg@^e@XaB~@}BpAOJIFGFoA|@SsAt@g@c@uC\"', '2025-12-16 17:03:20');
INSERT INTO `calculated_routes` (`id`, `from_office_id`, `to_office_id`, `distance_km`, `duration_min`, `route_data`, `created_at`) VALUES
(20, 896, 875, 391.18, 290, '\"y~heIefazCoCgAOGMEy@YmA_@WIaAYUICVe@~COjAGb@_@nCI`@SQm@a@gAg@c@Uw@]MGKGKGOQQWYg@KOMOMKUI_@KSEqBYmFq@_Fo@C?KOEIGKAOCKCGCCEECAGa@E_ALuC^}DFw@Fi@d@}EZiDJsAJkA`@{ELwAFk@Fo@Da@Do@`@iEZcEBk@H{BDuA?c@AwDCwBA_@GgBKuFE}AAsD@sCH_DNmDdAeN\\\\}EH{AHsBDwC@iCAwCI}BUsEQsC]aF[iFQ{DIkCKyEa@oReA{d@IwEOiGM{FmAaj@O}FIeE]gLA]Ew@cAsNG}@Eo@UgDWkDs@cKy@{LOeD_@aROgIg@oUSgIQ{I@cA@eAFsBHmBB}A?s@Eg@G}@UcB}@yHGg@gAaJYaCcAwIyGqj@aFka@Im@WuBi@qESkBa@sDCq@Ak@?q@Do@LgBHm@\\\\mDLoAJgAjAsL`BqPzA}ObFai@tBwTFi@bBePZ_DRgBZ{Cb@wFPqCJoBDsAB}A@kACcA?{CW}GGgAWsCu@sFq@eFgAqIgA}Ie@mD}AkLuBwPuCeUmAiJa@yCCQi@iEkAeJ_@kCeAsImAcJEgA@WFWJONMTEN@HDJHVZdClGVp@`@}@Vy@|@eDf@}Ad@eAt@u@v@i@^Yj@m@HML[Ls@F{@Bu@Bu@BeA@cABgEFaN@{AByEDsDLoCvBgSb@_EfAuKfAyL|BgWFy@LcA|@oFh@eD`CoMH_@z@}El@wDd@oDdAeITkARy@~@mDvAmFpAaFdA{DJ_@L_Ae@wFqBiWO{Ac@}EgEoc@W{Cc@{EKoAQcBWkCOqASuBGq@[mBg@{Bs@wBo@gBy@_BoBoDcBaDk@w@EGa@e@uAmAkD{CuA{AaB{B}@sAiC}DuD{Fs@oA{@uBiAcCeAqB}@qAkCeDyBgC_AiAW[m@{@_@}@Ou@WmB[oDYaDGs@UaCUoCO_AMm@Me@m@{AyB_F{ByE_AoBk@{AgEiNUmAIm@Io@u@iHk@mHE_BAuAAkCCwDE}AI}@Ka@IYK[Q]k@s@qAkAgEkDaBuAq@g@i@e@o@u@o@w@_AyAu@eB[y@O]_@yAWsA_@cCQgA]oCSyB[wFSmEo@iNMuAUmAU{@]}@{@uB_AeCo@yAMYa@eAWi@[k@kAyBa@m@SYs@}@mAuAyAoAqTqNoBiAqAm@aBi@m@Yo@e@_JiHwLuJs@k@sAeAgDgCcBwAmMyJoFcEq@k@{L}JmLaJ{CuBaIuEyBmAuC}Ao@c@OI_@UcAo@g@k@]o@g@kAsAgE}@aCqAgDaHgMmA{Bm@_A{@qAu@kAcG}IwBcDcBiCu@aAYW_@UoCkAgBs@iDsAcH{CmCcAmMmFiLyEsBy@_CaAgPmGqD}AkHwC{B_Aq@a@c@c@[g@[u@a@eAgBuFeCaI_BuEqA{DuAgEiCqI}CoJ[_AK[Uq@Uq@[_AUs@aAyC]cAgCkHISwAgEuDmLq@gB_AcBmBiDe@m@YW[Sw@[u@QcC_@q@Ug@YMKe@a@i@m@k@w@a@w@[y@s@qCy@aCcBsF{AsCqC{De@eAa@yAQy@S_AmAqGWcAe@qBU_AsB}G_@iA[s@qAqCeAsBiAwBy@yBoCgIoC{IeCaIw@yBg@aAg@q@eCaDk@w@gDwEe@y@Q[oCyFs@sASa@_@s@aDsGiAcC_@_A]iAEOKe@q@_DwAcHa@mBOu@oAeG{D{QgDwQSkAk@mCWgAa@iBUgBIcAAgB@Y?WFu@NkAb@kA`DcEfFuG|CoE|BmEb@{@|@gC|@aDz@qDFe@t@kEb@kDT}Ct@eJfBkXhK_yAzJyuA^mF\\\\}Ez@eJd@uBLc@Vy@Vm@FiAIcAQa@_@wAMeAOyAOqCO_CUgCQiBaAiGgAyEoAmEy@wBeB{DyZ}l@kLcUsFoKg^}r@w\\\\op@{IgQaVue@qFmKsAmC{BmEyC{Vo@}GCu@@w@RmDJw@b@cEb@oFT}CZiEL{BJwCTgEx@aSFeCE_CUkCmC_Rk@sEU{Cg@eJo@kLO{CmBy[y@sNu@yNMkCE{@GyBKwDe@aPu@k[EeBCeD@iDFsCr@mYVwKFiBvA_k@BgBRuIX_NZ{Mh@uTf@aS@c@B{AH}EFkDA}BGkCMqBu@mGcEoe@kEih@W}CGy@IaBA]A_@CiAZs^EsD[aNk@{V]gOy@k`@EgAm@cTWsLe@qTIiD_@yO{@a`@OmGUqLA}@o@eWKgDc@mQu@qZs@cYAWKuEM_FSaJkAwd@E{AEeCE{BC}AImEC{ACoB?}@@iG@iBLuJZaJZwF\\\\{E~BeWLoA~@_KLmAz@gJfEwd@fAiLpEef@BQH{@jA{LlBeShBmR|Dqa@H{@d@gFJmAB]LaAJeAFk@v@}Gd@cDLm@VcATq@fAcDvCyI`@kApB_GFOLa@v@aCbAyC~AyEhPof@`Pwe@bHqSzB{GbBgFrAuDrBaGTo@rDyKXy@J[H[d@yAL_@hAeD\\\\cAr@uBvBoGZcATw@V{@|BoIRw@Vw@HYnAaEFSzBqHjAkDz@yB^o@R]RU^c@pA{@JG`@S|@c@~@g@hDcBnDiBx@]`GiCnAm@hEyBpB_A`D}AdGwClAg@lAm@TKNG|Ay@^Sl@]p@e@nAo@XENCPCBBHBH@F?HAFCDCHIHMDQDQBS?GDIRWLU~@sBlKeUzCsGTg@tCmGFQTc@rA{CbAoB~[as@`@aA^mAZuALs@jC_N\\\\iB~O{z@hAcHRiAd@mD^iCzBsOp@uELy@xAkK~Fea@pSiuA|AgK~BwOlHag@bBeLx@sFd@_Dp@uErCwRtIml@pAiJ|AsOhGmt@`AuLx@kK|@yKl@sGX_Cd@iCJc@h@yBbA{CJYlDuK^aB\\\\uB|B}Rx@cHX}CJaBB_@D}BCoBIkBOqCY}CGk@e@wESyBIm@e@uEIaBG}AAiCBuX?mBDkU?uA@sJ?WFeFD_AB]N_CVqCp@gGvCaW^cDDa@hCeU`@kDNuA`CmRf@qEDYp@mGFe@`BsNdBoOzEoe@dAqJv@mH^yCTuAZeAlCcIX}@bOkd@|Lq^h[w_Av@cCp@mB~A}EzBgHvDwKrGwR`@mAtB{GZaAbFaOx@cCnI_W`FaO~CkJ`HwS|E_OrAaEpAkD|@mBZm@h@_Ap@oA\\\\i@fCiEtAaCj@aAjBaDpDwFjEsG|DaGnDiFpByCbBkCjBaDhAaC|@oBlIiS^_AN_@d@mAl@mBjM}g@`A}Cj@wAN]vB{E`GyMfAaCdB{Dt@_BxCqGPa@xBaFRa@rO{\\\\~@qBrAuClDuHbD{GnO}\\\\z@iBdIaQxBcF`ByDhB}EpA_EjA}DJ]DOh@gBp@kBL[JYfAoBr@cAfA{At@w@f@g@f@_@h@_@hB}@~Ag@VGp@KxAQpCKzCMtGSnGUzEQhHYrFQhAI\\\\AzAO`C_@nBe@zCoAlDeB|CaClFeFhE{EjEoGj@y@b@u@Xg@r@yADGBGr@aB|AgEnA{D^}AZuABOX}A\\\\iBl@_Ed@yET{DRcEJgEBoC@kFAoCAeGC}FIkOGgP?cBA{CC_ECqDCcBIkBSkEa@}EWqCU{AO}@B]B]FKDU@U?IAIAKCKEGCEMIM?KQOQsAqFkCuIcCeHkLa[gEyKyAyCeAiBiAcBw@cA_CqCa@e@OSQS~CwVnG{e@`BwLpAuJ^mCnAiJ|BsPhEa\\\\vDaYpEy\\\\XsCNwBBuCG{DEeDUaKs@qXo@kWoAwh@s@sYs@kWS_LwB_{@}Agn@QkHsAai@i@aUi@iRkAie@M_FIqD{@s]JWLGFAFDHNH`@FzAHfBJ~BZvHbAvOGn@GTMJMBk@I}EaDgEsCmLoIg@_@kEmDmA}@{@o@uHmGmLkK{X_YaUuUeo@so@{`@ma@_HcHmAsAcB_BeFgF}GcHiGkG{GeHeMcNoL{NqJuMcIwLkDwFeCmE}CqFgH_NqLmV_F}JgCiF}IsQmIkQ{BaFi@eAQ]yE{J{CcGmByD]w@wCaGwBkEYk@yDaIiB}DwC{Ge@cA{DiJeCwGa@gA}CaJ_C{HuBiHuGcWsA{Fq@yCkBqIAMq@eDoA{G_AqFoM}v@wCiQoCgPkE}WmGu`@uByMsG}c@_Guc@yAwLcCoSyAsMaBsNyBkSOmAQeB]qD_Ds\\\\cGcq@QmBqAoOSoByBeVuB}U}BqWmCeZ]iE]aFg@iJm@{N_@}JYkKQeJKgJEaGC{H?mHBcHLkNL{GRqIDkCN_Fl@{N`AiRrAoQhAyMfAgKzPcxALiAz@gHlBcP^aDjAwK\\\\_Eb@yFb@qG`@wI^}JJgEPmJDoGA_NS_OMkGOwDc@wIo@qKq@iJWaCIq@_@gDcAoIk@mEu@gGoAkJcA_IqCsSkDaW}Lq~@kBsMaEqZUiBS}AGc@}@wGu@iF?EQoAIg@SuAOmAyA}KG]sBgOe@iDuMeaAmFy`@wBcPqCwS_A}GQoAYyBmBiNkBoN}Jyt@a@mCqF_`@qCaTuB}NcAuGc@mCi@kC}@kEeAgEm@wB_A_DeAyCiD}IkDcJsF{NsCoHEK_BgE{A}D}]i_AmNa_@gRcg@uE_MkDcJkReg@eCuGgNq^_Sch@wQue@sIyTyD_KeH{QeCmG_AyB}@mBaAeBmBwCuBiCgCuBmDiCiHwCKEwGyBcCq@qCu@mPcFcCs@gCw@oF_BkAYsLuDyNoEqF{AiIiCw@UeEqAOEuWcIiBk@WIUGuUkHqDgAeCaAsEmCw[eSwD_C{i@c]uJeGSMiDwBeF_DoOoJeMcIm@_@e@WoDwByFoDuQeL}GyEcDkC}BwBi@k@aAcAy@gAkAyA_CaDyA{BoCyEkBsD}@qBiAiCq@iBw@oBiBsFaBqFg@cBkBiIs@oDw@_E_AeGw@aGq@wGc@gF]oFWcFUyGKsGIyKA{@C{Ec@u`AKiYOw[MeXIuGMkGO_FWyGSsEYiFuAuPQaBQiB}@cIu@qFs@iFw@yEeBwJcA}EuA{FG[oHgZe@iBiCwJ}DsO_DaM}@oDm@iCe@qBkIc\\\\eGkVgEuPa@aBiBgH{B}IgEqPs@{CeAaFu@uD}@aF{@qFkByMQuA}@aKw@sKYyFU{FUsGMsGEgG@gGHeNTmIVyGZwH`AsPh@qLh@oO^kLFcBTuHd@_T^kUXa^BsI@kDBcTKeTAqDMqNQsNSiLS}Kg@kQy@qWiBe`@k@aLmAqRqAuRmAgOuBgWCa@S{Bo@gIe@wFw@}Je@sFmFop@gGku@qDcd@OeB_BeS}AcSeBuSgBwT]iEaAyL}A}R_BoSmDie@{@_LgAaOaAyMaC{\\\\mAsPqA_RaB{UsA_SSeCYyEe@kHe@mHKiBcDmf@gCy`@aAoOAMoAmTsA}SyAaVeBaYmJc|AKgBu@uK_Eof@sEac@U{BeDsWmDoWsAmIc@}Cq@cE{@mFu@wEEUiEeVgAoFm@wCmHu^iA}Fe@_Ce@}BCUqDoQeAeF}@}EwDcRwCkNgB}IcAcF}@mEiB_JeCaMeAeFeByI}BeL_EaSs@gD_FiVqHe_@kCsMqByJOw@o@yCgPux@kCwMi@kC}CkOs@mDo@aDu@uDWqAoAoGiA_G{FoY{@yDqBaKaHs]qAuGm@kDUkAoA}HkA}Hu@qFQkAgAqIcA{I_A}Iy@gJu@oJk@aJuAgWCc@{A{ZMoCe@kJg@uKGeAGwAg@oJ{@}PkCqi@eB}]}@}QCi@_@}HoBi`@_Dup@UuEwCam@aCmg@MuC[aGq@sNQqCM}Bg@oHU}CI_Ao@sGcAwJkAqJc@gD}@uGa@aC}AgKaCmMcC_L{CcMcEoO_CiHaEmLiByEyBiFcFoLsFeMuBiF_@aAqAoDkCmHaCoHaGyRcBoGwBwI}CmMEQgAuEuA_GsAeF_@uAo@aCmBiHgDuKqAwDeFyNyAyDyAyDaCwFqBkEc[qs@cSsd@iOg]ue@ufAmNs[qG{NsEgKyE}KaFwMaDiJaAyCo@oB}@wCy@iCsAuEsA_FqAiFqAmF{@uD[wAsAeGwAsGw@aEs@{DeAqG[uB}@sFqAqJy@eGOmA_AkIW{BsB}Ro@_GkF{f@_CmUGk@{AmNcDuZmBaR]eDgAyKs@{GeAmK_AkI{@}H[qCeA}J_@gDOkB[sCM_Ay@}Ge@gDkAwIGk@eFo[{AyIgBuIUcAMk@sA}Fc@cB_CyIkAoEMc@mCiJiC_JeBeFiDcJeDsI}CwHeDqHwA}C}DyIoFmLm@qA_FuKqAsCmAqCsAyCkAkCkEmJGOeDkHoVui@qHoPgH}OeQab@iEgKyBkF}Pya@uBaFeDiIaIqRa\\\\iw@aC}F{AiDEKuBeFqGsOmEmK_@}@qE}KoEoKsCaH_AcCgAgCcHePiG_O_C}FcGmNyBiFQa@oAwCISgG_OySgg@oBuEcAyBeCeGgGwNgLcYgH}PgDaIsC{GiAmCmAoC{CeHoCwGoCaGmGuLgAoBw@yAiCkEsCoE_CmDkH}J}CwD_DwDuHiIe@g@gCmCiBaByGcGiImG}DmCaEmC{IuEu@a@kJuEo@[_E}AsYyKwEaB}By@}SwHoI_DwFqBmAc@oHmCo]gMyPiG{Z_LgAa@_Bm@aDiAq@WsRaHwJmD{HsCoCcAgJiDeHiC}CgAyAi@aBo@}@[oDuAoCcAeBm@sD_BkAi@w@_@mBaA}DwBiF{CsEcD{CcCyCeCgD}CyH_IqCaDmCeDqKgOy@mA_B}BcDcGcEaI}@eByBmEo@{AgDyHcDqIiB{FiAkDuAeEwAwEiEgPsBoIe@oBa@kBcAcFqA_H_A{EcA_Fk@kCuWuuA_Nss@eBcJ}CiO{@{EqAgH_CmMyD{RsBmKcDmPu@yDu@aE{CyOwEsVKi@iCwMoFiWg@sBcEoQsCkL}EcRmG{T}BeIiNof@eLea@}@_DyGkWoC{K}ByJmCgMq@}CqBkJWkAw@yDiAeGa@uBcAmFaAsFcBuJyAcJgCiPYaBU}AaAqGiCwPkC}PoFa^wCyR_AgGgE{XmAcI_BmKIm@{@qFy@wFmCcQKm@yEqY}AsIyH{`@{BgKqBeJaG}VaDoMgEkPsBaI[qAo@gCEMsAmFmBuHaHmXwCuLwCeM_BwHo@wCcG}ZyCsPsAiHkBmLk@eDa@kCSyA}AiKqCiSkDsXoDk[yAyNaBwQiA}MgB_V_BoVqAwVw@oPeAqZe@cNGmBGcBEmA_@wKqB{k@KiDiAo\\\\qEksAYgIw@iV]yJe@qMc@gMQmFYoJGsBU}GqFs_BsCsz@mBcc@o@eOwBc\\\\aEsm@uEor@{Dkk@yBy[{E}r@m@{IsCkb@gBoWmBeW[qDy@uJ}AqPgAiKkAsKeDkXyAwKuCqTkJsj@cEsTmEuUuL}o@qBkKqBqKeCiNqAwGoFwXiDsOYiA{HgZqDwL{BsGmFyNkGoOcB_EwXcq@wBeFSg@iDcIuEsKQ_@_A{BWo@kFsMqDiI}DaJsD}H{GiN_FsJeDoGmEyHsEgIwFaJw@oAwI_NkFwHmEgG_EqF{KkNaAkAoCgDwEiFwDcEwCcDmDuDy@_Ai@k@wGcHaFmFIIeTeU}MuNqHaImDuDgYoZ_KmKgDsDgc@ee@sIeJgXqYaQmQwFgG_JyJqDiEgHuIiHgJgFgHo@}@_AqA}CiEaBeCuCgEqGmJeHgK{BkDyFgImBoC}@qAgMuPeGaIiG}HsIgKgAsAmL}MqIeJuIyIqJkJaF{EyOyN}OsMkFgE_DgCsK_I}NiKwMmJeD}BwA_AoCmBqJ_HoJyG_@W{K}H_Aq@qGsE]U_OoKyJqGgB{AaNkJc@[eLkIWQyJ}HuGyFuHqHc@g@_h@oj@aJkJi@i@yc@cf@mF}Fg\\\\e^qDeEcBqB_AkAu@_AwCwDkA{A_DaEmBcCeFyHwEuGwJkO{FqJoBeDgNsV}Ucb@gLiSw@{A_EyHyEuIcGuKi@aAqC_Fic@ow@aEeH}AmC_D{EoBkCaGaIqIoJiCqCcHgGoAaA}EyD{KaHuHaEeHeDmDwAwEoBUI}XmLgD{AwC{AeFiDcDmC_DeDu@_Aw@_AoBmCaFwIiCgFmCyGsBaG}CuJy@eDq@qCm@_DSmAkAmHeDgWy@kGk@}Ec@cFY}Da@gGcAuMIgBMyCIkFCaKA}JAiZCqLAoFGeEEmBQgCEm@KcBYgD]cDg@yDm@iDs@mDg@wBm@gCw@uC_AuC}BgGu@gBuIyS_ByDkBoE}]i{@eJyT{Uik@}@{BmHmQuDeJyAsDoAsDcA_EuAmG_AgFQkAe@yC_@kDYeDWcGEyBIgEAcB?gCFwJLuIHgDLkJFkDf@mXHoDFqFb@wXpAkv@|@qj@\\\\qRRgLXgR@o@FwDXeNJuHFsDd@{Xp@w]NsJP_KF{CL}GHiF?mCK{FGgDWmI]yIKeCsAw]KuBo@}Oe@{K{@sT[{HM_IIiMSyYWyb@CqDGcKGuGMqUGyFKcHGkEKiDMuCMuBOsBeBwRQeBoBoTqHcz@gA{Lu@cIyBgVc@mEo@}Hm@mHuByW_@{EaDea@qA{S]sHYaJ_@uLO}D[mIUmGMwE_@}T_AkYCi@[uJKgDgAq^OeEc@yIYuH?KyAyd@gBck@c@{NmA_[[eJO}DKkB[aGk@yHWaDg@wGaAwJi@sFaAwIYgCm@oFWaCQ{AEWsCsWwGsl@kEg^{@uH}AgQqGiy@_AeMoAeQyBwZsBgUoCiYuAgOsAwLaBsLqBcNcBwJkA{GuCiOcCkK{GcXaA_EmBsHg@sBc@eBqFsT_Rut@YkAc]_tAcPeo@oB}G}BeH_GwPEKkBeFaCwFg@iAgCwFsDyHsC}FqAeCqH_N}DcGeCwD_Zsb@_IcMsEqHeCsE{BkEiDuH}AwDo@{AuCyG}DmK}AuEeBeFmCqIaBsFiAgEoCkKsIk^cRqw@mDmOoCoMa@sB}@kEoA}Gs@eEgBiLmBuMmA_Jq@{Fu@iHU_Ci@kFYeCiAeNyAwPsEgh@eAyL{G}v@cEye@ASsAsOcAaMUoCwAyRy@oN]wHUiI[iNWeNO{MA_MH}QH_R\\\\wq@Te]HeOH_Nn@ipALcTl@uhAHqOFyI@oFR}VBaH@{D@yBDgG?oGCiBIiGMwHOeGYcGUaF]}Ee@iHgAiMeAaKy@mGOgAg@gDs@aEg@mC_@qBsAgHGYeAwEyEcTmCgM{@uEyAeIeAkGaBcKaCuPsBcPuBsR_@{Di@}FWiCeAsNUyCMkBsAgSaBwUq@_Ki@aIeBoWgCe^q@mJw@sI{@uJQ_BgAwKcAqIy@oH{AsLaBaMeEk[iFu`@}Fqc@_@uCUcBOgAeAaIk@mEgMc`AgCyRuAsKoBkOeBcOyCkYqAgNUmCmAgNgAqMsAmSwCof@mGweAm@gKc@gHSgCWmDcAyMm@{GcA_LwB}RaAcJ}AkM_@sC]oCiAoJuN}kAy@{G_C}ReAmIqAaJsAiIsAwHaB{Iq@gDs@mDgC}KkEePgGqTkC{IiC_Ik@eBuNac@eBeF{DkLq@yBuCwIgAqD_A}CaA_Dy@cDmBcIoCcMyBcLcB_KiBsLs@eFS{AkAsIkAeJgAaI_E_Z_@mC_DqU_AyGkHii@sBqOcCkSKmAsBgS_B}PkEam@k@uHMqBeBcVUsCaBkWe@mHg@{GuAsQoAyPqAqQgA{N_AkOqByWSsCIy@qBaXa@}E_@mFy@kJ{BoSaAaIw@uFe@gD{BiNaAqFoAcHuEwTwEmTaAgEsJic@aIq^w@oD_BoHg@{ByA_HiEqSaAsEqC{MyAmIyDyTQaAaS_tAgJun@eEaZMeA}AmMeA{JcAgLY_D_@qEoA}RO{DGqG?eGJeBPeBPeBX_BxAeGPw@D}@G}@Ss@KSOOe@Qg@Fa@`@Wv@Mb@ON[LMBkBIWOQSM[M_@Qc@U[YM[A[HWVEHEHEHq@n@]Rs@VsJSuIUiCPcFp@}`@bGc_@hFif@jHqCb@{GnAmBXwB`@_B?s@Kg@UcBgA{A}@w@g@}KgH_GwDwMiIg@i@k@iAkBgFgBcFs@qBk@eAg@[{@KuAFeDh@aBV{B\\\\qb@~FiI`A}BRwAJkA@kAUmB{@{HcHyLiMgJyJsCsCyAcB_XkXcB_@uOaBwGw@yBWsAYi@Yg@YwBiAaMmJaKsHgBgAeA]qLaEyKuD_Bi@uBm@sE_BmEyAgBk@gBq@MC}EeBcMaE_JqAqIo@wDBmEx@s_@rMUJq@TyBv@}FrB}Aj@a@d@yCrDwEvIyAjAyAXwBU}@ISAyCSoGg@i[wCsBYk@OmEaC}IiIcAk@{DoBgFyCkE_D{AcAuBcAyFoDeCoAiFeCw]_QkCsAmIqCUK]MkGmCqAUcAFoEp@_dAtRaGvBiR~G_C|@uA^}@E{@g@a@eA_@kCg@sHm@cJuAiNoTqrAGsA@sELcHRmLWiGy@cGkEua@s@yCsVop@{BuFq@yAiEuGcCiD_FkHcCmDq]ci@q]sh@sAqB_AaBw@kBeE}JgDwHiO{]Yo@q@yAgA_Cs@gAc@_@o@Qw@B{@b@_E`DyKzImFjEcU|QyO`MmUzQoEhDsFhEoRdOaGxEwMhKiDjC}DzCaFrDqDxCkFdEoCtB}D~CuFdEcBxAeAnAuDrEINcG|GsFvGeGjHcBjBg@^q@f@{@ZiARgDj@{Gz@yDb@sEXiDRsDVqXjCwLdAkGf@}Ij@_OlA_Fb@kHj@iL`AS@aN~@cHf@qGf@q^pCgQrA}@De@Bo@@{CTeER{F\\\\uQlAySnA}Hb@uMt@_PbAoFNiV`AwFVqUdA_APqAv@sD~CuDbDuD~CuDhD{CpCe@\\\\gCxBaHrGuh@fg@SXQRkBtEa@bAcBtE}Uxp@kDtJ_K|X}@bCwIfV{DtKeAzCwCfIqCdIaC`Hk@vAs@pAkAbBmDtEmBdCs@v@qAl@eYbLmYfLgX`KuKdEqFtBgH`CyC`AIDwEzA_FpA{Bp@mPxD}\\\\lHkB^_B\\\\_B`@_Bd@gBj@}Af@qCbA_@LyAh@e@PwFpB_B\\\\qCl@qB\\\\]FQBSByGf@yCPcCPiBNiBPqALeBRe@D@PB|ABrAB~BG`@IRGLg@^e@XaB~@}BpAOJIFGFoA|@SsAt@g@c@uC\"', '2025-12-16 17:03:27'),
(21, 814, 819, 298.05, 224, '\"ks~gIystfDCe@BeBEyBAYAi@A]SBe@F}CZo@HK@[BoD^YBWDiDRU@K@wEH{CHgBDQ@k@?QcFK}Dm@cU]iLM_Ea@oL?GIeC_@uOCcAMwEE}@KsD[mJGsBa@wMGuBCq@GqBI_DEsAEeAUcJC}@Cy@GgBq@cUEyA?eABiAB{@Du@Dm@P}ANy@Ny@R}@Rw@tB{GlAoDZeA\\\\sAPeAHg@Hs@Fq@Dq@L}BTuFDk@LcC?SFeAD{@ToEB[N}C@IN{CBo@PgD^uG?Eh@}K`AyVZaHBg@T{E^aId@kJHyABm@FgAj@qKn@kNb@wILkBN{@rA}DjBuF~CiJJY~CkJj@aBn@kBHU@CPg@N[LU@C\\\\q@v@iBzBmHJQX]FGzAuABCjBeBjAeALK|@{@POnAkALKPQLWwBwFq@iBGMg@oAYu@s@iBeCoGQc@qAaD_CeG}@_CmFwM{@uBoA_DCEgAmCkA{CAEM[Qe@CGc@cAmEiKIO}A}DaA}BmA}CoAwCm@yAqAaDYs@GSGWEYC_@CYA[AWAOKYOi@k@qAGGKGKCG?o@IICIGaBkCqBcDs@gA]i@IKEEKOuByB_CeCiCkCwFmFKK]]GIOWmDqG{@}As@mAwDsGYk@_@cA]iAyCgK}B}HAEIW}AcFoBmGiAsDk@qBEQ}BcIiA{DeAsDWgA]aCiByLUiBMaBCkAOiEKkC_@}Kc@oLQcDE}@Ei@Ii@AGc@kC_BgJwBoMs@mEEWY{A}CgRe@mCCOKk@]mB_@yBaFoYu@kEWwAoBwKWyA_@wBQ}@mBqK[eBkAsGSkAa@uBCSOs@COmDuQa@cC_DqQe@kCe@eCSiAy@oEg@sCq@uDc@kDu@aEk@{Ck@_CWoA_@wBO{@Ow@Y_Bg@qC[cB}@aFsAwHG[EOuAqH}AkICOSkACOsG_^oAmG[aBiE_SqAsGuAoHeAwEiCoLEMgFwVk@wBkDmPw@sDqHc]aBwHyFuW{@cEwDmQi@cCwAwGgGoYc@mBs@iD]}Ao@wCQy@wAyGeAiFeAcFAKiBsIWgA_@kBYuAYkAq@yC_AgEoByIq@oCuAiFgFsPeDaJq@cBwP}e@gAyCaAsCu@qBcCcHWq@u@qBgC_HaB_EsAwDkAkDk@gB}CwIGQa@mAeB{EmAkDqCgIg@uAeEiLQc@w@}BcAwC}DeLQk@yCmJy@kC{CoJsPmi@iEgNw@wCoBsG}@gDcHcVqAoEo@{BaDcKa@qA}DiMwGgTyEmOoC_JsDwM_BqGe@iBm@}BkOol@g@mB{Io]wCgLsByHoDiN_BiGqB{HiGaV}@oDIYyA{FgC{JCGsBgI_@yAa@wAmAyEgIq[u@uCmUe}@qEiQeUo|@e@_Ca@yBaBiMS{AgF_b@QsA{AeM_Fka@OqAoAeKe@aEkB}OkBsO{@eLIyAIwAGwBCiBA{@AsA?sA@sA@y@B}ADkAFyAJaBLmATyBhEea@TeB\\\\qBXuAXkAh@qB`@eAb@eA^s@Xm@\\\\m@BGZk@dB}ClAqB|AmCvDqGd@w@tC}E~AmC|BoDlEqGtEiGf@o@|CsDzHeI|WkVr@q@rEeEx@u@`Q{OhCaChGsFjKwJd@c@dCoCzCeDdBqBdBqBrAiBdAuAxDmFvEgHfA_BbAcBbCgE~@}Aj@{@rAaChIsN|KeRnBkDn@gApKwQdVwa@`JqORYhBaDjCyEr@oAbCeE|@}AhGaKdDyF`DyFjHuLZg@xCgFtAaCr@kAbF_JxBuDjCwE~@cBbA}ApAmBtDaGvDgFhBcC~@oA|HwItBeCjBgBrBoBz@u@|@q@xAmA`BoA~AkA|AiAzCkBrBwA`@E`@@d@V\\\\b@Nf@Jn@@`AMfAO`@SV[Pe@D_@E_@GYSY]}@eByBmEo@{AgDyHcDqIiB{FiAkDuAeEwAwEiEgPsBoIe@oBa@kBcAcFqA_H_A{EcA_Fk@kCuWuuA_Nss@eBcJ}CiO{@{EqAgH_CmMyD{RsBmKcDmPu@yDu@aE{CyOwEsVKi@iCwMoFiWg@sBcEoQsCkL}EcRmG{T}BeIiNof@eLea@}@_DyGkWoC{K}ByJmCgMq@}CqBkJWkAw@yDiAeGa@uBcAmFaAsFcBuJyAcJgCiPYaBU}AaAqGiCwPkC}PoFa^wCyR_AgGgE{XmAcI_BmKIm@{@qFy@wFmCcQKm@yEqY}AsIyH{`@{BgKqBeJaG}VaDoMgEkPsBaI[qAo@gCEMsAmFmBuHaHmXwCuLwCeM_BwHo@wCcG}ZyCsPsAiHkBmLk@eDa@kCSyA}AiKqCiSkDsXoDk[yAyNaBwQiA}MgB_V_BoVqAwVw@oPeAqZe@cNGmBGcBEmA_@wKqB{k@KiDiAo\\\\qEksAYgIw@iV]yJe@qMc@gMQmFYoJGsBU}GqFs_BsCsz@mBcc@o@eOwBc\\\\aEsm@uEor@{Dkk@yBy[{E}r@m@{IsCkb@gBoWmBeW[qDy@uJ}AqPgAiKkAsKeDkXyAwKuCqTkJsj@cEsTmEuUuL}o@qBkKqBqKeCiNqAwGoFwXiDsOYiA{HgZqDwL{BsGmFyNkGoOcB_EwXcq@wBeFSg@iDcIuEsKQ_@_A{BWo@kFsMqDiI}DaJsD}H{GiN_FsJeDoGmEyHsEgIwFaJw@oAwI_NkFwHmEgG_EqF{KkNaAkAoCgDwEiFwDcEwCcDmDuDy@_Ai@k@wGcHaFmFIIeTeU}MuNqHaImDuDgYoZ_KmKgDsDgc@ee@sIeJgXqYaQmQwFgG_JyJqDiEgHuIiHgJgFgHo@}@_AqA}CiEaBeCuCgEqGmJeHgK{BkDyFgImBoC}@qAgMuPeGaIiG}HsIgKgAsAmL}MqIeJuIyIqJkJaF{EyOyN}OsMkFgE_DgCsK_I}NiKwMmJeD}BwA_AoCmBqJ_HoJyG_@W{K}H_Aq@qGsE]U_OoKyJqGgB{AaNkJc@[eLkIWQyJ}HuGyFuHqHc@g@_h@oj@aJkJi@i@yc@cf@mF}Fg\\\\e^qDeEcBqB_AkAu@_AwCwDkA{A_DaEmBcCeFyHwEuGwJkO{FqJoBeDgNsV}Ucb@gLiSw@{A_EyHyEuIcGuKi@aAqC_Fic@ow@aEeH}AmC_D{EoBkCaGaIqIoJiCqCcHgGoAaA}EyD{KaHuHaEeHeDmDwAwEoBUI}XmLgD{AwC{AeFiDcDmC_DeDu@_Aw@_AoBmCaFwIiCgFmCyGsBaG}CuJy@eDq@qCm@_DSmAkAmHeDgWy@kGk@}Ec@cFY}Da@gGcAuMIgBMyCIkFCaKA}JAiZCqLAoFGeEEmBQgCEm@KcBYgD]cDg@yDm@iDs@mDg@wBm@gCw@uC_AuC}BgGu@gBuIyS_ByDkBoE}]i{@eJyT{Uik@}@{BmHmQuDeJyAsDoAsDcA_EuAmG_AgFQkAe@yC_@kDYeDWcGEyBIgEAcB?gCFwJLuIHgDLkJFkDf@mXHoDFqFb@wXpAkv@|@qj@\\\\qRRgLXgR@o@FwDXeNJuHFsDd@{Xp@w]NsJP_KF{CL}GHiF?mCK{FGgDWmI]yIKeCsAw]KuBo@}Oe@{K{@sT[{HM_IIiMSyYWyb@CqDGcKGuGMqUGyFKcHGkEKiDMuCMuBOsBeBwRQeBoBoTqHcz@gA{Lu@cIyBgVc@mEo@}Hm@mHuByW_@{EaDea@qA{S]sHYaJ_@uLO}D[mIUmGMwE_@}T_AkYCi@[uJKgDgAq^OeEc@yIYuH?KyAyd@gBck@c@{NmA_[[eJO}DKkB[aGk@yHWaDg@wGaAwJi@sFaAwIYgCm@oFWaCQ{AEWsCsWwGsl@kEg^{@uH}AgQqGiy@_AeMoAeQyBwZsBgUoCiYuAgOsAwLaBsLqBcNcBwJkA{GuCiOcCkK{GcXaA_EmBsHg@sBc@eBqFsT_Rut@YkAc]_tAcPeo@oB}G}BeH_GwPEKkBeFaCwFg@iAgCwFsDyHsC}FqAeCqH_N}DcGeCwD_Zsb@_IcMsEqHeCsE{BkEiDuH}AwDo@{AuCyG}DmK}AuEeBeFmCqIaBsFiAgEoCkKsIk^cRqw@mDmOoCoMa@sB}@kEoA}Gs@eEgBiLmBuMmA_Jq@{Fu@iHU_Ci@kFYeCiAeNyAwPsEgh@eAyL{G}v@cEye@ASsAsOcAaMUoCwAyRy@oN]wHUiI[iNWeNO{MA_MH}QH_R\\\\wq@Te]HeOH_Nn@ipALcTl@uhAHqOFyI@oFR}VBaH@{D@yBDgG?oGCiBIiGMwHOeGYcGUaF]}Ee@iHgAiMeAaKy@mGOgAg@gDs@aEg@mC_@qBsAgHGYeAwEyEcTmCgM{@uEyAeIeAkGaBcKaCuPsBcPuBsR_@{Di@}FWiCeAsNUyCMkBsAgSaBwUq@_Ki@aIeBoWgCe^q@mJw@sI{@uJQ_BgAwKcAqIy@oH{AsLaBaMeEk[iFu`@}Fqc@_@uCUcBOgAeAaIk@mEgMc`AgCyRuAsKoBkOeBcOyCkYqAgNUmCmAgNgAqMsAmSwCof@mGweAm@gKc@gHSgCWmDcAyMm@{GcA_LwB}RaAcJ}AkM_@sC]oCiAoJuN}kAy@{G_C}ReAmIqAaJsAiIsAwHaB{Iq@gDs@mDgC}KkEePgGqTkC{IiC_Ik@eBuNac@eBeF{DkLq@yBuCwIgAqD_A}CaA_Dy@cDmBcIoCcMyBcLcB_KiBsLs@eFS{AkAsIkAeJgAaI_E_Z_@mC_DqU_AyGkHii@sBqOcCkSKmAsBgS_B}PkEam@k@uHMqBeBcVUsCaBkWe@mHg@{GuAsQoAyPqAqQgA{N_AkOqByWSsCIy@qBaXa@}E_@mFy@kJ{BoSaAaIw@uFe@gD{BiNaAqFoAcHuEwTwEmTaAgEsJic@aIq^w@oD_BoHg@{ByA_HiEqSaAsEqC{MyAmIyDyTQaAaS_tAgJun@eEaZMeA}AmMeA{JcAgLY_D_@qEoA}RO{D{Ae\\\\YuHMsCkAo]MoDQwD{@yUi@aNq@gPc@}LYiGyAa^iAuTYaF[uF{AwRmAgNa@_E{@cIcBaO_BmLIi@S}A{Fua@}Jss@}RyvAaRyrA[}BgHwh@a@uC}AsLUyBOaAs@cH}@kKO}BKaBg@iHiDem@_AgRm@uNIcDUmKSoN?eLHyLPcK`@aKl@iLJuA\\\\sFd@kFf@uFt@kHhAgJ~AgNXgCxC}VXcCd@eEz@qHf@gEnAiMh@aGd@sFf@_HLgBn@aKd@sIN}CFaB\\\\aKViITeJNsINuNFqMCcJEoGAy@CaDKiJUmK]}Lg@aNi@qJm@sKo@kIoBsWcD_b@UwCUyCqA}Pc@oFcC_[gAkNeBeUaAkMo@iIeAyMUsCyBkXiByUeCs[kDsc@{AwRyAiRkA{OCWWoDkEuj@gBsTeAkNSsCeAiNcCs[uFot@}Fiv@Gq@eDsb@mGsx@y@iKu@sJu@gISaCEc@qAeP[uC]oCe@aD{@uEqAqGiAaGcAuEgAoFUmAsBeLqFmXwHi_@sAuGoAyGa@aCM_Ak@uEWaCQcCUiDIoBUoGOaGe@oPc@mRg@_SuAgi@e@aRSsIaAi\\\\OcFIqCs@c[QmEa@qJUsE}A{T}Ccc@o@qIcAoM[uEq@sIUaDuAgRuA{R]qEa@{Ga@kEq@qIk@yGy@wHaBaJiA_GKe@}@kDwA{EgBgFoXkq@wBmF_C}FuJyUy@iBwIkTqEwKM[eVgl@wBqFIUwDuJiIySy@wBeJmUqCcHgGiOsCgHyJsV{Tsj@_B}DKW_JcUiCsGkC{GuGkPeAaD_B{FWiAe@{BuAiIk@uEYaDWsCwAyPwBgYO{B[kEmBgXw@iLq@yJmB}WcBsUk@yHYcEi@_Gq@kKcCo\\\\sAeRoAyPQyBcA_OmE}m@mBsWyCsa@kF{q@SmCEk@q@uFaB}IgAyEc@aBg@{A}BwGgBmEyCiH{CcH_BiDw@gBu@_BwAcDgGeNu@aBiDeIgC_H}AuE}CkKiAyDsAsFcBkHyC_N{CeNaBaIcGcXq@{CgDoNeB{HeD}NyCyJsD_KmIoSoJqUaAyBqAkC{C_FsQoU{o@{y@uD{EyFsHmFwGcFwGw@cAqMyPa@]uCsDuEaGcC_DaL{NoDgFyB{Di@eAg@kA]y@EI_@}@e@qAEGQg@sBgHoDkOkCsKk@}BcAcEa@cBq@{CQ{@}AyGc@oBkAiEcCgKgJ_`@wA_G{Jq`@aA}DoJ}`@g@oBcAmDgLke@cAcEi@uBgEmQk@}BsBkIq@uCmAaGm@yD{@}Fk@eFg@wGKqAuCai@sAgVGaA[gFScDa@gGGy@QyBm@kIm@yIc@iGq@sKGy@KaBqAgQ[uEQkCc@{GB_@DWX}@f@}@f@g@b@Ut@Qb@An@J\\\\PX\\\\Tf@\\\\z@Nr@B|@Cl@Gr@ObAU|@S\\\\URcAj@e@Tq@NqAGyAGgBIk@Am@AcB@sDDqKPQ@yBBuc@l@{KNmIN}@BoFLmBFc@DwE^m@Hi@Dyb@vEqD\\\\oCZ{JdAwFl@}C\\\\cIt@}FRkFGiFUeGq@sHaAaCYi@IwFw@}G{@sGw@{KeA_Hq@q@GgAKuLkA}KgAqGi@uGWiBAeGNkBDeS|Bk@D{Iz@qGh@}D@yAKcCe@sGkBmf@qNsB]y@Eu@EoEBkBZqCt@gBd@sDbAiOtEwEtAuFbBoBl@qGjBwFbB}H`CkHnBuFlA_AN}Dt@mDp@cRjDuHvA}FfAkLvBcDl@cb@vHyE~@oGfAyB^e@HoXhF}WfFqHxA}WrEwRhCo@JsKvAmIlAuGlAkVvE{AZ_a@vHmFdA{I`BiB\\\\yPfDs\\\\pG}Cl@yZbGe@HqEx@i@JcGhAkQhDob@dI}Cn@}E~@oB`@wB`@{RvDaJfBcM`CqB`@mFdAqI~Acd@~Iid@bJ_Ex@cFbAoAVaARSD}GpAgF`Ak^jHkFdAq`@bIwTrE{R`Egb@nIsDt@yp@zM{E`AsAXyPhDeZ`Gaj@tKuCn@}APqBTc@BgBFgA@yCDw@CgDKkCUeKuAuCOkD?{DXkC^eAPUDwAb@}Af@mBz@gChAsBlAeC|AsFxD_Ap@{C~BcCdCcAbAaEbEaBnByFxGoElFuGxHgDpDkAjAgCpBgBhAkClAuAb@oAXWDk@F}@DkBJ}UlAmNp@gCLsERyBJuJh@Q@qIb@aUjAoMl@uR~@uD\\\\aD^}Dn@gHhB}E`BaNbG{F~ByM|FuKrE]Nmi@pUeIlDk_@~OWLuMxFiEjBqJdEsGbCoGrByXbI{Ab@mMtDmA^mA`@w@XaG`C{@ZkO`G}An@_JnD_OzFuKfE{Aj@oEhB{ClAaM|EsKfEiObG{JvDoBr@sEdBmE~AwFrBy@XcC`A_R|G}EfBcPpGaBn@o@Tm@VsBx@oEdBgKhEaE`BqH|CmJtD_UhJaDrA{Al@[L{CjAyN`G{JjEmPzGmE`BwAh@}J~CaEpAqCr@oE~@gEr@oE|@kIxAiDl@aGxA}E`BmBr@m@TqCtAqF|CaDrBaGnDiAt@mGzDgHzEwCjBmCzAmCpAkChAkCdAeDfA_Dx@cB^i@LaC`@oG|@wAPg@FaBReALcBTcBR_Ed@y@Lk@HyFr@{Gx@e@FgMvAoLrA}El@qC\\\\uGz@cNdBuLzAgDb@kGt@mBV{Gx@uD^yAHsAJgDJkCAcEGcESoKo@cEWiDQ_EYm@CsF_@}ACcEEiADm@D}@J_APo@NaAXuB|@q@`@cAj@KFKHGBa@V}@r@eAx@gAx@{@r@k@f@oEnDyCbCkQzN{AnA}BdBoDjBcB~@yAh@s@Rs@No@JaAJk@Gg@Mm@e@k@o@e@s@a@eAc@sBo@mCQw@]s@a@i@_@Y[Oc@I[@a@JWN]`@Uh@Kf@Mr@K~@y@`J_@`EUpDOrBIzAEbBEtBAtB?bBB|ABrADbCXdMZzM?TD`D?fH?j@InDEf@Ih@G^I`@EHCDYTUJODUD_CZsCZ}ARqK`BuCXsCVwBVqDb@uANwATm@HaAJ}@Ji@DqBRi@Hc@F_AJq@H}@LQB{Db@aALg@Hm@Jg@Ja@Rc@ZKL{@~@}AnBGHm@t@y@dAiFhGyBpC}BnCg@n@a@f@iArAcApA_AfAY\\\\EFMNKLq@v@UXWXmKjMe@h@OTo@t@SVuPtSoCdD{BpCkArAeBvBqCtDy@bASTGJWV_AnA}@bA_IxJcD|DqClD{AfBWZ}AfBuE`GwBlCsBdCe@h@QTEFcAnAmAxA_AfAqBfCuDtEoFzGkAxA]`@mAxAeDfEQTUX}AfB]d@mDlEeLrNUXuAbB}AlByE`GcEhFwDtEc@h@UZ_@f@[\\\\]d@qA`B_@b@w@z@IDMHOLQP}ArAaBlBeCfDaFdGeCfDGFW\\\\SZEFS\\\\Sd@a@xAg@fBEPo@|B_@nA]tA[jAe@bBQj@_AhDYbAm@rBGRMh@Mb@Qp@YdA]pAMf@YbAOt@_@dBQz@]pBUtAa@jC]nCCRKz@OtAM`ACVK|@e@nE}@rIMrAUlCWjDANQrBa@bGi@lH_@xFS~CCTElAEv@Cx@Cb@G~AGtAInBIrCQ`EGl@El@WpBi@zCMn@Sv@a@|A]pAGVa@pASv@Qr@_@lAWr@Un@cArBYh@_@f@o@z@{FxGy@bAOPCBU`@EJa@Sk@]cAg@_Bc@yC{@w@Uc@Oi@QoBg@k@Qe@MqCy@[MWM}@YICa@IUGg@K_@Kq@Q]KYEk@OwC{@_Ba@{C}@OEICWIaCq@YIsBk@CASGe@MoBk@YIwBm@YIsBi@c@OGA{@Wg@OaBi@_A[e@Ou@WAAGCGCEAWKgAi@}DmA{@YMEWIWKwDqAyBy@KEcBk@}A_@_BQSAOCg@Sm@IyASMAWEOCiEk@g@G}AQeC]k@Gc@GwASKC_@EWE?j@VD\\\\DhAPpD^lANjALx@LAf@AfA?r@\"', '2025-12-16 23:40:55'),
(22, 821, 835, 162.86, 114, '\"cj~iI_g~lDtByCT_@zBmDbB}B`@m@^q@Pc@RuApA}I\\\\{Bd@}CL_AF_@p@{EBONeAx@sFRyAjBkM|AgKzA{JBOBOrA{In@uEDY|BgOBSnBqLRoABBD@FADCBGBI?K?KCIEGECG?EBEFAHiAq@[Oa@Uu@c@a@M_GyCk@Wm@S_AGc@?m@DYOQSKOK]G]IkBCiA?W?_@Di@Fa@@OLc@HMNYRMRAp@L|Ah@`@Ld@Ld@@^?\\\\EXGVOTORQRWNS^w@hCyGb@}@b@o@jAkAb@i@T_@v@aBTe@d@u@b@k@t@u@bA_APOROhBsAlFgE~DcD|EsD\\\\[jDgCdCmBxDyCxCaCx@o@~BiBXUxBcBvCoBjA_AbAw@\\\\Kd@?^Jj@Td@VVTVVt@dAbCvDrFlIx@jAVVRJVDfCBbFEP?~LBdACx@Ex@Sr@]p@a@x@w@jA}A~@eB`BaD|D{Ht@{ApGcM`CyEZq@f@eAbCgFjDoGvAqC|EsJnB}DXk@b@}@hDsGbEaI|DwHtD_HzD{G~FcJzC_DbEeE|JmK^e@xE[lIu@rKiAhEc@rAIvAB`BVZRvQrMxCvBnGlEtBxAxMdJdD|BbD|BxMjJ`OhKjKbI~CdCpFlExOjMvOxN`FzEnJfJvI|ItIhJbLrMlAxApIfKhG|HdG|HjM|PdDzE|FlIvBdDpBtC`CnDzEfHl@|@v@bAxChE~D~Fz@lA`AtAj@z@hFdHhHhJnH|IrErFxHjIzFhG~PlQbXpYxIlJbc@~d@nDxDxJfKfYlZlDtDrH`I|MrNbTjUHJ`MzMzA`BbEnEd@f@f@h@fHvH|AbBxBbCrCfD|@hAxKhNdEtFhE~FtGtJvDfGrBbDbBnCxFfJrJvPdDpGxE`J~GvNpDvH|D`JfBdEzH|Qt@bBn@bBdGpNzBfFPd@rBbFxXbq@fB~DlGjOjFxNvBtGpDvL|HbZXfAhDvOpFzXrEvVpBrKnBjKzL|o@jEtU`EtTjJtj@tCdTxA|K`DhXnAnKdAlK|AnP|@tJZnDlBfWbBdW@JpCbb@l@`J|Eds@vBn[vDdk@xExr@bEpm@tBf\\\\n@zNlBbc@rCtz@~EjyALfETxGHrBl@fR\\\\xKh@`OJxChAz\\\\VjIrElsAhAn\\\\LfDnCnx@LtDz@bVl@nQJhCHlCh@tLh@`Jj@hKNrBnA|RhB`VpBrVx@bIp@xGd@|EpDt[hDjXrCjSzAhKv@dFvCtQlF`ZtDhRlAnGNn@^dBbBbIrC~LxCzLtHfZvArFtAlFBJn@hC\\\\pAf@lBhApEfErPbDlM`GxVnBdJzBbKxHv`@|A|IdFvZfCrPhArHx@rFt@~EnAjIh@nDdEvX|@bGxCzRbBrKlCjQNt@ZtBL|@bCbPvAfJ`AnGn@dEfChPxAbJbBrJbAvF`AfF`@xBfA`Gx@zDTnAnB`Jn@zCrCpM|BxJlCvK|GlW|@bDbLda@jNnf@|B`IjG|T~EhRnC~KfExQd@rBnFfWhCvMJd@hHp_@fAxFn@fD~@xE~BvLpInc@hCvN`AfF~@|E|CrOb@xB`Ppz@xWpuAh@lC~@~ErC`O`AbFPv@z@rDbBfHVjAhD~Lz@|CbC|HrDlLpCdHfBfEbAfCx@fBpBdEb@t@pF`K~CxF~AfCfBtCxFxHdG|H~BhCdIlIdDzC~CjCxCzBxEfDbF~CvDrBl@ZbF|BjGdChCdArC~@zDvA`Bh@|LtEhJdDhIxCvDtAzHrCp^zMvZ~KzPhGl]fMtHpCfA`@zFrBpI`D|SvHhBt@JDxFvB|YlK|CrArCrA|FnCv@b@rIvEhElC`EnC~HhGfHhG`B~AbC`Cf@h@lH`IdD|DjDnEzGbJd@r@zAzBjCdEjClEx@|AdAjBlGtLrCjG`BzDh@nAxCdHpAzCvE~KdDbI~AtDjDnIlBpEdEhK~EpLnDnItErK`CzFtUvj@fDbI^|@l@vAp@|AXp@|ApD`GjN`C~FlGdO`HpPdC~FtC~GpErKpExKrE|KpDfJxDzIp@bBnCzGf@pA~FjNlUfj@bIpRdDfIrB~E~Pxa@zBrFbE|JhQdb@hH~OpHlPbYvn@tAxCpBpE`DfHfDlHpArCrE~JJTl@nAlFlL|DxI|AhD~CfHbDzH~FvObB`FhAdDjCpIlChJJZfE|Ph@pBrAvFt@pDfDbQrDxT~@rGrBzNTtBr@hGh@dFbBzOtAlMn@`Gj@vFh@bFb@tEzAlNb@~Dl@zFpAbMh@rF~AbOh@~ENtA`@nDhC~VfFtf@fBrP|@jIBZ|A~MThBh@~DrAjJzArJdAbGr@|Dv@hEtAlGpAfG\\\\vAz@tDpAnFtApFrAzErArEv@fC|@zCnBbGjDxJzEnMxEzKfNb[jNr[ve@vfAfOd]dSrd@b[ns@lBjE~BtF|A~DzA~D~EpNnAvDhDtKnBdHn@bC|@bDt@tCfA~EtArFRv@fFdTdCtJbG`S~BdHhCjHrAnDb@fApBbFrFfMdFhL|BnFbBtEbEhLzBjHdEpOxC|L`CzK`CrM|AvJ`@lC|@tGb@fDRbBt@dGbAvJn@xG`@hFf@hH^pGj@lMXnFFlAJnBj@pLvAvYvClm@RhE`Dtp@nBn`@^tHBn@|@zQdBb^hCni@NzCn@pMFpAHzA\\\\fHr@vM^fHNtCvA|ZBb@rAbWp@fJp@pJz@bJ~@`J`AzIhAxINfAv@pFjA|HpA`IbC`N~Gp]Lt@rB~JVnAdHl]lDbQjBbJjErTZzAlEdTrNps@n@|CNv@nBxJlCvMnH~^`FhVr@jD|DxRzG~\\\\dCtLnBzJfAhFbA`FfBzIhDtPfCdMv@~Dn@`DxEvUThAd@tBnLvl@X~AzCnPxBvLJj@h@~Cp@lEdBzKz@jFxA|JfDzV|BnRzDv_@rEjj@x@nLDx@~Bp^nFr|@zBd_@j@hJfAfQfAnPp@rKfEhq@lDji@d@lHn@xJd@jH`BtUrArRrAdRjAxPdC`]`AzMdAnNz@bLlDhe@~AvS|ArR~@zL\\\\fEfB|TfBlT|AhR~AdSLbBrDdd@bGju@rCr]xA`Rh@tGt@pId@zFPxB^jETzCtBhWjAdOrArRjAnRXbFR|DJpBb@nJBp@^|HTzE|@fWb@lQRxKR|KN|NNrN@jDHjTAbTAdDAvI[~]_@bUc@lTSjHE~Aa@dLe@lMm@|Mo@pLu@bNi@hKSjEo@jQ[fLOvDM`DQ|Cc@~IM~CCdCCtC@|ADfBHvBRdCZ`C`@fCb@vBh@xBz@dCt@hBz@`BpEjHhAzBt@rBd@vAp@pBjHpYRr@z@hD~AnG`@zAjBrHbWlcA~CvLrAbGhHfYf@lBdGfV\\\\vAJ`@jArEXpAnAlGn@hDpAhHx@jGx@fG|@`IPfBP~ArApPZlFTzEVtGLtENhGF`HLxWLx[LhYb@v`A@tE@|@HvKNvGRxGVhFDp@T~Dd@pFn@hGz@hG~@jGx@`Et@tDfB`If@dB`BpFjBvFt@vBt@hBdA~BbBrDzB`Ex@vAhBtCfBlCxBlC|@hAlBpBzBzBbDjCnDbCpBtApRtL|ClB`Al@rD|B`@V|@j@lEpCnUxNnCfBfEhCpBlAHDdu@`e@xD`Ct[`SvEpCdCbApDfAjVrHdSnGlCz@bCr@xF~A|@VpLnDzQrFrLtDdAXzJtC`Cr@XHtLpD`Bf@lGhBfF|Ax@VdBp@fBp@bB|@rAbA|B`BrAnA|@~@z@nAnC`EfArBvAbD`CfGhH`Rh@rAnChHpIxTxQze@zR~g@hNt^`ClGvKjYvE~L`K~WhRdg@lN`_@~_@pcALXXz@t@pB^~@lFpNlGpPv@pBhDbJ`AnCz@rCZbAVz@bAdE`AfEjAtGf@dDhApI`A~GTdB`C|PnF~_@nLr{@dBhM|BvPD^xCnTp@hFt@nFbDrV|ClUhKhv@vEd]RbBb@|CzA`L@FFb@jB|Mt@zFvEv]lBvMdRpvA~@vGfBzMjBlNvAlKpAjKt@pHBZl@dHBlCArBIfAUvBgAfHShDCr@CbA@hADv@B^PlAXfA^hAp@|AvA~BvBpC|D`GzB~DTb@vBbF`AvBhFbRtCnK~DjNnIfZpKl_@Lb@~AzFV~@hF`Rj@nBnDlMjQbo@dCrJfAxE\\\\pBNx@|@vGh@xDl@nHTrCTdElBri@t@fSFpAjEdmAb@pLTrHVzGVtGFbBDzA@D@V@d@Bf@DtAH`CLzDn@~PZnJXxHN`E\\\\`KXfHHrALtARdBf@bDf@zBf@nBn@lB^bAj@lAdB`DZl@Xd@f@|@tJ|PtTv`@\\\\j@pDzGl@bAb@t@PZHKFMBGz@cBDSJS~@oBRa@tFyMpDoIxA_D~AiDtAmBbA{BFMLWLRf@v@NTZf@dFnIlB~C`@r@PXjAlBdAfBFL^l@PZdAdBdAjBvA`CLRT^NVPZ`@l@jCnEl@`A^l@^l@Vd@DH`@p@v@vAjArBXh@`@l@l@`AR\\\\rBfDZf@N]Na@L_@`CiGLRxDzGjAjBf@t@`BnCb@aBVcA\"', '2025-12-16 23:41:19'),
(23, 874, 861, 390.90, 319, '\"a_loImaybDp@ItAMf@I?Ig@uOG[KOeAw@@cE?kIAoCEeBOqFa@wOg@cQASEeBI{BMaFD{@hT`B^BrBPLBJBvG`@zGj@nCXdDXtDZxDX?GFoE@eBJ_MHiH?uHEqD?q@?c@@kB?wD?wDBmArHF|DR~DERBNE\\\\[Gq@Cs@KeNE{GD_EHeCd@{H\\\\iFJmBD_AvCu@xEsAbA_@|D{@|Cw@|S_CvEc@`PwAD?nCStAKh@E`AGL?|AE`YW~KKvJIxDEJ?rCEnBC~EChJClCAbA?dECxAAbA?bDIzDSpD_@hAS`Do@XIrAc@jC}@vBeAj@YhE_CpByAbCmBtCiCdD}CtCgDbEqFtD{EzC{D|JwMjZa`@rM}P`OqRhBiCpBcClGkI|BwCfEyFzEkHlDaGtAkClAkClMsYtQma@hHcPlIcR~@uBlFyLjAmCFQ`AaCbGwNzL}Y~FoNHSLQFCHAD?NBDBFBLJ\\\\zB?Bf@`DVdBJr@XnBJn@|@~FD\\\\rA~IxGxc@PpArBjNN~@b@dDXnBhCtPpAjInC`R`@hCd@|CjKtr@bC`Pz@vFhP~gApGbc@`@hC^fCv@lFJj@FJDFDDF@NCj@QLIZSHCz@WdAWbBe@vIsB|A_@`@O~B_@`CQnCGvD?pDIpECbDQlAUt@KtA[r@MXIFAtMoC~HaBxE_ApFkArH_BzMuClCq@t@Ux@]~AgAxAyAdAqAnAyBdEiIxCuGrBmErBiEfE}Ip@yAfBoDrAqC|@iBl@}@h@u@h@q@r@q@r@m@r@i@n@]j@Un@Ol@Ov@Ef@C|A@ZFr@FbAVxBr@dBv@dBv@hGjCpGpC~G~ChGdCx@VdARx@HfAAjBKfAMbAWz@Yx@]n@_@n@g@dJeJdEsExA{Ar@m@j@a@t@_@PEbAMp@Ej@@`B@n@BP@jBH~J^pGTrC@d@EzCSf@E~@Mh@Id@Gf@G`B[rBo@VIXM`Bq@vBgArCmBbD}BtHkFzHoFrLmIh@_@fWgQdAq@v@a@l@Uv@Wl@Mv@Kr@Gt@E`A@f@@l@Hd@Jp@Pt@Xf@LrAr@dAl@jAv@LF~@d@tAv@lB`AxBjAz@`@p@Xx@Xz@PzAP`BLdIh@~L`AlD`@jB\\\\|Bt@zBhAjF|C`FvCFDhBhAnAp@b@Zn@^vA|@tDfBTFn@P~ALlBSjA[nDsBrDoCnGmE|BwAz@g@^Oh@QZIj@K`@Eb@An@?f@B`@Hh@Jb@L^N^N^R^Vb@Z`@^f@l@z@dAdBxBh@p@bAlAx@x@p@j@p@d@|@d@|@Z`AZ~@NxBVlAJ~AJxE`@jBNx@Df@?^Af@E^I`@Kf@SdAe@tBaAp@YLGx@[t@Wb@KrAa@f@K\\\\GnAYtBc@`@IfCe@~Ci@bASf@Mf@Mb@Oh@Q`@Sl@]VQ\\\\YNOX[PW\\\\c@V_@BCXa@T]z@aBd@{@p@mAr@sAbAaBv@sALSp@mAz@cBx@_BXe@T[Va@V[Z_@^c@h@k@fAaA~CqClDuC^_@x@q@JKr@s@v@u@nAgA\\\\]DEFGf@[h@SHCl@O^MHCFAtBa@HAz@QXEVGPCCeD[{XEuIFiJDyDDcBHwCb@iNd@}NFwBJoDLsERwDJkARuAJg@d@iB\\\\gADKN[d@u@t@iAn@q@^]XOf@Wn@St@UzAc@DAxHyBrTgGLEbBg@HCd@OlA[b@MRELCVEF?b@AP@VBNBXFd@Ll@VXN`@Xf@`@^d@^j@^l@Tb@v@tAb@r@JPr@dA^d@z@dAr@v@r@n@`@\\\\LHXVz@n@VRt@d@zAfA~FzDXRHFNJXPzAfAbDpB`@R`AZdANLBPDNBzDx@`@HtFhAh@LB?xFhAzEt@`AXTFRFn@Zh@b@h@l@Xd@V`@Xt@^rAh@pClDvQv@tELv@P~@H^^tA\\\\z@Vh@XZZ\\\\NL\\\\XXPr@Rn@Hz@?z@K|C_@jAQ~@Sv@_@pAgAp@k@z@e@|@UzAMlD_@~AQhDa@fDe@hE]rFm@dAMtAO~AI`B?tFd@~A@r@Ed@MjAm@nAiAVUj@k@pAgBtAoBfFwGbHkIzDsFvE_HvH{LtIgN\\\\k@d@s@Ze@pBgCrAoApAcA~@m@bA_@fBa@xA_@nF_A~@I`@GZGn@KfAwDRm@tAyDfBcFxCuItN_b@za@amAlCoHjEoMtBkG\\\\kAxCyHnE}MbFyNn^}dA|U{q@`Le\\\\p^eeAn@kBdW}t@^cAfCgH^cAn@cBt@sB`AqCnWcu@~@yBxAiChA{AzAcBfJoJjF}Fr@y@v@yAx@_Cx@aDx@aDvB}HTy@V_AbDsLv@eDPkA`@aEJwAP}Cj@eMh@uEd@{D~A}JjFq[fCgO|@eEbAcEx@qC|@cCnAqCxDmHjDwFzC{FxAaDNYl@yAj@}Ax@kCz@mDr@aEp@cFfFse@|Dw^RuBpB{QbA_I`AaFfBiH|@oC`AcCvAaDp@mAt@oAjBuCzAcB`CyBtMwKlLuJvAkAvIcH~CcC~AsA`A{@jAeAdAkAxBoDbBwDjMmXRc@p@yAtFsL`[iq@bBeDl@kA`BqCl@w@hE{FnGoIjB_CtEyFvDuEhBsBzAaBfBaBbBgAl@a@nBoARKbEaCfBaAt@YjGqDnDsBx@g@^WfAo@ZSl@Wh@QtAY`AQfCWhGe@`Io@bFa@z`@}BvBSvC]nCg@xCs@rBo@hBu@hD_B~Ay@xBgARK^QzBmAnLqHhMqIdDiCfAaAtAmA~HcH`FiE`BwAlBkAfHyD|EyCv@c@n@]zBmAhFsClAc@pAYxASbBUlAKlAErB?zBRjARpAZlC|@jB`ArA|@~@t@b@ZvB|Av@j@nDjCZRhE~BrAl@xBf@h@@fA@hAChDOzC[nCe@bCw@jDqAj@SnAe@dGqBdF{BbFwB`CsAzBwAtByAvBqB~G{GhAiAnAmAbIcIl@m@xEuElOqNdB_B`DsCbJ}IdAgAJIxLmL~@}@xLsLxBwBtBkBJIhAw@r@e@t@]`DkAxBm@pAWlAGt@CnFDzALfCn@vIxCnFhBbWjJfJfD~GvBvEbA^F~NdCtB\\\\fQxCfUlDlCb@fDX~BC`BId@EZEpAWpBi@p@WvBiAbBiAbR_MrA_AbOiKt]wUdl@m`@NMdFgDb@UpFsDb\\\\oTrKiHfOeIx^cShCqAn@YnCyAjAm@f[mPhMsGpi@sX~JoFf@YbFmCr@a@bCyAf@[dBkAnHeFbG}EnLiJxC_ChJaGfDwAbJ_CzB[pCUlGK~CRlFZ\\\\DrGfBzPrDpR`EzTfFfCf@fGvClCdBpAv@n@Tp@LJ@v@FnAKx@OVGDE~A{@dB_AnBiApPgJhEyB`D}AxAo@dA]vAOx@?rCTdCPjA@f@GFArAa@tAq@xA{@`As@dAaApCoCpCuDdV{ZpLiOhFgGbBgApBs@nA]nAMr@Ez@BRDjANbAXzA|@pDhC~JhH`BlAVPFFv@h@t@qA~@uAf@q@t@_Ar@_AX]NSPSfAiAt@_Ad@q@~@uALUlAuBh@aAjFyJrI{Nf@}@Tg@Rg@Vy@Rw@r@uCnAgG`@yBvBuKlBuJh@gCb@_C\\\\wBRuAj@_Er@aGX_C^Z^^RP|HhHlDhDtClClGbGlDdD|@|@b@^ZPHF^Hh@?h@AjAI`AQh@QhAq@pKiGfBcA~@q@|AuAfBeBlBsBdGgHfFaG~F_HtDiErKgM`DyDh@o@b@k@b@s@Ti@Xu@\\\\kAb@aBVcA~@mExDsRTgA`AyEvBgKhK_h@zAmHn@aDpCgNxAcH|@sD`AgDb@kAb@qAb@gAf@gAjA{Bd@w@zFsIZc@`B{Bf@k@xAsAvAmA~AgA~@i@x@c@tAg@lA_@pBi@|Dq@~Ds@bF}@dCc@jAS\\\\G`BYvCi@nAS~LuBjHoA^GxQcDZGbAQp@Mn@Mb@Gl@IfAOv@QHAnCg@dCi@vReDzA]`VeEtAIt@BhBT|Bb@tCp@`E~@fJzBvIdCnAf@dAn@Vi@\\\\w@d@aAbAwBh@oAxAuBjBeC~AsB~@w@tEcDvD_Dd@c@jEyEd@e@r@k@dAu@TQjBqArAeAnEqDpDuCvD{CdBqArBkAn@a@n@g@TOPMNI^@zALl@JnFnAdCVvDh@LBpATr@Xn@b@~@r@dD~C\\\\ZxDtDdGbG^^fCdCRNTFDq@T{D^kF\\\\}GPaDD{@?AVmEb@kG\\\\eFV{C\\\\_Dj@wFtAkMXsB\\\\kBx@sDjFaT\\\\kAt@_ClEeNxUsq@vVws@tBgGrBwFlBqFDOp@iBt@_CRg@jCsHpAgEnIgVlMc_@bDiJjKuZdC{HvCuIdA_D|Nab@fCqHlNqa@fA{CRm@Vu@d@wAt\\\\caAbUip@nMm_@`Ms^dCkHtQqh@dA{CvEyMbFgNfCyF|CuFzHaNlTw_@hCmEtCyE~FmJb@q@bA}Ab@o@fAaBvOmUdFeIlB{CbAyAf@u@vHoLxIgN~DkHJUtA}CdA}B`@aAhDeIdHwPxCiHvQmc@tCuGpAyClCmGx@sBd@s@NOTSZYTQHGXYTSXg@JWHYFY?AJIN[h@qARe@Vi@x@gAhB_Bv@e@lCmA`^yLnBq@|p@uTjf@cP^I`H}BpJ_DTIrAa@xB{@`IaEdGeDdGaDvFiDx@i@hAy@`Ay@z@s@z@s@@AbA}@LKjC{BjDyChEoDdEmDlEsClBeApAq@fEyBfAe@`A_@hC{@z@YzH_Cr@SvLsDx@W`A[l@UdAa@pCiADCPIb@Sd@Sh@Up@Y|BaAbCiAzG{BpV{IxSqHbAUVG~AUnG]~UaAjEQ~G]~BGj@A~@CjEKRAjK]xJYzBAhCLhAP~@RvBx@z@b@z@h@~@n@|@x@rFpE`DrCzCzCvBlDnCxEfAdBlAdB`DlDhBrApB`ArBl@l@Nr@HH@j@DN?`@?nc@p@|BBzHTv@BrD?dINbDDjBHtAL|@J`ARR@zD`@fBPnAJ`B?vE_@rA_@`Aa@|BkAbAq@pAuAjAmAzBwCrAcC`@s@~CaIvBiEdAqBhAcBvBuBb@c@`CeBxCwBbJwGjDwBfBu@hBk@`MeDr@UfDy@pCw@|BWnBKvAEtAJzCj@|@^tAh@xC~AxDlBdAd@xExBnDnA~@LhAHrBExO]`@AxCMjDc@jBk@hBgA|PwPjCaClC{AxA]r@El@EvM@fA?pJ?T?~DQjBEhBGNAz@EnEQlGSfCGlCKtGU`HWv@?t@?fBTb@BrJvAJ@lHz@v@HnAJbMd@lGJjDIjAA|AMt@I`AMxE}@dDs@|@UdDaA`D{@|C{@fEaAtBa@jFm@n@GvAKt@EjACPApFIzJQdVWzGUdBYr@QhBo@tAk@vDuBvBcBpBiBfB{BbFaI`DoFfHwLzC_F`E{GjMsSbBcCbBmBtB}BfEqDpAmA`FqErDeDzCwC\\\\]fHeJhC}B|AmAdDwBbB}@v@]p@WvAYbDe@dJqAj\\\\kErC_@rD_@zG}@jVoD|AS|AM|DYb@EzDc@tCS|@EdA?dADjC^TDxFlAjBRxBDfB?zAIlA[rA{@|BiBvB{BzBqB`Ay@~@w@HIn@c@r@e@zDgCl@a@hAm@dFeC`Ae@|Ai@jAa@dBa@`KyA|@CtBEnHJjGf@XBfFj@fCV`@RNLRR@LDJFHFBH?FCHKBIBM?M?G@g@Bu@JiAZkCx@uG~@wHD[\\\\kC\\\\sCPqALeAx@yGtEi_@`@aCf@eC~@aET_AZcAj@oBfBiF~AkDtBkER_@dBcDxTc`@xAwB`AwAh@k@|A_B~@cAhAs@NOPM\\\\Wz@o@|A{@x@c@HEvI_E~EuBrCqAjFwBlCgAtB}@pA[rAWLC^BJA~ACz@?n@DVFRFTJDLFHHDJ?HEFKTAT@vAVzA\\\\ND~Br@hAZbCz@l@PdB^lBZjCTvCPzAFpAHvBFj@?bA@|@EL?d@CrAQzBe@~Ak@dDuAzBeAxCaAfCa@pAKjA?~@BbCT`Cj@nDdBnBtA~BdBh@^^ZdBfAdCjApCfAhAZ~AT`FZ`CRnALtB^lA^|@VrAb@|DdB`Bl@h@P\\\\LzAj@xBp@f@LvCr@hDn@jAPtBb@jDh@bCf@|AVbCb@tDZ~AFdBNnCJtE@jCEvA?tC?nDZrATlBf@zAr@tBdAhCfB`A|@hAhAvBrCv@dAxAvBfA`BvBjDxApBzAjBhAxAbHnHrCvCjJxJ~A`BtH~H~CfDjO`PnE`FnCjCtG~GTT|EdFhExCxAbAdD~AjBr@`AZjBd@bBRbBLtCFlBCvAMz@Kz@MVEh@KjDcAtAc@jAa@t@WlA]dAWv@OhB[vBQ~BEfAAt@Bp@DbAHbDd@bAT`Bb@`Bj@|@`@b@Tj@V`Af@x@h@bAp@bAv@p@n@fIvHfDpCjCnB|@h@vAp@nAd@nBb@z@HdAHzB@dBMB?|AUn@QdAWtAk@|@e@xA{@rAiAhAeA`BkBn@w@hEiF|@w@lAs@z@[r@Or@IdAC|AH|ALRBj@FZB`BLdBBf@?n@Eb@G^Gn@Mv@Ql@Mv@a@rAs@tBaAnCqAb@Mh@K^Eb@Ch@Ah@CxC[NAl@GAq@A_@Ek@mAwGmAeHGe@K}@Ea@Ao@OkJMq@Ag@OkKGqEMiGO}LAs@C}AScLMyFCcBMyJSsMOgK[_VE{BC{BImF_Agl@]mTSoOCaMJ{MJkEJkFVgGPeDVaEb@}FH}@`@mE^mDxAeLx@oFn@mDX{AReA|@mEr@}CbA}Dh@yBbCwJ|DaP~Ie^tBeI\\\\yAlEwQFSn@gCvBuIzB_JpBaIdC{JTcAlAsEdAgElCgLfBaHj[onAxGqWbSkw@dGyUvFuTnA{E`AkD|BgJp@_C|@kCr@kBVk@\\\\o@l@{@d@m@f@g@j@i@z@o@v@a@j@Y~Ak@nA[tCaAj@QfGsBx]wKpLoDrBo@dHuB|HaC`IiCx@WfEoAxE}ArBs@~@a@tAe@fBk@n@SrDeAhBo@lC}@vCy@XKlKyCrDiAvAa@vBm@^KhBk@VI\\\\K`Bi@|X{I|Ae@fTsGzXsIpAa@t@UdK_DnA_@pBm@tE{AdTcGlCu@fFaBrBo@xAe@~EyAhA[hA[tDiAhBm@xBq@hN_EhB_@`C[jDWxCMdH@rBHtBVbBXtAT|ElAdEzA~CxArH~EzFxD`DvBxBtAjInFrB|Al@d@pDhCfCvBbFvEzGxHzAzAvAnAv@r@`C`CxIvIhAhAzDvDh@j@d@v@Rb@FPDVBb@?ZCZGTGRMPMJMJiBlAUHKDMBKEMIIKKSCOCOAQ?UAQ@WDYDWRiAVcA|AeFl@_Bt@kBt@uBjDkJXs@r@{BbA}DjB_F@CjB_F`@gAnBcF`@eA@G|BcGhB{ErAiDDIvLg[zA}Dz@yBDK|BmGFOp@iBFOt@iB@GPe@Zu@tAeDj@{ABI~CeI|@aCvEiMl@aBlDiJbAoC|BiGXs@f@qAVs@pEmL`@cA\\\\{@@CNa@Tk@vVqo@hB{EjLiZz@{BJWnDgJJW^_AXu@t@mBp@iB`AeCrCqHjZow@lHmRzIkUpDaJVo@FQ|CcIfC{GxE{LvAyD~@_CtAiD~@eCjEiLfBwDfB{D~EoKd@eA~C}Gz@gBhDoHn@qAlFsNhDkJvAsD`EuKd@iAfIiTpAiDrCiH|KuYxA{Dr@mBbAoCHQlDgJ~EgMhAgDVs@~@eClA_Dp@eBl@_Bz@}B`@cAjA}CrAmDbAmChAyCNa@d@mAXw@jBwExA}DnGwPlBcFdBeEzG}Pf@wAd@mA`@mArAiD|@_CzGkQrBsFvCsH`DkIfAqC`BgEvCuH`K_X`FoMzDaKd@qA~BeGPc@|CeI`AmCpAkDj@}AtCqHv@qBbFqMhIeTvBuFxAiD~AmD~A_DbB_DxCeFfC}D`DmEpCuDzEsFhQgSxCqDhA_BnCaFpBqEPg@hAeD|@iDLi@l@oCX{APaAl@wEd@{ETiC\\\\wDt@{H^eEb@oF^aFLkBVqEL{CJ}CHqEDcC@k@BwO?sAEsKIqx@?}CAm^C{M?cGA_I?gAA{KAyB@YAqAC}PA_EEmb@CgXAyHCcR?_@?[?cA?mOBqDDkDV_JNoDZoFf@sG~AqSZaEpCs]^wE`BmS~@aLBOHgBL}A^qFP{E@c@D_ALyELuGDqFAyHCyBI{E[gKo@mLQ}BK}AQeCQeCMmBMmBYwDc@oHKsCImAEuAEuCAu@AcG@wD?OAyD@uO@eA?eD?sKBoCBuJ?iE?eBBgR?aD?K?o@BaJBkM?M?]?gB@gC?oH@aG?kB@eNFaOBwH?uG?}C?yA@aIBmP@k@?kBBg^?yACsIM}GEwCEwCI{Bk@eQSoGaAiZc@kNI_CIwBy@wVq@ySyEswAaBuf@_@kLOeEu@gV[uIEsAa@kKWoJI{MCyHCcGAyCAuCAwBCyIAiBA}DIuZGeWMuf@Iy]Q_u@AeFC_L?gBCgI?}AAaBCwMImYC{OAkCOgp@?_@C}GAuEAaHEyP?c@A}A?m@AkCAsJ?wAAiG?cB@sLBeDFcHDsD@cB?mA@eDDsL?iAA{BIwIQ_KEsBe@sIKuBuAsYYqFQoFMyFA_AI}M@cMNkMzAso@dB_u@JiEDoALqFDuBD{AZsLLsCFkBReEd@sHn@aGv@qHL_ADUX{Bf@oDd@uCl@yCn@_DVmA`@cBdA_ElAiEtAgEdA}C`DaIlDsI`DyHtGePhHmQp@cB~CeJ`BeFt@iCpDmNbCiK|@eE`BeJt@iGj@_Fb@aEnAoMPuBpH_~@JkAdAwMPuBvBaXzDef@L}AbByShAgNVaDDu@jAsNlBgV`A}LtCg^~C}_@`@{Ed@_G^aFJeAZgDp@iHXyC\\\\wCBYPyArAqJJq@VwA|AkJ|@_FvFq[bEmUjAwGZaBJk@N{@z@aFpGk^hBcKV{ApCyOReAz@}E~ByMxCuPbEmUj@cDxE}WdDcR~AkJhE{UTmAX}Ar@}DdB{K|AuK@OBMv@qH~@eKn@eJLkBHaAf@oLHaCFmBPaHFeEBsBB{H?k@?wA?uEGqHA}@GuDWkKMoEe@gJI}AqAgVy@_P}@sPUcEc@kIo@kLOcC}@uQ[mG]aHy@aP_Bm_@c@mIc@cIkA{Ta@mIMiBSkEIkBq@qMSwDw@eOG_A{HsyAAWyAsXm@uLSeDAUKwBuA{WcAoRe@uIuFgfAi@uJk@wJe@cKKwBEs@C]GsAYaGe@kJu@_OaBkXUsEiH}vAg@eJ_Egw@uAsW_Eqv@e@mJ}@oP[kGS}DMmBA_@IkA?Gc@mIeA}SEy@WsEmCkg@i@yGq@}GoAkLqAgKw@iHiE__@]qCuOyqAuJ_y@}Fye@Ik@}AmM}B{S[kCcCsRoCqTe@iEOsA]_D{AuMQ{AScBE]s@gG{BoR_F}a@yLodAcCyRcA{I}AiMUmBOsAqFic@oC{UqBoQmB{U}@aLgByRk@aFo@aFkAoJiEiYiDeUoAyI}BqRuO_rAwJkz@oFsd@oUooBqAwK{AkM}XqbCgFsc@kIks@e@{DaDeYeAqJ{Di[oBsPoFge@mCgUy@{GaCiSgIsp@qD}Zm@mF_@wCE[oAmK[{Cc@sDEa@CU[oCWiC]yCcC}S}AiNeAuI]sCmEi_@cJqw@aGkg@iA_KoDiZcA_I_AsHu@cGwCwXmAsK]{CScB}BoRy@kHmBkPuC_WyHup@kAeKgKi}@iBoOiBqOe@aEqHyn@yBqRoPayAeAkJmAwKoDqY[aCyAsKUeBUcBYaBUsAScA_@wBkDyRiGe[kCmN_EuTcD_RiEgU_AoFaA_F}AyHqA{GwCiOuAcIm@iDqAcGoAcGm@qC[aBYeBk@}DYaCO{BK_DAYEwAAsA?aBD{BR}F^kMPmGXgIJmCNkEdAm\\\\FkBH}EBeE?sFEoCYaKE{@UgDKcAKiAw@aHa@uCCSG_@Oy@O_AGWE[i@iCkAuEkAcEUm@iAcD[w@_B_FsBuHgCcKkB_JiAsGeAcHw@mG{@qHcCeTuAaNeBqNsAcKyDsYqJcz@YgC{CgXcEg_@gJgw@_A_IcFca@{Ggn@eEu_@aHgm@eAcJO}A_B_OQeBEWKaACUmDsZcFoc@{P{yAeBaOmCyUgIgq@e@wD}@uH_B{NWuB{D_]yCmX_DqXaDqYaF}b@qAeLmFgf@wGyh@e@eE{N}pA_Ec]kDyYaEg_@uD{[{BqRUuBUsBkCoT{A_NkPyxAoPuxAsPiyAoJ{|@}D}\\\\wBgRcLmdAsAgLeKu|@eBoOaCeT}BwQQyAGe@SeBIo@iA}KgDmZsGml@wGwl@iH{m@{G{j@{PeyAGm@wA_McGci@kAwJ}AkNo@uFMcAg@qEMmA_DoX{F{g@ScBoA{K{@wHuBcRoDm[{BcSeM}gAiBaPeAgJ{KqaAoA_LuEka@}C}XgEy\\\\yBmRuDy\\\\iGki@iPkyAoDq[kAkKeB}O{@wIaAuJy@aHoMoiAm@wFq@uGKcAyA}LiDuZgBcPgAmJgCcU}CoXs@kGoJyy@kPmxAYcCm@iFi@sEcBgOi@cFa@eFM_BQyC]{GSwEQ}DW_LKqGCwD?mKBqHDwDJaILsDTcJ\\\\sGl@uKd@kHn@}Kd@{Hh@qI^}HRsHL_JFsGDcE?aC@aE?sB?m@G}CGkDQyFMsEOuDQiCUyDSmDUkDQiC]kDg@mFUkCYmC]eCu@yFu@oEaA{FaAwFoAsFeAyEm@eCo@gCg@mBu@iCk@oBu@iCm@sBw@_C}@cC{@iCy@{BoAeDiAkC_AwB_BgDkA_CcBuC_BuC}B{DoBsDoBqDiC{E{B_EaAeB_A_BiBeDmAsBqAqBsBmDwAgCKe@C]@U@WBQBQJQJSPURSTITCTDTLVZRb@Tr@b@|Af@vBLn@BT?Th@CbAB`CJrh@tLrLlBjGXh@@xGNvAD~BBz@Aj@IfFaA~A[RErI{A~ImBnViEvQkChNsCNEx@UpC}@jCaAzI_FfIkG`R_OrJyHzCaCzD_DtC{BbBwA~AcBdI{Jpo@gz@fGmI|GyIxLsOpVu[dOwRPS`@aAf@aBl@mDfAkHZsBvBwNf@iCd@qBn@kA|CmD|]e_@xDcEjIqIhMcLhIwGxHoGtS{PpDqDdAwA~BsE`OkX`NsW`DeGjBsDzBeEvBeETa@Zm@x@}ApAgCzAiCbB_CZ_@|AcBpHiIzEqFlBmAnCe@dQeAvDMlG]~bAwFxc@gC|SoAfVsAhP}@nQ}@~}@wFhUqAfI}@~JqCvC_AtCeAvd@qNlYeJfM}D^KjA_@`NgEvEyApBq@d@QbA]rGcCpGqDlBuAbBwAbBeBzSiUv_@yb@pAwAdXqZv[k^|QsSpd@yg@lGeHrHoInQ{QVWzDsCxDqBzKeF`KoCdGcAzGe@lQl@f`@|A~k@dC`ADt^|AzTlAzWrA`@JJLHP|Mpi@j@rBhAqArA{AX[JSBQ?YMiAo@oFiByNc@cEYqCA[BWFUNSVI~YqG~D{@dNiBXExA[jAg@h@a@`@k@f@w@bGaLpI}Oj\\\\ek@nEsHtC}ElA}BfAsCzDgLfCeIj@_Bn@oApBaDdDgFjCeE\\\\i@bAyAX[dAc@b@Gx@?r@HlHjBdFvA~_@pKL?JGDMDa@HiGb@}_@E_FM_Fe@wQ}Amn@_@sKQiCaWoiA}TicAePcu@eX{mAmGeYiEyPaFsNg^a`A{]a_AsMi]qTsl@fc@i_AxQw_@bGiMbCwCpIcKjf@{i@bK}K`BeB|DkE`BgBrAgBxBcI|B}IxLme@Rs@xEsQhFwRT_AxDkNzBkIlNah@lNgg@bWs_ArCuKxAqF|BkIta@c|AvDaNjA_EFSJSFQJOV_@zBqGhBaG`EgNRu@nAwExAqFf^irAZiAbFoQpEmP|D{P~@yDlDgMJ_@Ps@tCkKbDeMhHmWbB{G`AaE\\\\yAT}@bB{GJg@Pu@fFkUt@eD`FgTpEqR~@sDlAyD`BwEtAaD~@}AbEqFlSeWnC_C~EkDnBgAjFkB`O_F~OmFvHkCbGmBtE_BbAc@bBeAzBcBdCyBfDmDxFkGtEkFjFaHjOwR`IeKr@y@V_@jAyA|DuFtFsI\\\\m@xBqDnCiGpEoK~Rye@tLmZhJgVdCeHtBwIvAeJxLkx@XiBh@iBlAyCd@_Aj@u@v@}@rKaJTOvZsUxUePjMwJbL{JfAu@r@]hRaI|LuL`JsGxCyBlD_ClJwGdIsF|HoFJCrJgGv@Y\\\\KpDcA|Ck@hA]dAe@fAs@lAcArBoCt@wAxAoEvAaFtCiJbJc]~EsQxb@u}AbCiJxGwUpBqEnLwV`FuLZu@N]bCaGLY~CsH`CuFJYnFyMJU`@aA\\\\{@f@qAN_@Rg@rFcNV{@FS`@{AN{@Ny@^aChAkHXeBNy@D]Hc@vBiNHe@JeATwBx@iGhB{Ht@uCr@aDP}@RcAx@sEDOBS`BiJdBcIf@aCf@gBnAsCFLHHRFxG_ArFm@rI}@`Gu@KmE\"', '2025-12-17 01:18:49'),
(24, 883, 831, 407.98, 315, '\"ghoqImte|DuDqAgCYwNoAeBVeBJq@`AAlAAtBa@p@o@JgB{@aA`@]Fo@KOWGm@DmBKy@mCaGQcAGwACy@m@rFq@pHMxC?tAL`Bv@xErDtM~G|Q`AxFhBfPv@lIzAt]xAdY`C~[HzI@jLB~UNhMJhHVbTInDObBeB~MWpEEvCfAdTp@tMnBrZtAfHfM|`@dAvEdBlMrEj_A@pK?|B?hE?b@@pB?t@@`E?pA@x@?VR|HTnEhAdRt@jOx@zNFhAL`CHtCBhA?f@L|JF|HZb`@H|If@xQnArUd@tIzDls@r@zIl@rJJnBxAnM|CzUzApIdCzJtGzWfAhHd@zEVjHRxSBxB@|@BlBf@`^NrJBhFRxNTrKd@j]NdD`AvKb@hEv@fHD\\\\ZfDP|AxBdTjEna@n@jGXjCLrANbBFn@Fr@JhAz@zWx@`Tz@~Rv@jMdDda@xApHzI`^pB|NjF~UxElWhAzEnI|VdBfF|DnLfCbIdBtFl@fCj@pCRlAHb@xBtKzB~IvBvH`CbInClHrCpGfDzHbHvOfDrElDjEbd@`k@lHjJdDbEvHxJ^b@~DzEpDnEVZX\\\\h@r@vBjCbBpBVLVLHDd@J^FRFZRPPXd@t@`B`DzGdAzBFNnAdCpAhCpAnCxAbDvAzCf@lAXz@N`@JXh@dCrBbJfAdEpAfDzCjH\\\\r@LTl@`Al@h@x@l@v@j@b@r@hBlFxCtJ~CjJRd@jBdC`DzBvA`AhVdPzJjGlSnIdKdERHTHtRtHxJ~Dh@ThHjCr@X^NlAd@tDvAvDzAhDdC|B`BXPNLzHhF^`@Xf@Nh@D`BDxI@nAJbMHtDL~Ad@`FzBzYZjDh@~CXvAr@rCx@xBz@bBrA|B~EhIfGdKpH`MbBrCz@xAjGhK`DpFpB`DxTj_@zDpGpLfS`PvWNXpEjHvDnGvGvKfQvX|J`P^l@jDlFvGfL~b@tgArPjb@tLtZ~W|q@zKfXrCvHzGzOpDfJp@nBv@xBj@pAtA`DvArDxRnh@xOzb@zMr_@vGjQt@tBP`@zAjDj@dAdBvD`B~C|AvE|AnFlD|LjAtDpAtDjJzVfc@`nA~[t|@p@bBr@vADF\\\\j@LPlA~ApDdElLbNjeAhmAtFlGbExEp@x@fEzEvBrCrBtCr@xAp@pB^rAPn@R~@Jh@Nx@b@hCVjCN~BHrA|@xVj@tPBxBClDUrG{AjY_Bb[KvBu@tNg@~Ii@bLW`FMlCGrAItBOtEKhICbL@fI?x@@rDDbIZdNFpCJ`FB|@NvFf@vK@RFxAH~An@tLxEz}@vK`pBHlAP`Dv@fNjAhUtA~VNdCP|CV~DBj@z@pOh@dK~@nQn@xKT|DHzAHlAv@lM|@nP|@jKzGte@VbBl@zEl@rFpAbN`BzOzAhOnAjMPjBHbAXpDz@rMhGx{@zB`[F`AdApNHdADt@Fr@Fz@RpCDx@J|@NbAR~@H\\\\vBdK\\\\tAVjAFTPr@DPl@fCLj@r@xC`@fBFRLn@ZrA^bBJd@p@xCNj@zCbN|D~PhBdIVjAbAnE~EhTJf@Hp@Hl@B^@^EP?V@VFTHNNHP?NMJYBWPWPYPMh@_@bFiCtAu@bHkDvMwGxDoBxAu@lNgHdCiAhHuDvBgAxKsFvCuAlBy@\\\\ObAa@~@YjAWzNqC|AYhI}AnE}@dAU|Ac@|Am@tB{@VKhAk@r@a@TOrCkBhCmBdDeCjCqBrOsLpFkEzBcBlA}@dAo@fF}BjEeBtAc@hCo@t[aIbLqCtEiA~D_AzBa@lA]JCfBa@nFuAvBs@xBg@rCu@jFqAnKoCfDy@PCjD{@xCo@`BYnBUvAI|BGtBAlA@l@?fCRtKbAjIn@`BLV@hF\\\\p@Dp@D|Kh@bBHnId@~AHtBJfMp@zFZrAH~CZ`BRlATPHn@Tr@Vr@ZfBz@xEjCfCzApGzDnAt@hAl@tOzIXPrBjAjDrB`H~DvEnChN|H`F~Cp@^TLDBl@|@Xh@P`@Rd@BJDNRb@RNPDJ?NCPKXERCRCZ?l@JHD`GnDlC|ApF~CpDxBjAl@dB`AtBnAn@^jBbAf@ZHD^Tv@d@~@h@NJjC~AvCbB`N~HhIzE|CfBtCdBjBdAFDbCxAj@\\\\|CfB~CjBvAz@pNlIvJzFvGxDhKfG~SvMhTpMf[xQhAp@l@^jCdBrCbB|FjDvFhD~C`BbDpBpDtBhFzCzEpCl@^t@j@rAdAz@z@b@b@XXjBbCvBhDbAlBz@lBp@|Ar@nB|@vCjCfJhChJ`FfQ^pATt@n@rBd@vAd@lA~@vBr@xAP^R`@t@nAjBtCh@n@~@dAlA`ArA~@VPn@`@pAp@lAl@rBt@tAd@~@Rz@LdAH|BFhDO`AKn@Kr@Or@SxAi@bB_AnDkB|BeBzAoAjQ{NxCcCnEoDj@g@z@s@fAy@dAy@|@s@`@WFCJIJGbAk@p@a@tB}@`AYn@O~@Q|@Kl@EhAEbED|ABrF^l@B~DXhDPbEVnKn@bERbEFjC@fDKrAKxAItD_@zGy@lBWjGu@fDc@tL{AbNeBtG{@pC]|Em@nLsAfMwAd@GzGy@xFs@j@Ix@M~De@bBSbBUdAM`BSf@GvAQnG}@`Ca@h@MbB_@~Cy@dDgAjCeAjCiAlCqAlC{AvCkBfH{ElG{DhAu@`GoD`DsBpF}CpCuAl@UlBs@|EaB`GyAhDm@jIyAnE}@fEs@nE_ApCs@`EqA|J_DvAi@lEaBlP{GzJkExNaGzCkAZMzAm@`DsA~TiJlJuDpH}C`EaBfKiEnEeBrBy@l@Wn@U`Bo@bPqG|EgB~Q}GbCaAx@YvFsBlE_BrEeBnBs@zJwDhOcGrKgE`M}EzCmAnEiBzAk@tKgE~N{F~IoD|Ao@jOaGz@[`GaCv@YlAa@lA_@lMuDzAc@xXcInGsBrGcCpJeEhEkBtMyFVMj_@_PdImDli@qU\\\\OtKsExM}FzF_C`NcG|EaBfHiB|Do@`D_@tD]tR_AnMm@`UkApIc@PAtJi@xBKrESfCMlNq@|UmAjBK|@Ej@GVEnAYtAc@jCmAfBiAfCqBjAkAfDqDtGyHnEmFxFyG`BoB`EcEbAcAbCeCzC_C~@q@rFyDdC}ArBmAfCiAlB{@|Ag@vAc@TEdAQjC_@zDYjD?tCNdKtAjCTfDJv@BxCEfAAfBGb@CpBU|AQtCo@`j@uKdZaGxPiDrAYzEaAxp@{MrDu@fb@oIzRaEvTsEp`@cIjFeAj^kHfFaA|GqARE`ASnAWbFcA~Dy@hd@cJbd@_JpI_BlFeApBa@bMaC`JgBzRwDvBa@nBa@|E_A|Co@nb@eIjQiDbGiAh@KpEy@d@IxZcG|Cm@r\\\\qGxPgDhB]zIaBlFeA~`@wHzA[jVwEtGmAlImArKwAn@KvRiC|WsEpHyA|WgFnXiFd@IxB_@nGgAxE_Abb@wHbDm@jLwB|FgAtHwAbRkDlDq@|Du@~@OtFmAjHoB|HaCvFcBpGkBnBm@tFcBvEuAhOuErDcAfBe@pCu@jB[nECt@Dx@DrB\\\\lf@pNrGjBbCd@xAJ|DApGi@zI{@j@EdS}BjBEdGOhB@tGVpGh@|KfAtLjAfAJp@F~Gp@zKdArGv@|Gz@vFv@h@H`CXrH`AdGp@hFTjFF|FSbIu@|C]vFm@zJeAnC[pD]xb@wEh@El@IvE_@b@ElBGnFM|@ClIOzKOtc@m@xBCPA`DPh@Jr@Pv@`@xAbAtBrA`Aj@x@XbDn@l@Th@f@\\\\n@f@lATfA@VDf@JzAJzALlBBR@X^rFHnAl@~IRhCF`APfC\\\\tE\\\\rFf@`ITbDb@pH~@xOfCfe@`@zHj@hIv@|GThB^zBpAxHdAfFd@jBdB`Hj@|BlF~TdAhEjLhe@`AlDf@nBrJ`a@`AxDH^~Jna@dD`N~GzXxDrOd@lBZtA`AdERx@p@zCnFpTr@rCX|A~BpJjAfEx@lC@DbBjEXv@pBdEtBpD~CpE`AnAvI~KxCxD`ElFrCnDrNtQv@dA~EnGfEvFrKdNdAtApXx]hV`[rQnUvCvEpAfC~@tBnJtUlIpS~DpKrCrJp@xC`BrHnBtIdDrNp@zC~Hj^h@zBhBhIn@vC|ChN`BbHnAfFlFzQdFpNhDhIr@`B`ChFhExJRf@p@`Bv@hBnC`G~FvMzCtHt@vBz@jCl@zBpAnFtAzHj@tEHfAXxCjDpd@|@fLtCha@NlB|AbTlEhn@dApNNzBpAfQrAvQ`Cv\\\\t@~J~@hMhBtVzA~Sx@xKn@lJz@fMhBnWZhEP~BjCd\\\\bA|Mn@tHn@`FrAdIf@xBXlAfA~DTx@fAfDxBtF|CzHjCvGhCnG~IhUFPjAvCTh@zAxDpB`FfJhUdCjGxJrVrChHfGjOnCxGfJxUx@tBbIlSjErKjCrG|Tdj@N^`E~JrJ~Uv@pBxJvUrFbNn@|AnWjo@xA`EtAzE|@lDLh@jA|F~AjJt@nGj@|GXpDVhD`@fFb@bGZpExA|R`AzMRjCRvCb@vFRvCdA|N`Fjq@`AnMLhBf@~I^bJN`Fr@lZHnCNdFbAf_@VfK\\\\nMd@jQl@|VH`D\\\\zMzApl@XhHXrFRbCV|B^bDZvBXjBdAfGpCnN~FtYxFvXlCnNR~@dBfJzAfHfAjF~@`Ff@jD`@tCZzCnAtOBb@T~Bv@jIv@~JnAhPrFls@jDdd@~Fhv@tFht@~Evo@vA|QrA`Qb@zFdDxb@VlDBXnAjP~@pLvBdXhDlc@fDdc@n@jIXxCtBtXPfCdA|Mt@~JfAlNXzDvB|Wr@pI`BnTz@fLlA~OVzCrGlz@^|Ex@pMl@rLZ~Gf@dOX~MHvJD~C?x@FlJ@xMMtQW|MY`M]dLQrEGrAOzCSlDk@hKc@rGY`Ew@pJi@lFsAdN_@bDcA|I[rCWtB{CnWYdC_BzMs@hGoAbLc@bFe@pF_@pFM`Bi@fKc@|KUrJInMAdLPdNTxKHvDp@hO`AfQd@jI|@jObAhRd@jH\\\\`Fl@`HPlBx@nInB|OtInn@vHfj@bIrk@~RzvAxRfvARzAJp@dBlM`B`NfAdKh@fGt@vIzArRZrFXzEfAnT~Aj`@x@fSn@hPh@hNXlIXnHPxDTnFJ|BJjDv@nTJrCZxHd@|L`@|I`@~HdAvPLdBfBhSt@xHb@|DXlC`AdINfAdEdZfJnn@pKnt@nFt^Nz@Lp@|DnUvA|HdCbL`ArE`FnVdB~H`BhHz@xD|Ht^xFzWrBlJ~@jExEjTtE|TlApG~@xF~BxN`@rCx@tFdApIvBzRpBjUzBh[Fz@Ft@dAbOhAnPlBvWzA|ShAxOfBtVz@zLlBtVRlCpB|YHhAjBnVdC|\\\\`BrQrBtRLbA~BlShBjNdF~^rCtS~CrU\\\\hC`EdZfAzHdAhI|@tGb@fDBNb@zC|@pGr@tEhBxKnAtGh@fCrCtMjB|Hv@xC~@zC`AfDhAtDrEvNrGrRpN`c@j@dBnC~HvCrJzFvSnEtPjChLh@fC~@rErBzKjAjHdAxGhAvHfAfI~BxRv@tGzNhmA~ApMz@~GhAnJx@tHlBbRnA`Nf@tFb@tFv@lKT`DJvAVnDn@jK~Exz@h@zIhAvRpA`Sh@lIh@~H`AjMpAhNVnCnAbNbDj[|AdMjBfOvAxKfCxRrNnfAtAjKVfB|G|g@hFz`@bEj[`B|LzAnLz@tH`AhIfAzKRhBz@pJv@tIp@|IfCn^dBlWh@zHdB`Wh@lHvAvTNlB~ArTN~A\\\\zDr@fHpBlRlBfOdCzPtAzIrAlHF^vAlInCxMbBlIt@fDnBpI`AlEVpArAtGz@dFr@`Ed@~CZlBz@|Gz@hIfAdMd@xG^xFVdFTtFJfEDlAJpHFpFBdD@fFC|DC`DAxD@dBWz\\\\A|FKtOEtIq@biAKtSs@hpAGzMInNSb^]rq@KdRGjQ@nMJhNTpM\\\\pNT|HZtHr@bM~AjTTzCbAbMrApOBTfE`f@zGrv@fAzLnEhh@zArPhA`NVhCvBzSp@zFlA|IlBxMRrArAvIt@nElAtGz@fEb@|BnChMlDlObRjw@vIr^jCdKjAlE~ApFjCpIfBfF~AtE`ErKlCxGn@zApB|EpCbGfCzEbCjEpErHdIhMdZtb@|BnDzDbGrF`Kz@bBpAhClA~BzFpLnDxH~BzFnBnFf@rAtE~M|BdHtBjHj@xBpNzj@r\\\\rrANh@zM~h@|CzLnFpTnAdFlBzHnA~EpEpQbAzDvBbKtCzNlAzGdB|JlBxMdBbMpA~KtAlO|F~n@dA`NfCh^|@zLtCf_@`Epf@z@~IZ`CbBbNzBbStEra@j@|El@tFRpBX~B~@|Hr@`H`@rDzAzMh@tF~@`Jh@fHV`Dl@rI\\\\`HNzBFlB?TZxILxCz@dVlCtz@vAfd@@\\\\LjCl@xNBf@JhClAp_@~Avg@DnAFtCDxCTvLLxEp@xQJ|Cb@tMZ|I^dIhAfSdDra@\\\\rEzBzXl@nHj@|G`@pE~BjVr@~HdAzLlHzy@pBzTb@tEv@rIX|CPdDNhCRzCHbCDrDDxGDxFRhVDbGLrPXvb@P|YHpMLvH\\\\zHx@xTr@vQ\\\\~Id@zJz@nUJbC\\\\`ITzGLpFD`F?`DGbFShMa@fVkAdp@WnOGbEYfNGtDAr@]`SoBpjAm@v^w@hf@YtPElDAjA_Axf@GhDOpIEnK?|EFzEHlCLtCD`AVjDf@rDbAjGjAhGf@zBVhAlAnEfAfDtAvDzDlJhHjQbAzBtGjPdE|Jf@jAb@dAlDpIrB`FpFvM`^j{@fBnEhGnOrFdNlBxEdAxCl@xBn@bCf@xBj@hCf@pCl@|DDZDb@f@tERjCJdBDt@J~BHvDH|H@``@?jE?|LDfJHjFJ~CF~AJzA`@zFHdAbA`NZxD\\\\nDvBtPzCnTz@|Eb@lCj@vCxApGvBjHx@xCv@pBl@`BnBzEtBrEtBxDx@rArB`D~AzBp@z@v@`A|CdDhDtC|CvB~@j@~CfBbDzAzInDhNxFtFzBjDvAfHxCrHxDvKdHxErDlA`A~GfGjCfCtIrJxFlH|@jAt@nA|C`F`BhCl@`Axg@x~@b@v@rCdF|ErIn@hAnEjI|FtKfLhSzU`b@lNzVjB`DzFvJtJfOtEnGjF`InGhIfAvAz@dApCnD`BnBbAlAz@dArB`CnE|EzUlWhFxFbd@ff@b@d@dJvJzg@bj@\\\\^vHnHvApAxDlDnKjIlLrIf@\\\\zMnJrJvGvQlMZRvQrMxCvBnGlEtBxAxMdJdD|BbD|BxMjJ`OhKjKbI~CdCpFlExOjMvOxN`FzEnJfJvI|ItIhJbLrMlAxApIfKhG|HdG|HjM|PdDzE|FlIvBdDpBtC`CnDzEfHl@|@v@bAxChE~D~Fz@lA`AtAj@z@hFdHhHhJnH|IrErFxHjIzFhG~PlQbXpYxIlJbc@~d@nDxDxJfKfYlZlDtDrH`I|MrNbTjUHJ`MzMzA`BbEnEd@f@f@h@fHvH|AbBxBbCrCfD|@hAxKhNdEtFhE~FtGtJvDfGrBbDbBnCxFfJrJvPdDpGxE`J~GvNpDvH|D`JfBdEzH|Qt@bBn@bBdGpNzBfFPd@rBbFxXbq@fB~DlGjOjFxNvBtGpDvL|HbZXfAhDvOpFzXrEvVpBrKnBjKzL|o@jEtU`EtTjJtj@tCdTxA|K`DhXnAnKdAlK|AnP|@tJZnDlBfWbBdW@JpCbb@l@`J|Eds@vBn[vDdk@xExr@bEpm@tBf\\\\n@zNlBbc@rCtz@~EjyALfETxGHrBl@fR\\\\xKh@`OJxChAz\\\\VjIrElsAhAn\\\\LfDnCnx@LtDz@bVl@nQJhCHlCh@tLh@`Jj@hKNrBnA|RhB`VpBrVx@bIp@xGd@|EpDt[hDjXrCjSzAhKv@dFvCtQlF`ZtDhRlAnGNn@^dBbBbIrC~LxCzLtHfZvArFtAlFBJn@hC\\\\pAf@lBhApEfErPbDlM`GxVnBdJzBbKxHv`@|A|IdFvZfCrPhArHx@rFt@~EnAjIh@nDdEvX|@bGxCzRbBrKlCjQNt@ZtBL|@bCbPvAfJ`AnGn@dEfChPxAbJbBrJbAvF`AfF`@xBfA`Gx@zDTnAnB`Jn@zCrCpM|BxJlCvK|GlW|@bDbLda@jNnf@|B`IjG|T~EhRnC~KfExQd@rBnFfWhCvMJd@hHp_@fAxFn@fD~@xE~BvLpInc@hCvN`AfF~@|E|CrOb@xB`Ppz@xWpuAh@lC~@~ErC`O`AbFPv@z@rDbBfHVjAhD~Lz@|CbC|HrDlLVvALhANjBDtA@tCI`C[lCc@~Bq@tBoB|Dw@pAw@dAoAlBoLhNkB|BsCxD}BdDkCbEwAvBuA|BkArBiFhJoFfJo@jAyA`CiFrIsBfDaL`SaGrJsDhGcAdBq@jAgEtHu@nAc@v@_JlOkUr`@oKvQo@dAoBlDaMxSkCpE{ClFqA~Bo@`AWb@aDtFeAdBiAbBmBvCiBlCiE~Fg@p@uAlBmArAeBtBwAzAUVsApAwCtCmCtC_ExD}HbHs@p@sApAySlRmEbEu@n@yAtAeFtEeNhMuH|HgDbE_@d@sAdBaC`DuFfIsIfNc@x@oBbDqDhGcDzF_@r@Ub@w@fBw@tBc@rA{AjFo@tB_@hAUj@e@bAo@jAi@v@q@x@o@t@uEpFsA~AmAtAc@l@g@f@u@p@i@`@{@d@oAh@[N[JUHc@Fw@FgCVyA`@cA\\\\s@\\\\aAl@i@\\\\m@j@s@v@m@z@mAfByAhDmCtGu@hB_JvTiLvX{GpOsI|SmGjOsAjDi@zAc@xAk@tBc@vBa@pBYrBUrBOvB_@jEKvAO|AIbBIfCClDSf\\\\OrQc@fJ{@|JwEnl@g@dLIhBW`NJrx@GtGc@`Kq@xHqAdIiBvI{YleAkCjJoTbx@ERs@fCs@hCGRcBhGeGrTgAfEuBpKs@`Fs@tIgGhx@_Eth@{A~Ra@vD_B~JwAxIG\\\\]tBMz@UbBcBrPk@lKE`AUlCq@tHQfBOtAw@tGaAhHi@tCWjAkA`KuCbWe@vEYrDKjBGtAKnBMxC?NEnAA\\\\AdC?xEBpBF~AJ|BTjEVxCf@bFpDr[ZvBzBxNDZlAxIdApHTlBPhBPxBPpDHvC@lEBlGCxDAjFGvR?LEvN?r@CfFCxJCpE?jDCfFAfKC|K?Z?f@AZCXWpBMdAERCV?ZXhCL|@d@fCNpABt@DrCPpKB`AHhCF|BL|DhBzb@v@hSf@fR^xQl@x[PvGVpF\\\\rGb@pGr@|HvAxL`BtLjCxRzBpPxB~O~En^bBbOhAfOr@fP\\\\rOj@l`@N`OP`OH|GR|QHfHDbJAzKIvIMnGUxJS~FWnGc@|I[`Ga@bHq@jJ{@vJkCtUyClTuCzTaAdHqBbOyB~Nw@vFaAjIkCfTcBjOeA`LgAtNW`Dm@vJmAjUYnFYxDEh@q@`He@pDy@fFaAjGiBxJ}AjIkBvJoB|KkA~GKr@cAhGqC~ReC|SuB~SwAzPInA_AdNsAfW{@xUs@pQg@`M]bIYvEe@fI]hGe@fH{@pNm@bH_BzRI|@kCp[eCd[cBhXm@rKKdBy@xQkAj\\\\q@j]MpJIfFK~PCpNDpYBxEFhFFbEHfGH~IJdFf@tOdBtU|D~YxItj@`Hne@hChZd@dMXdP@zNWhNY~I}@jPiBtUgAxOIhBCp@YpGUbHWhJIzJApPP~O\\\\j]Qf|ACvM[hxAE|JMnXExFShV}A~eAy@~^IlCgC`}@u@vUc@zNc@|I_AtN[dEe@xF[pA[fAc@dAy@rA}AbCw@hAq@~@_@fAI^If@?h@D`@@RP|AJt@DNJJsBrAaCzAy@d@gB~@}EbCkIpD}M~FsCnAm@Vy@^u@\\\\w@^[LoCtAs@\\\\kAd@eDtAmJ~DcQlHa_@hPoClAqAl@wCtAm@X{ErBIDWHiAf@{y@f^gJ~D]NoElBkDzA_Ab@gAd@IDwDbBgBv@OF_K|E{E`DwEhDiCzByDxDmCpCk@j@aNbNgCjCoX~X_A`A_FbFgFlFu@v@oErEwDzDaIlI}FfGqAtAs@r@}m@|n@qApAsBvBsDvDoDvDsShT{B~BmAlAmAdAkAbAmA~@}AfA}AbAkCvAcQfJgGrD}A~@YPu@d@_CvAQJYPeAn@e@XYNeAn@}@j@YNa@TSLsBjAk@\\\\k@Zi@ZKH[NMHqAr@s@b@oF|CmHfEeE~BmIzE{JzF_A\\\\s@Vs@NwBL[JQHUNUPWXW`@U`@Sd@Qt@S~@_@lBWdAYz@g@vAuEhKmHjPsHjPoL`XuAvCuBlEq@rAk@pAiBtDa@x@eBpDyA~CcD`E_BjBoEzEqFbGy@|@CBkBxBaBjBq@z@m@z@oAxBwIhNu_@pn@eT~]kDtFiCdEoD`Go@fAw@nAsGpKiFtIeNlUmCnEqLtRkb@lr@gDrFsAfCq@jB[jAOh@wAtGcCrKgAxEiAvFc@lDKtAM|CG|FBxF@vA?|@@jB?|CK|BIfAUhCeAfKaAxJQbBM|AIhBExBGnN?tTCtDQnGEhBCt@Ab@EdBIxB[xKUrG[jHq@tG_@tCsArHGV_BpGgA|C[|@[|@wFtLoBnDyBfEaBxCgIpOsDfH_CtEWd@OVaAnBoElJKZ_@dAWt@U|@oGjVYhAoBbIoAfFgC|Js@~CsChKk@xAc@~@q@z@oDdD{FtEqB`BuBnAqBjAeDxAuAn@wAr@_BbAcB|@a@L]HiBDuAC{Os@U?s@F_Hr@kALiBPmAHmBFuFFiAB[?[A}@Qa@K]Gm@KmAK_@AoABmAJW@a@By@Dc@DUDWJSHe@XQLWTSRSTSROTi@v@y@vAk@~@_BhCqBbD{A|CWb@{@xAuEtHSXQX]f@U\\\\_@j@cAdBINmCtE}Vlb@eChEmIrNGJS\\\\CDILOR]j@QZyEfI[h@Wd@e@rA_@lB_BpLQfAKn@Qf@Ur@k@bAu@~@mAhAWVwEzE}@hAs@zAs@xBgFlRkAlEcCtIe@lAc@`AwAhC_@l@MRcA~ASZ{BhDeH`LW`@MTKP{@fB_AlCi@pBS`A[pBUtBWpCKzAQxCEh@GjA?LIlA?JCRGjA]tGcBd\\\\q@jPcAjR{@tP_Bl\\\\eCdf@uEp~@kEpy@_@dIa@zIQdDCn@MxBOhCUtE[zFYzFuB~`@_@xHcBr]q@vNk@dLcBr[WzEGxAE`AMlAOfBQr@{@|DGVQr@Kb@}BtIkIb[sQnv@}AvGuD~OMh@}@rD_DxMg@vBQx@}@|D]p@SZQL[TUKUEWBUJQRQXM^Gb@Cf@?j@Ff@Jb@JVLRRj@F^?f@Ix@o@bEc@~DSnBSzBSlCSrCuAbTmBj[O|BIpBA`AAv@BdADjABl@L`BZpBNn@Pj@Pl@Pb@l@jAjA|BbBzCz@zAh@dA^z@b@fA^nA\\\\xAFj@V~ARbCDl@HnBBbBApBEpAGfAMpB_AzK{AbQM`@Kb@Qj@GJCNCN?PBNDv@Ap@?f@y@`JwB~VKfAEb@}@zIiAnIQbAOv@K|@GlAgAjICRy@|G_@zCIj@E`@aA`IiA|Ie@xDMn@Kt@Ex@e@xDqBlPM|@i@jE}A|LGb@K`AmAjJGb@c@EWFiBk@[Iw@Ae@Dm@H_AXSHcAt@i@h@_C|BkDfDa@`@gI`IcAbAqBlB}@r@[T[JODeAH_CJQ@}AFkBLaCV_AF_Fb@e@FQHkAlAuAdBq@`CMt@APKvBAz@IxCI`EAf@AHItEANCxAMtEMzF?\\\\CtJApCJBdDd@?PCfBDZBtBHt@DfBc@VAh@xA`@AjB\"', '2025-12-17 03:11:47');
INSERT INTO `calculated_routes` (`id`, `from_office_id`, `to_office_id`, `distance_km`, `duration_min`, `route_data`, `created_at`) VALUES
(25, 875, 887, 331.24, 232, '\"wupmIuuhtDb@tCu@f@RrAnA}@FGHGKy@]qCg@{DWaCVIVEnBQXChDa@nAMd@EdBSpAMhBQhBObCQxCQxGg@RCPC\\\\GpB]pCm@~A]vFqBd@QxAi@^MpCcA|Ag@fBk@~Ae@~Aa@~A]jB_@|\\\\mHlPyDzBq@~EqAvE{AHExCaAfHaCpFuBtKeEfXaKlYgLdYcLpAm@r@w@lBeClDuEjAcBr@qAj@wA`CaHpCeIvCgIdA{CzDuKvIgV|@cC~J}XjDuJ|Uyp@bBuE`@cAjBuEPSRYth@gg@`HsGfCyBd@]zCqCtDiDtD_DtDcDrD_DpAw@~@QpUeAvFWhVaAnFO~OcAtMu@|Hc@xSoAtQmAzF]dESzCUn@Ad@C|@EfQsAp^qCpGg@bHg@`N_ARAhLaAjHk@~Ec@~NmA|Ik@jGg@vLeApXkCrDWhDSrEYxDc@zG{@fDk@hASz@[p@g@f@_@bBkBdGkHrFwGbG}GHOtDsEdAoAbByAtFeE|D_DnCuBjFeEpDyC`FsD|D{ChDkCvMiK`GyEnReOrFiEnEiDlU{QxOaMbU}QlFkExK{I~DaDz@c@v@Cn@Pb@^r@fAfA~Bp@xAXn@hOz]fDvHdE|Jv@jB~@`BrApBp]rh@p]bi@bClD~EjHbChDhEtGp@xAzBtFrVnp@r@xCjEta@x@bGVhGSlLMbHArEFrAnTprAtAhNl@bJf@rH^jC`@dAz@f@|@DtA_@~B}@hR_H`GwB~cAuRnEq@bAGpATjGlC\\\\LTJlIpCjCrAv]~PhFdCdCnAxFnDtBbAzAbAjE~CfFxCzDnBbAj@|IhIlE`Cj@NrBXh[vCnGf@xCRR@|@HvBTxAYxAkAvEwIxCsD`@e@|Ak@|FsBxBw@p@UTKr_@sMlEy@vDCpIn@~IpAbM`E|EdBLBfBp@fBj@lExArE~AtBl@~Ah@xKtDpL`EdA\\\\fBfA`KrH`MlJvBhAf@Xh@XrAXxBVvGv@tO`BbB^~WjXxAbBrCrCfJxJxLhMzHbHlBz@jATjAAvAK|BShIaApb@_GzB]`BWdDi@tAGz@Jf@Zj@dAr@pBfBbFjBfFj@hAf@h@vMhI~FvD|KfHv@f@zA|@bBfAf@Tr@J~A?vBa@lBYzGoApCc@hf@kHb_@iF|`@cGbFq@hCQtITrJRz@d@d@d@`@j@LXPRpA|CfAjCl@|Bf@vB^~B`@zCl@|E`@~HdAvPLdBfBhSt@xHb@|DXlC`AdINfAdEdZfJnn@pKnt@nFt^Nz@Lp@|DnUvA|HdCbL`ArE`FnVdB~H`BhHz@xD|Ht^xFzWrBlJ~@jExEjTtE|TlApG~@xF~BxN`@rCx@tFdApIvBzRpBjUzBh[Fz@Ft@dAbOhAnPlBvWzA|ShAxOfBtVz@zLlBtVRlCpB|YHhAjBnVdC|\\\\`BrQrBtRLbA~BlShBjNdF~^rCtS~CrU\\\\hC`EdZfAzHdAhI|@tGb@fDBNb@zC|@pGr@tEhBxKnAtGh@fCrCtMjB|Hv@xC~@zC`AfDhAtDrEvNrGrRpN`c@j@dBnC~HvCrJzFvSnEtPjChLh@fC~@rErBzKjAjHdAxGhAvHfAfI~BxRv@tGzNhmA~ApMz@~GhAnJx@tHlBbRnA`Nf@tFb@tFv@lKT`DJvAVnDn@jK~Exz@h@zIhAvRpA`Sh@lIh@~H`AjMpAhNVnCnAbNbDj[|AdMjBfOvAxKfCxRrNnfAtAjKVfB|G|g@hFz`@bEj[`B|LzAnLz@tH`AhIfAzKRhBz@pJv@tIp@|IfCn^dBlWh@zHdB`Wh@lHvAvTNlB~ArTN~A\\\\zDr@fHpBlRlBfOdCzPtAzIrAlHF^vAlInCxMbBlIt@fDnBpI`AlEVpArAtGz@dFr@`Ed@~CZlBz@|Gz@hIfAdMd@xG^xFVdFTtFJfEDlAJpHFpFBdD@fFC|DC`DAxD@dBWz\\\\A|FKtOEtIq@biAKtSs@hpAGzMInNSb^]rq@KdRGjQ@nMJhNTpM\\\\pNT|HZtHr@bM~AjTTzCbAbMrApOBTfE`f@zGrv@fAzLnEhh@zArPhA`NVhCvBzSp@zFlA|IlBxMRrArAvIt@nElAtGz@fEb@|BnChMlDlObRjw@vIr^jCdKjAlE~ApFjCpIfBfF~AtE`ErKlCxGn@zApB|EpCbGfCzEbCjEpErHdIhMdZtb@|BnDzDbGrF`Kz@bBpAhClA~BzFpLnDxH~BzFnBnFf@rAtE~M|BdHtBjHj@xBpNzj@r\\\\rrANh@zM~h@|CzLnFpTnAdFlBzHnA~EpEpQbAzDvBbKtCzNlAzGdB|JlBxMdBbMpA~KtAlO|F~n@dA`NfCh^|@zLtCf_@`Epf@z@~IZ`CbBbNzBbStEra@j@|El@tFRpBX~B~@|Hr@`H`@rDzAzMh@tF~@`Jh@fHV`Dl@rI\\\\`HNzBFlB?TZxILxCz@dVlCtz@vAfd@@\\\\LjCl@xNBf@JhClAp_@~Avg@DnAFtCDxCTvLLxEp@xQJ|Cb@tMZ|I^dIhAfSdDra@\\\\rEzBzXl@nHj@|G`@pE~BjVr@~HdAzLlHzy@pBzTb@tEv@rIX|CPdDNhCRzCHbCDrDDxGDxFRhVDbGLrPXvb@P|YHpMLvH\\\\zHx@xTr@vQ\\\\~Id@zJz@nUJbC\\\\`ITzGLpFD`F?`DGbFShMa@fVkAdp@WnOGbEYfNGtDAr@]`SoBpjAm@v^w@hf@YtPElDAjA_Axf@GhDOpIEnK?|EFzEHlCLtCD`AVjDf@rDbAjGjAhGf@zBVhAlAnEfAfDtAvDzDlJhHjQbAzBtGjPdE|Jf@jAb@dAlDpIrB`FpFvM`^j{@fBnEhGnOrFdNlBxEdAxCl@xBn@bCf@xBj@hCf@pCl@|DDZDb@f@tERjCJdBDt@J~BHvDH|H@``@?jE?|LDfJHjFJ~CF~AJzA`@zFHdAbA`NZxD\\\\nDvBtPzCnTz@|Eb@lCj@vCxApGvBjHx@xCv@pBl@`BnBzEtBrEtBxDx@rArB`D~AzBp@z@v@`A|CdDhDtC|CvB~@j@~CfBbDzAzInDhNxFtFzBjDvAfHxCrHxDvKdHxErDlA`A~GfGjCfCtIrJxFlH|@jAt@nA|C`F`BhCl@`Axg@x~@b@v@rCdF|ErIn@hAnEjI|FtKfLhSzU`b@lNzVjB`DzFvJtJfOtEnGjF`InGhIfAvAz@dApCnD`BnBbAlAz@dArB`CnE|EzUlWhFxFbd@ff@b@d@dJvJzg@bj@\\\\^vHnHvApAxDlDnKjIlLrIf@\\\\zMnJrJvGvQlMZRvQrMxCvBnGlEtBxAxMdJdD|BbD|BxMjJ`OhKjKbI~CdCpFlExOjMvOxN`FzEnJfJvI|ItIhJbLrMlAxApIfKhG|HdG|HjM|PdDzE|FlIvBdDpBtC`CnDzEfHl@|@v@bAxChE~D~Fz@lA`AtAj@z@hFdHhHhJnH|IrErFxHjIzFhG~PlQbXpYxIlJbc@~d@nDxDxJfKfYlZlDtDrH`I|MrNbTjUHJ`MzMzA`BbEnEd@f@f@h@fHvH|AbBxBbCrCfD|@hAxKhNdEtFhE~FtGtJvDfGrBbDbBnCxFfJrJvPdDpGxE`J~GvNpDvH|D`JfBdEzH|Qt@bBn@bBdGpNzBfFPd@rBbFxXbq@fB~DlGjOjFxNvBtGpDvL|HbZXfAhDvOpFzXrEvVpBrKnBjKzL|o@jEtU`EtTjJtj@tCdTxA|K`DhXnAnKdAlK|AnP|@tJZnDlBfWbBdW@JpCbb@l@`J|Eds@vBn[vDdk@xExr@bEpm@tBf\\\\n@zNlBbc@rCtz@~EjyALfETxGHrBl@fR\\\\xKh@`OJxChAz\\\\VjIrElsAhAn\\\\LfDnCnx@LtDz@bVl@nQJhCHlCh@tLh@`Jj@hKNrBnA|RhB`VpBrVx@bIp@xGd@|EpDt[hDjXrCjSzAhKv@dFvCtQlF`ZtDhRlAnGNn@^dBbBbIrC~LxCzLtHfZvArFtAlFBJn@hC\\\\pAf@lBhApEfErPbDlM`GxVnBdJzBbKxHv`@|A|IdFvZfCrPhArHx@rFt@~EnAjIh@nDdEvX|@bGxCzRbBrKlCjQNt@ZtBL|@bCbPvAfJ`AnGn@dEfChPxAbJbBrJbAvF`AfF`@xBfA`Gx@zDTnAnB`Jn@zCrCpM|BxJlCvK|GlW|@bDbLda@jNnf@|B`IjG|T~EhRnC~KfExQd@rBnFfWhCvMJd@hHp_@fAxFn@fD~@xE~BvLpInc@hCvN`AfF~@|E|CrOb@xB`Ppz@xWpuAh@lC~@~ErC`O`AbFPv@z@rDbBfHVjAhD~Lz@|CbC|HrDlLpCdHfBfEbAfCx@fBpBdEb@t@pF`K~CxF~AfCfBtCxFxHdG|H~BhCdIlIdDzC~CjCxCzBxEfDbF~CvDrBl@ZbF|BjGdChCdArC~@zDvA`Bh@|LtEhJdDhIxCvDtAzHrCp^zMvZ~KzPhGl]fMtHpCfA`@zFrBpI`D|SvHhBt@JDxFvB|YlK|CrArCrA|FnCv@b@rIvEhElC`EnC~HhGfHhG`B~AbC`Cf@h@lH`IdD|DjDnEzGbJd@r@zAzBjCdEjClEx@|AdAjBlGtLrCjG`BzDh@nAxCdHpAzCvE~KdDbI~AtDjDnIlBpEdEhK~EpLnDnItErK`CzFtUvj@fDbI^|@l@vAp@|AXp@|ApD`GjN`C~FlGdO`HpPdC~FtC~GpErKpExKrE|KpDfJxDzIp@bBnCzGf@pA~FjNlUfj@bIpRdDfIrB~E~Pxa@zBrFbE|JhQdb@hH~OpHlPbYvn@tAxCpBpE`DfHfDlHpArCrE~JJTl@nAlFlL|DxI|AhD~CfHbDzH~FvObB`FhAdDjCpIlChJJZfE|Ph@pBrAvFt@pDfDbQrDxT~@rGrBzNTtBr@hGh@dFbBzOtAlMn@`Gj@vFh@bFb@tEzAlNb@~Dl@zFpAbMh@rF~AbOh@~ENtA`@nDhC~VfFtf@fBrP|@jIBZ|A~MThBh@~DrAjJzArJdAbGr@|Dv@hEtAlGpAfG\\\\vAz@tDpAnFtApFrAzErArEv@fC|@zCnBbGjDxJzEnMxEzKfNb[jNr[ve@vfAfOd]dSrd@b[ns@lBjE~BtF|A~DzA~D~EpNnAvDhDtKnBdHn@bC|@bDt@tCfA~EtArFRv@fFdTdCtJbG`S~BdHhCjHrAnDb@fApBbFrFfMdFhL|BnFbBtEbEhLzBjHdEpOxC|L`CzK`CrM|AvJ`@lC|@tGb@fDRbBt@dGbAvJn@xG`@hFf@hH^pGj@lMXnFFlAJnBj@pLvAvYvClm@RhE`Dtp@nBn`@^tHBn@|@zQdBb^hCni@NzCn@pMFpAHzA\\\\fHr@vM^fHNtCvA|ZBb@rAbWp@fJp@pJz@bJ~@`J`AzIhAxINfAv@pFjA|HpA`IbC`N~Gp]Lt@rB~JVnAdHl]lDbQjBbJjErTZzAlEdTrNps@n@|CNv@nBxJlCvMnH~^`FhVr@jD|DxRzG~\\\\dCtLnBzJfAhFbA`FfBzIhDtPfCdMv@~Dn@`DxEvUThAd@tBnLvl@X~AzCnPxBvLJj@h@~Cp@lEdBzKz@jFxA|JfDzV|BnRzDv_@rEjj@x@nLDx@~Bp^nFr|@zBd_@j@hJfAfQfAnPp@rKfEhq@lDji@d@lHn@xJd@jH`BtUrArRrAdRjAxPdC`]`AzMdAnNz@bLlDhe@~AvS|ArR~@zL\\\\fEfB|TfBlT|AhR~AdSLbBrDdd@bGju@rCr]xA`Rh@tGt@pId@zFPxB^jETzCtBhWjAdOrArRjAnRXbFR|DJpBb@nJBp@^|HTzE|@fWb@lQRxKR|KN|NNrN@jDHjTAbTAdDAvI[~]_@bUc@lTSjHE~Aa@dLe@lMm@|Mo@pLu@bNi@hKSjEo@jQ[fLOvDM`DQ|Cc@~IM~CCdCCtC@|ADfBHvBRdCZ`C`@fCb@vBh@xBz@dCt@hBz@`BpEjHhAzBt@rBd@vAp@pBjHpYRr@z@hD~AnG`@zAjBrHbWlcA~CvLrAbGhHfYf@lBdGfV\\\\vAJ`@jArEXpAnAlGn@hDpAhHx@jGx@fG|@`IPfBP~ArApPZlFTzEVtGLtENhGF`HLxWLx[LhYb@v`A@tE@|@HvKNvGRxGVhFDp@T~Dd@pFn@hGz@hG~@jGx@`Et@tDfB`If@dB`BpFjBvFt@vBt@hBdA~BbBrDzB`Ex@vAhBtCfBlCxBlC|@hAlBpBzBzBbDjCnDbCpBtApRtL|ClB`Al@rD|B`@V|@j@lEpCnUxNnCfBfEhCpBlAHDdu@`e@xD`Ct[`SvEpCdCbApDfAjVrHdSnGlCz@bCr@xF~A|@VpLnDzQrFrLtDdAXzJtC`Cr@XHtLpD`Bf@lGhBfF|Ax@VdBp@fBp@bB|@rAbA|B`BrAnA|@~@z@nAnC`EfArBvAbD`CfGhH`Rh@rAnChHpIxTxQze@zR~g@hNt^`ClGvKjYvE~L`K~WhRdg@lN`_@~_@pcALXXz@t@pB^~@lFpNlGpPv@pBhDbJ`AnCz@rCZbAVz@bAdE`AfEjAtGf@dDhApI`A~GTdB`C|PnF~_@nLr{@dBhM|BvPD^xCnTp@hFt@nFbDrV|ClUhKhv@vEd]RbBb@|CzA`L@FFb@jB|Mt@zFvEv]lBvMdRpvA~@vGfBzMjBlNvAlKpAjKt@pHBZl@dHZtDRjDr@bMZ~HRjMLpJ@pKKzIIhFO`G_@pJa@nIk@xI]fE]xDaAfJi@xE{AfMmAzJK`A_Kvz@{Dj\\\\{AfOqAzOu@vJ{ApZWvGUzIUjJSvOGfR@fMJtNXdPTrIv@vSj@zLh@tJ~@zKtBlU`CnX~@|Kn@vGtAvOP|BjBdSJpArEfg@~ArQ|A`QrA~Mb@bEbBxOdG`h@`BvMt@pGfB|MxC|TxGvd@nB~LlGz`@jEtWnChPvChQnJtk@zAjJbAnFf@rCn@bDl@tCz@`El@lCdCvKxGhWZfA|@~CZfA`CxHzCbJ`@fAdCrG|DjJ`EfJt@~Al@pAzDfIrC|FtC~F`B`Dh@hAtBjEzAzCtDtHh@hA|B`F|HrPfJfRlCtF~E|J~KhUvHzNzCpF|I~NvGxJzHvKdNzP|J|KfJnJhStSbCbClBhBdAfApFvFdb@zb@tb@bc@pKvKfUpUxX|XjMhLlI~GtLdJ~HpF~DtCtFjDf@r@Rd@F\\\\B`A?|G@vCh@vNDhAG`@MRWRUNh@hRh@`UrA`i@PjH|Afn@vB~z@R~Kr@jWr@rYnAvh@n@jWr@pXT`KDdDFzDCtCOvBYrCqEx\\\\wD`YiE`\\\\}BrPoAhJ_@lCqAtJaBvLoGze@_DvVPRNR`@d@~BpCv@bAhAbBdAhBxAxCfExKjL`[bCdHjCtIrApF@X@ZELCPAP?J@JBJ@DDHHJFBLVJVN|@TzAVpC`@|ERjEHjBBbBBpDB~D@zC?bBFfPHjOB|F@dG@nCAjFCnCKfESbEUzDe@xEm@~D]hBY|ACN[tA_@|AoAzD}AfEs@`BCFEFs@xAYf@c@t@k@x@kEnGiEzEmFdF}C`CmDdB{CnAoBd@aC^{AN]@iAHsFPiHX{EPoGTuGR{CLqCJyAPq@JWF_Bf@iB|@i@^g@^g@f@u@v@gAzAs@bAgAnBKXMZq@jBi@fBENK\\\\kA|DqA~DiB|EaBxDyBbFeI`Q{@hBoO|\\\\cDzGmDtHsAtC_ApBsOz\\\\S`@yB`FQ`@yCpGu@~AeBzDgA`CaGxMwBzEO\\\\k@vAaA|CkM|g@m@lBe@lAO^_@~@mIhS}@nBiA`CkB`DcBjCqBxCoDhF}D`GkErGqDvFkB`Dk@`AuA`CgChE]h@q@nAi@~@[l@}@lBqAjDsA`E}E~NaHvS_DjJaF`OoI~Vy@bCcF`O[`AuBzGa@lAsGvRwDvK{BfH_B|Eq@lBw@bCi[v_A}Lp^cOjd@Y|@mCbI[dAUtA_@xCw@lHeApJ{Ene@eBnOaBrNGd@q@lGEXg@pEaClROtAa@jDiCdUE`@_@bDwC`Wq@fGWpCO~BC\\\\E~@GdF?VArJ?tAEjU?lBCtX@hCF|AH`Bd@tEHl@RxBd@vEFj@X|CNpCHjBBnBE|BC^K`BY|Cy@bH}B|R]tB_@`BmDtKKXcAzCi@xBKb@e@hCY~Bm@rG}@xKy@jKaAtLiGlt@}ArOqAhJuIll@sCvRq@tEe@~Cy@rFcBdLmH`g@_CvO}AfKqShuA_Gda@yAjKMx@q@tE{BrO_@hCe@lDShAiAbH_Pzz@]hBkC~MMr@[tA_@lAa@`A_\\\\`s@cAnBsAzCUb@GPuClGUf@{CrGmKdUi@n@SNIDQ@K?o@KKCI?K@IDIHGJGLENOx@Oh@MZKTs@v@q@d@m@\\\\_@R}Ax@OFUJmAl@mAf@eGvCaD|AqB~@iExBoAl@aGhCy@\\\\oDhBiDbB_Af@}@b@Db@DVVhBD^DZF\\\\PrA^fCF^N`Ab@rCVhBSBiALu@Ha@NW\\\\c@v@kAtB\"', '2025-12-17 03:21:52');

-- --------------------------------------------------------

--
-- Структура таблицы `carriers`
--

CREATE TABLE `carriers` (
  `id` int(11) NOT NULL,
  `name` varchar(100) NOT NULL,
  `color` varchar(7) NOT NULL,
  `max_weight` decimal(6,2) NOT NULL,
  `base_cost` decimal(8,2) NOT NULL,
  `cost_per_kg` decimal(8,3) NOT NULL,
  `cost_per_km` decimal(8,4) NOT NULL,
  `speed_kmh` decimal(6,2) NOT NULL,
  `description` text DEFAULT NULL
) ENGINE=InnoDB DEFAULT CHARSET=utf8mb4 COLLATE=utf8mb4_general_ci;

--
-- Дамп данных таблицы `carriers`
--

INSERT INTO `carriers` (`id`, `name`, `color`, `max_weight`, `base_cost`, `cost_per_kg`, `cost_per_km`, `speed_kmh`, `description`) VALUES
(1, 'Белпочта', '#d32f2f', 30.00, 4.50, 0.250, 0.0080, 60.00, 'Государственная почта'),
(2, 'DPD', '#0066cc', 30.00, 9.00, 0.800, 0.0180, 95.00, 'Международная доставка'),
(3, 'СДЭК (CDEK)', '#ff9800', 20.00, 8.50, 0.700, 0.0200, 90.00, 'Курьерская служба'),
(4, 'Европочта', '#4caf50', 25.00, 6.50, 0.500, 0.0120, 80.00, 'Пункты выдачи'),
(6, 'Autolight Express', '#e91e63', 30.00, 9.50, 0.750, 0.0190, 92.00, 'Быстрая доставка');

-- --------------------------------------------------------

--
-- Структура таблицы `courier_stats`
--

CREATE TABLE `courier_stats` (
  `id` int(11) NOT NULL,
  `courier_id` int(11) NOT NULL,
  `date` date NOT NULL,
  `orders_delivered` int(11) DEFAULT 0,
  `distance_covered` decimal(8,2) DEFAULT 0.00,
  `revenue_generated` decimal(10,2) DEFAULT 0.00
) ENGINE=InnoDB DEFAULT CHARSET=utf8mb4 COLLATE=utf8mb4_general_ci;

-- --------------------------------------------------------

--
-- Структура таблицы `offices`
--

CREATE TABLE `offices` (
  `id` int(11) NOT NULL,
  `carrier_id` int(11) DEFAULT NULL,
  `city` varchar(100) NOT NULL,
  `address` varchar(255) NOT NULL,
  `lat` decimal(10,8) DEFAULT NULL,
  `lng` decimal(11,8) DEFAULT NULL
) ENGINE=InnoDB DEFAULT CHARSET=utf8mb4 COLLATE=utf8mb4_general_ci;

--
-- Дамп данных таблицы `offices`
--

INSERT INTO `offices` (`id`, `carrier_id`, `city`, `address`, `lat`, `lng`) VALUES
(807, 1, 'Минск', 'пр-т Независимости, 10', 53.90040000, 27.56120000),
(808, 1, 'Минск', 'пр-т Дзержинского, 91', 53.85920000, 27.48500000),
(809, 1, 'Минск', 'ул. Уманская, 55', 53.87600000, 27.49870000),
(810, 1, 'Гродно', 'ул. Гая, 11', 53.68180000, 23.83670000),
(811, 1, 'Каменец', 'ул. Брестская, 38', 52.40240000, 23.81510000),
(812, 1, 'Высокое', 'ул. Ленина, 1', 52.37000000, 23.37000000),
(813, 1, 'Гродно', 'ул. Гагарина, 45', 53.65420000, 23.84790000),
(814, 1, 'Минск', 'ул. Янки Мавра, 33а', 53.90160000, 27.47210000),
(815, 1, 'Минск', 'пр-т Партизанский, 12', 53.87650000, 27.62680000),
(816, 1, 'Гомель', 'ул. Советская, 21', 52.43540000, 30.97540000),
(817, 1, 'Брест', 'ул. Советская, 46', 52.09740000, 23.68800000),
(818, 1, 'Гродно', 'ул. Ожешко, 1', 53.68800000, 23.83400000),
(819, 1, 'Витебск', 'ул. Ленина, 20', 55.19040000, 30.20490000),
(820, 1, 'Могилёв', 'ул. Первомайская, 42', 53.90000000, 30.33690000),
(821, 1, 'Борисов', 'ул. 3 Интернационала, 15', 54.22800000, 28.50500000),
(822, 1, 'Барановичи', 'ул. Советская, 89', 53.13270000, 26.01370000),
(823, 1, 'Бобруйск', 'ул. Советская, 95', 53.14490000, 29.22460000),
(824, 1, 'Мозырь', 'ул. Ленинская, 10', 52.04950000, 29.26560000),
(825, 1, 'Солигорск', 'пр-т Мира, 15', 52.78980000, 27.53570000),
(826, 1, 'Пинск', 'ул. Гагарина, 22', 52.11530000, 26.10310000),
(827, 1, 'Лида', 'ул. Советская, 33', 53.88720000, 25.29970000),
(828, 1, 'Слоним', 'ул. Октябрьская, 8', 53.09490000, 25.32270000),
(829, 1, 'Новополоцк', 'ул. Карвата, 5', 55.53200000, 28.65840000),
(830, 1, 'Орша', 'ул. Интернациональная, 45', 54.51080000, 30.42540000),
(831, 1, 'Молодечно', 'ул. Советская, 67', 54.31350000, 26.83900000),
(832, 1, 'Слуцк', 'ул. Ленина, 18', 53.02740000, 27.55970000),
(833, 1, 'Дзержинск', 'ул. Победы, 25', 53.68320000, 27.13800000),
(834, 1, 'Марьина Горка', 'ул. Советская, 5', 53.51090000, 28.14700000),
(835, 1, 'Столбцы', 'ул. Советская, 15', 53.48230000, 26.74330000),
(836, 1, 'Кобрин', 'ул. Ленина, 48', 52.21380000, 24.35640000),
(837, 1, 'Иваново', 'ул. Советская, 30', 52.14510000, 25.53240000),
(838, 1, 'Каменец', 'ул. Ленина, 10', 52.40090000, 23.81960000),
(839, 1, 'Старые Дороги', 'ул. Советская, 8', 53.04020000, 28.26700000),
(840, 1, 'Климовичи', 'ул. Ленина, 5', 53.61220000, 31.95860000),
(841, 1, 'Речица', 'ул. Советская, 15', 52.36390000, 30.39470000),
(842, 1, 'Светлогорск', 'ул. Мира, 30', 52.63290000, 29.73400000),
(843, 1, 'Рогачёв', 'ул. Ленина, 25', 53.08010000, 30.05050000),
(844, 1, 'Жлобин', 'ул. Советская, 85', 52.89260000, 30.02400000),
(845, 1, 'Калинковичи', 'ул. Ленина, 20', 52.13230000, 29.32570000),
(846, 1, 'Корма', 'ул. Советская, 10', 53.13000000, 30.80160000),
(847, 1, 'Чаусы', 'ул. Ленина, 10', 53.80760000, 30.97060000),
(848, 1, 'Быхов', 'ул. Ленина, 15', 53.52110000, 30.24590000),
(849, 1, 'Кричев', 'ул. Ленина, 25', 53.71910000, 31.71390000),
(850, 1, 'Глуск', 'ул. Советская, 10', 52.90290000, 28.68420000),
(851, 1, 'Круглое', 'ул. Ленина, 15', 54.24970000, 29.79680000),
(852, 1, 'Кличев', 'ул. Советская, 5', 53.49250000, 29.05560000),
(853, 1, 'Чериков', 'ул. Ленина, 10', 53.56500000, 32.57210000),
(854, 1, 'Белыничи', 'ул. Советская, 15', 53.99830000, 29.70910000),
(855, 1, 'Кировск', 'ул. Ленина, 10', 53.27010000, 29.47520000),
(856, 1, 'Шклов', 'ул. Советская, 20', 54.21380000, 30.28660000),
(857, 1, 'Костюковичи', 'ул. Ленина, 10', 53.35390000, 32.05150000),
(858, 1, 'Горки', 'ул. Советская, 15', 54.28610000, 30.98620000),
(859, 1, 'Осиповичи', 'ул. Советская, 10', 53.30580000, 28.63860000),
(860, 1, 'Бобруйск', 'ул. Гагарина, 50', 53.16520000, 29.18750000),
(861, 1, 'Быхов', 'ул. Мира, 25', 53.52110000, 30.24590000),
(862, 1, 'Глуск', 'ул. Победы, 15', 52.90290000, 28.68420000),
(863, 1, 'Дрибин', 'ул. Ленина, 10', 54.11670000, 31.10000000),
(864, 1, 'Климовичи', 'ул. Победы, 20', 53.61220000, 31.95860000),
(865, 1, 'Краснополье', 'ул. Советская, 15', 53.33560000, 31.39980000),
(866, 1, 'Круглое', 'ул. Мира, 10', 54.24970000, 29.79680000),
(867, 1, 'Кличев', 'ул. Победы, 15', 53.49250000, 29.05560000),
(868, 1, 'Кричев', 'ул. Мира, 20', 53.71910000, 31.71390000),
(869, 1, 'Корма', 'ул. Мира, 12', 53.13000000, 30.80160000),
(870, 1, 'Мстиславль', 'ул. Советская, 20', 54.01840000, 31.72170000),
(871, 1, 'Чаусы', 'ул. Мира, 15', 53.80760000, 30.97060000),
(872, 1, 'Чериков', 'ул. Мира, 12', 53.56500000, 32.57210000),
(873, 1, 'Шумилино', 'ул. Ленина, 10', 55.30190000, 29.61610000),
(874, 1, 'Поставы', 'ул. Советская, 15', 55.11680000, 26.83930000),
(875, 1, 'Сенно', 'ул. Ленина, 15', 54.81360000, 29.70490000),
(876, 1, 'Толочин', 'ул. Советская, 10', 54.40940000, 29.69630000),
(877, 1, 'Ушачи', 'ул. Советская, 5', 55.17900000, 28.61580000),
(878, 1, 'Чашники', 'ул. Ленина, 10', 54.85840000, 29.16080000),
(879, 1, 'Шарковщина', 'ул. Советская, 10', 55.36890000, 27.46850000),
(880, 1, 'Лепель', 'ул. Ленина, 15', 54.88500000, 28.69910000),
(881, 1, 'Браслав', 'ул. Советская, 15', 55.64110000, 27.04170000),
(882, 1, 'Верхнедвинск', 'ул. Ленина, 10', 55.81670000, 27.93330000),
(883, 1, 'Городок', 'ул. Советская, 10', 55.46240000, 30.99250000),
(884, 1, 'Дятлово', 'ул. Ленина, 15', 53.46310000, 25.40610000),
(885, 1, 'Зельва', 'ул. Советская, 5', 53.15040000, 24.81430000),
(886, 1, 'Ивье', 'ул. Ленина, 10', 53.92970000, 25.34020000),
(887, 1, 'Кореличи', 'ул. Советская, 15', 53.56980000, 26.14100000),
(888, 1, 'Мосты', 'ул. Советская, 20', 53.41220000, 24.53870000),
(889, 1, 'Новогрудок', 'ул. Ленина, 25', 53.59710000, 25.82510000),
(890, 1, 'Островец', 'ул. Советская, 10', 54.61480000, 25.95810000),
(891, 1, 'Ошмяны', 'ул. Ленина, 15', 54.42450000, 25.93640000),
(892, 1, 'Свислочь', 'ул. Советская, 10', 53.44840000, 24.09860000),
(893, 1, 'Скидель', 'ул. Советская, 15', 53.59040000, 24.24770000),
(894, 1, 'Волковыск', 'ул. Советская, 25', 53.15620000, 24.45130000),
(895, 1, 'Гродно', 'ул. Берестовицкая, 10', 53.67280000, 23.81380000),
(896, 1, 'Дятлово', 'ул. Мира, 20', 53.46310000, 25.40610000),
(897, 1, 'Зельва', 'ул. Мира, 12', 53.15040000, 24.81430000),
(898, 2, 'Минск', 'ул. Липковская, 9/3, офис 35', 53.90600000, 27.65600000),
(899, 2, 'Минск', 'ул. Сурганова, 57б, офис 175', 53.92600000, 27.58600000),
(900, 2, 'Минск', 'пр-т Независимости, 6', 53.89600000, 27.54700000),
(901, 2, 'Минск', 'ул. Русиянана, 36', 53.93500000, 27.66800000),
(902, 2, 'Минск', 'ул. Веры Хоружей, 6Б', 53.91200000, 27.57600000),
(903, 2, 'Брест', 'ул. Московская, 208', 52.10400000, 23.77000000),
(904, 2, 'Витебск', 'ул. Ленина, 10', 55.19000000, 30.20500000),
(905, 2, 'Гомель', 'ул. Советская, 10', 52.43450000, 30.97540000),
(906, 2, 'Гродно', 'ул. Ожешко, 4', 53.68840000, 23.83450000),
(907, 2, 'Могилёв', 'ул. Ленинская, 14', 53.90000000, 30.33100000),
(908, 2, 'Барановичи', 'ул. Ленина, 12', 53.13270000, 26.01370000),
(909, 2, 'Бобруйск', 'ул. Интернациональная, 22', 53.14490000, 29.22460000),
(910, 2, 'Полоцк', 'ул. Октябрьская, 25', 55.48500000, 28.76860000),
(911, 2, 'Минск', 'ул. Притыцкого, 29', 53.90690000, 27.48470000),
(912, 2, 'Минск', 'ул. Немига, 5', 53.90550000, 27.55040000),
(913, 2, 'Минск', 'ул. Карвата, 84', 53.88500000, 27.67400000),
(914, 2, 'Гомель', 'пр-т Ленина, 10', 52.42480000, 30.99720000),
(915, 2, 'Брест', 'ул. Гоголя, 15', 52.09260000, 23.69260000),
(916, 2, 'Гродно', 'ул. Горького, 50', 53.67630000, 23.84030000),
(917, 2, 'Витебск', 'ул. Карла Маркса, 1', 55.18800000, 30.20800000),
(918, 2, 'Могилёв', 'ул. Ленинская, 4', 53.89730000, 30.33140000),
(919, 2, 'Борисов', 'ул. 3 Интернационала, 15', 54.22800000, 28.50500000),
(920, 2, 'Барановичи', 'ул. Советская, 89', 53.13270000, 26.01370000),
(921, 2, 'Бобруйск', 'ул. Советская, 95', 53.14490000, 29.22460000),
(922, 2, 'Мозырь', 'ул. Гагарина, 30', 52.04950000, 29.26560000),
(923, 2, 'Солигорск', 'пр-т Независимости, 56', 52.78980000, 27.53570000),
(924, 2, 'Пинск', 'ул. Космонавтов, 12', 52.11530000, 26.10310000),
(925, 2, 'Лида', 'ул. Октябрьская, 45', 53.88720000, 25.29970000),
(926, 2, 'Слоним', 'ул. Октябрьская, 8', 53.09490000, 25.32270000),
(927, 2, 'Новополоцк', 'ул. Мира, 78', 55.53200000, 28.65840000),
(928, 2, 'Орша', 'ул. Ленинская, 34', 54.51080000, 30.42540000),
(929, 2, 'Молодечно', 'ул. Центральная, 19', 54.31350000, 26.83900000),
(930, 2, 'Слуцк', 'ул. Ленина, 18', 53.02740000, 27.55970000),
(931, 2, 'Дзержинск', 'ул. Победы, 25', 53.68320000, 27.13800000),
(932, 2, 'Марьина Горка', 'ул. Советская, 5', 53.51090000, 28.14700000),
(933, 2, 'Столбцы', 'ул. Советская, 15', 53.48230000, 26.74330000),
(934, 2, 'Кобрин', 'ул. Ленина, 48', 52.21380000, 24.35640000),
(935, 2, 'Иваново', 'ул. Советская, 30', 52.14510000, 25.53240000),
(936, 2, 'Каменец', 'ул. Ленина, 10', 52.40090000, 23.81960000),
(937, 2, 'Старые Дороги', 'ул. Советская, 8', 53.04020000, 28.26700000),
(938, 2, 'Климовичи', 'ул. Ленина, 5', 53.61220000, 31.95860000),
(939, 2, 'Речица', 'ул. Советская, 15', 52.36390000, 30.39470000),
(940, 2, 'Светлогорск', 'ул. Мира, 30', 52.63290000, 29.73400000),
(941, 2, 'Рогачёв', 'ул. Ленина, 25', 53.08010000, 30.05050000),
(942, 2, 'Жлобин', 'ул. Советская, 85', 52.89260000, 30.02400000),
(943, 2, 'Калинковичи', 'ул. Ленина, 20', 52.13230000, 29.32570000),
(944, 2, 'Корма', 'ул. Советская, 10', 53.13000000, 30.80160000),
(945, 2, 'Чаусы', 'ул. Ленина, 10', 53.80760000, 30.97060000),
(946, 2, 'Быхов', 'ул. Ленина, 15', 53.52110000, 30.24590000),
(947, 2, 'Кричев', 'ул. Ленина, 25', 53.71910000, 31.71390000),
(948, 2, 'Глуск', 'ул. Советская, 10', 52.90290000, 28.68420000),
(949, 2, 'Круглое', 'ул. Ленина, 15', 54.24970000, 29.79680000),
(950, 2, 'Кличев', 'ул. Советская, 5', 53.49250000, 29.05560000),
(951, 2, 'Чериков', 'ул. Ленина, 10', 53.56500000, 32.57210000),
(952, 2, 'Белыничи', 'ул. Советская, 15', 53.99830000, 29.70910000),
(953, 2, 'Кировск', 'ул. Ленина, 10', 53.27010000, 29.47520000),
(954, 2, 'Шклов', 'ул. Советская, 20', 54.21380000, 30.28660000),
(955, 2, 'Костюковичи', 'ул. Ленина, 10', 53.35390000, 32.05150000),
(956, 2, 'Горки', 'ул. Советская, 15', 54.28610000, 30.98620000),
(957, 2, 'Осиповичи', 'ул. Советская, 10', 53.30580000, 28.63860000),
(958, 3, 'Минск', 'ул. Сухаревская, 70', 53.90200000, 27.49600000),
(959, 3, 'Минск', 'ул. Уборевича, 88', 53.84200000, 27.63200000),
(960, 3, 'Минск', 'ул. Центральная, 6', 53.90200000, 27.54500000),
(961, 3, 'Минск', 'ул. Народная, 31', 53.87500000, 27.60100000),
(962, 3, 'Минск', 'ул. Франциска Скорины, 5', 53.93400000, 27.64800000),
(963, 3, 'Минск', 'ул. Уманская, 55', 53.87600000, 27.49870000),
(964, 3, 'Минск', 'пр-т Дзержинского, 11', 53.90700000, 27.50200000),
(965, 3, 'Гомель', 'ул. Советская, 21', 52.43540000, 30.97540000),
(966, 3, 'Брест', 'ул. Советская, 46', 52.09740000, 23.68800000),
(967, 3, 'Гродно', 'ул. Ожешко, 1', 53.68800000, 23.83400000),
(968, 3, 'Витебск', 'ул. Ленина, 20', 55.19040000, 30.20490000),
(969, 3, 'Могилёв', 'ул. Первомайская, 42', 53.90000000, 30.33690000),
(970, 3, 'Борисов', 'ул. 3 Интернационала, 15', 54.22800000, 28.50500000),
(971, 3, 'Барановичи', 'ул. Советская, 89', 53.13270000, 26.01370000),
(972, 3, 'Бобруйск', 'ул. Советская, 95', 53.14490000, 29.22460000),
(973, 3, 'Мозырь', 'ул. Ленинская, 10', 52.04950000, 29.26560000),
(974, 3, 'Солигорск', 'ул. Молодёжная, 89', 52.78980000, 27.53570000),
(975, 3, 'Пинск', 'ул. Кирова, 23', 52.11530000, 26.10310000),
(976, 3, 'Лида', 'ул. Советская, 33', 53.88720000, 25.29970000),
(977, 3, 'Слоним', 'ул. Октябрьская, 8', 53.09490000, 25.32270000),
(978, 3, 'Новополоцк', 'ул. Брестская, 44', 55.53200000, 28.65840000),
(979, 3, 'Орша', 'ул. Карвата, 12', 54.51080000, 30.42540000),
(980, 3, 'Молодечно', 'ул. Советская, 67', 54.31350000, 26.83900000),
(981, 3, 'Слуцк', 'ул. Ленина, 18', 53.02740000, 27.55970000),
(982, 3, 'Дзержинск', 'ул. Победы, 25', 53.68320000, 27.13800000),
(983, 3, 'Марьина Горка', 'ул. Советская, 5', 53.51090000, 28.14700000),
(984, 3, 'Столбцы', 'ул. Советская, 15', 53.48230000, 26.74330000),
(985, 3, 'Кобрин', 'ул. Ленина, 48', 52.21380000, 24.35640000),
(986, 3, 'Иваново', 'ул. Советская, 30', 52.14510000, 25.53240000),
(987, 3, 'Каменец', 'ул. Ленина, 10', 52.40090000, 23.81960000),
(988, 3, 'Старые Дороги', 'ул. Советская, 8', 53.04020000, 28.26700000),
(989, 3, 'Климовичи', 'ул. Ленина, 5', 53.61220000, 31.95860000),
(990, 3, 'Речица', 'ул. Советская, 15', 52.36390000, 30.39470000),
(991, 3, 'Светлогорск', 'ул. Мира, 30', 52.63290000, 29.73400000),
(992, 3, 'Рогачёв', 'ул. Ленина, 25', 53.08010000, 30.05050000),
(993, 3, 'Жлобин', 'ул. Советская, 85', 52.89260000, 30.02400000),
(994, 3, 'Калинковичи', 'ул. Ленина, 20', 52.13230000, 29.32570000),
(995, 3, 'Корма', 'ул. Советская, 10', 53.13000000, 30.80160000),
(996, 3, 'Чаусы', 'ул. Ленина, 10', 53.80760000, 30.97060000),
(997, 3, 'Быхов', 'ул. Ленина, 15', 53.52110000, 30.24590000),
(998, 3, 'Кричев', 'ул. Ленина, 25', 53.71910000, 31.71390000),
(999, 3, 'Глуск', 'ул. Советская, 10', 52.90290000, 28.68420000),
(1000, 3, 'Круглое', 'ул. Ленина, 15', 54.24970000, 29.79680000),
(1001, 3, 'Кличев', 'ул. Советская, 5', 53.49250000, 29.05560000),
(1002, 3, 'Чериков', 'ул. Ленина, 10', 53.56500000, 32.57210000),
(1003, 3, 'Белыничи', 'ул. Советская, 15', 53.99830000, 29.70910000),
(1004, 3, 'Кировск', 'ул. Ленина, 10', 53.27010000, 29.47520000),
(1005, 3, 'Шклов', 'ул. Советская, 20', 54.21380000, 30.28660000),
(1006, 3, 'Костюковичи', 'ул. Ленина, 10', 53.35390000, 32.05150000),
(1007, 3, 'Горки', 'ул. Советская, 15', 54.28610000, 30.98620000),
(1008, 3, 'Осиповичи', 'ул. Советская, 10', 53.30580000, 28.63860000),
(1009, 4, 'Минск', 'ул. Кульман, 9', 53.91530000, 27.57740000),
(1010, 4, 'Минск', 'пл. Победы', 53.90870000, 27.57470000),
(1011, 4, 'Минск', 'ул. Сурганова, 57', 53.92600000, 27.58600000),
(1012, 4, 'Минск', 'ул. Одоевского, 117', 53.89900000, 27.47400000),
(1013, 4, 'Минск', 'ул. Притыцкого, 156', 53.90800000, 27.43000000),
(1014, 4, 'Гродно', 'ул. Поповича, 5', 53.67900000, 23.82900000),
(1015, 4, 'Брест', 'ул. Московская, 202', 52.08500000, 23.70000000),
(1016, 4, 'Гомель', 'ул. Ильича, 33', 52.42000000, 30.97000000),
(1017, 4, 'Витебск', 'ул. Карла Маркса, 1', 55.18800000, 30.20800000),
(1018, 4, 'Могилёв', 'пр-т Мира, 21', 53.90200000, 30.33900000),
(1019, 4, 'Борисов', 'ул. 3 Интернационала, 15', 54.22800000, 28.50500000),
(1020, 4, 'Барановичи', 'ул. Советская, 89', 53.13270000, 26.01370000),
(1021, 4, 'Бобруйск', 'ул. Советская, 95', 53.14490000, 29.22460000),
(1022, 4, 'Мозырь', 'ул. Партизанская, 15', 52.04950000, 29.26560000),
(1023, 4, 'Солигорск', 'ул. Космонавтов, 14', 52.78980000, 27.53570000),
(1024, 4, 'Пинск', 'ул. Строителей, 33', 52.11530000, 26.10310000),
(1025, 4, 'Лида', 'ул. Маяковского, 7', 53.88720000, 25.29970000),
(1026, 4, 'Слоним', 'ул. Октябрьская, 8', 53.09490000, 25.32270000),
(1027, 4, 'Новополоцк', 'ул. Октябрьская, 41', 55.53200000, 28.65840000),
(1028, 4, 'Орша', 'ул. Свободы, 29', 54.51080000, 30.42540000),
(1029, 4, 'Молодечно', 'ул. Ленина, 37', 54.31350000, 26.83900000),
(1030, 4, 'Слуцк', 'ул. Ленина, 18', 53.02740000, 27.55970000),
(1031, 4, 'Дзержинск', 'ул. Победы, 25', 53.68320000, 27.13800000),
(1032, 4, 'Марьина Горка', 'ул. Советская, 5', 53.51090000, 28.14700000),
(1033, 4, 'Столбцы', 'ул. Советская, 15', 53.48230000, 26.74330000),
(1034, 4, 'Кобрин', 'ул. Ленина, 48', 52.21380000, 24.35640000),
(1035, 4, 'Иваново', 'ул. Советская, 30', 52.14510000, 25.53240000),
(1036, 4, 'Каменец', 'ул. Ленина, 10', 52.40090000, 23.81960000),
(1037, 4, 'Старые Дороги', 'ул. Советская, 8', 53.04020000, 28.26700000),
(1038, 4, 'Климовичи', 'ул. Ленина, 5', 53.61220000, 31.95860000),
(1039, 4, 'Речица', 'ул. Советская, 15', 52.36390000, 30.39470000),
(1040, 4, 'Светлогорск', 'ул. Мира, 30', 52.63290000, 29.73400000),
(1041, 4, 'Рогачёв', 'ул. Ленина, 25', 53.08010000, 30.05050000),
(1042, 4, 'Жлобин', 'ул. Советская, 85', 52.89260000, 30.02400000),
(1043, 4, 'Калинковичи', 'ул. Ленина, 20', 52.13230000, 29.32570000),
(1044, 4, 'Корма', 'ул. Советская, 10', 53.13000000, 30.80160000),
(1045, 4, 'Чаусы', 'ул. Ленина, 10', 53.80760000, 30.97060000),
(1046, 4, 'Быхов', 'ул. Ленина, 15', 53.52110000, 30.24590000),
(1047, 4, 'Кричев', 'ул. Ленина, 25', 53.71910000, 31.71390000),
(1048, 4, 'Глуск', 'ул. Советская, 10', 52.90290000, 28.68420000),
(1049, 4, 'Круглое', 'ул. Ленина, 15', 54.24970000, 29.79680000),
(1050, 4, 'Кличев', 'ул. Советская, 5', 53.49250000, 29.05560000),
(1051, 4, 'Чериков', 'ул. Ленина, 10', 53.56500000, 32.57210000),
(1052, 4, 'Белыничи', 'ул. Советская, 15', 53.99830000, 29.70910000),
(1053, 4, 'Кировск', 'ул. Ленина, 10', 53.27010000, 29.47520000),
(1054, 4, 'Шклов', 'ул. Советская, 20', 54.21380000, 30.28660000),
(1055, 4, 'Костюковичи', 'ул. Ленина, 10', 53.35390000, 32.05150000),
(1056, 4, 'Горки', 'ул. Советская, 15', 54.28610000, 30.98620000),
(1057, 4, 'Осиповичи', 'ул. Советская, 10', 53.30580000, 28.63860000),
(1107, 6, 'Минск', 'ул. Одоевского, 117', 53.89900000, 27.47400000),
(1108, 6, 'Брест', 'ул. Московская, 208', 52.10400000, 23.77000000),
(1109, 6, 'Минск', 'пр-т Рокоссовского, 1А', 53.85900000, 27.47400000),
(1110, 6, 'Минск', 'пр-т Партизанский, 12', 53.87650000, 27.62680000),
(1111, 6, 'Гомель', 'ул. Крестьянская, 12', 52.43450000, 30.97540000),
(1112, 6, 'Брест', 'ул. 17 Сентября, 10', 52.09740000, 23.68800000),
(1113, 6, 'Гродно', 'ул. Горького, 50', 53.67630000, 23.84030000),
(1114, 6, 'Витебск', 'ул. Карла Маркса, 1', 55.18800000, 30.20800000),
(1115, 6, 'Могилёв', 'ул. Ленинская, 4', 53.89730000, 30.33140000),
(1116, 6, 'Борисов', 'ул. 3 Интернационала, 15', 54.22800000, 28.50500000),
(1117, 6, 'Барановичи', 'ул. Советская, 89', 53.13270000, 26.01370000),
(1118, 6, 'Бобруйск', 'ул. Советская, 95', 53.14490000, 29.22460000),
(1119, 6, 'Мозырь', 'ул. Октябрьская, 12', 52.04950000, 29.26560000),
(1120, 6, 'Солигорск', 'ул. Мира, 89', 52.78980000, 27.53570000),
(1121, 6, 'Пинск', 'ул. Маяковского, 45', 52.11530000, 26.10310000),
(1122, 6, 'Лида', 'ул. Ленина, 78', 53.88720000, 25.29970000),
(1123, 6, 'Слоним', 'ул. Октябрьская, 8', 53.09490000, 25.32270000),
(1124, 6, 'Новополоцк', 'ул. Карвата, 34', 55.53200000, 28.65840000),
(1125, 6, 'Орша', 'ул. Космонавтов, 56', 54.51080000, 30.42540000),
(1126, 6, 'Молодечно', 'ул. Свободы, 23', 54.31350000, 26.83900000),
(1127, 6, 'Слуцк', 'ул. Ленина, 18', 53.02740000, 27.55970000),
(1128, 6, 'Дзержинск', 'ул. Победы, 25', 53.68320000, 27.13800000),
(1129, 6, 'Марьина Горка', 'ул. Советская, 5', 53.51090000, 28.14700000),
(1130, 6, 'Столбцы', 'ул. Советская, 15', 53.48230000, 26.74330000),
(1131, 6, 'Кобрин', 'ул. Ленина, 48', 52.21380000, 24.35640000),
(1132, 6, 'Иваново', 'ул. Советская, 30', 52.14510000, 25.53240000),
(1133, 6, 'Каменец', 'ул. Ленина, 10', 52.40090000, 23.81960000),
(1134, 6, 'Старые Дороги', 'ул. Советская, 8', 53.04020000, 28.26700000),
(1135, 6, 'Климовичи', 'ул. Ленина, 5', 53.61220000, 31.95860000),
(1136, 6, 'Речица', 'ул. Советская, 15', 52.36390000, 30.39470000),
(1137, 6, 'Светлогорск', 'ул. Мира, 30', 52.63290000, 29.73400000),
(1138, 6, 'Рогачёв', 'ул. Ленина, 25', 53.08010000, 30.05050000),
(1139, 6, 'Жлобин', 'ул. Советская, 85', 52.89260000, 30.02400000),
(1140, 6, 'Калинковичи', 'ул. Ленина, 20', 52.13230000, 29.32570000),
(1141, 6, 'Корма', 'ул. Советская, 10', 53.13000000, 30.80160000),
(1142, 6, 'Чаусы', 'ул. Ленина, 10', 53.80760000, 30.97060000),
(1143, 6, 'Быхов', 'ул. Ленина, 15', 53.52110000, 30.24590000),
(1144, 6, 'Кричев', 'ул. Ленина, 25', 53.71910000, 31.71390000),
(1145, 6, 'Глуск', 'ул. Советская, 10', 52.90290000, 28.68420000),
(1146, 6, 'Круглое', 'ул. Ленина, 15', 54.24970000, 29.79680000),
(1147, 6, 'Кличев', 'ул. Советская, 5', 53.49250000, 29.05560000),
(1148, 6, 'Чериков', 'ул. Ленина, 10', 53.56500000, 32.57210000),
(1149, 6, 'Белыничи', 'ул. Советская, 15', 53.99830000, 29.70910000),
(1150, 6, 'Кировск', 'ул. Ленина, 10', 53.27010000, 29.47520000),
(1151, 6, 'Шклов', 'ул. Советская, 20', 54.21380000, 30.28660000),
(1152, 6, 'Костюковичи', 'ул. Ленина, 10', 53.35390000, 32.05150000),
(1153, 6, 'Горки', 'ул. Советская, 15', 54.28610000, 30.98620000),
(1154, 6, 'Осиповичи', 'ул. Советская, 10', 53.30580000, 28.63860000);

-- --------------------------------------------------------

--
-- Структура таблицы `orders`
--

CREATE TABLE `orders` (
  `id` int(11) NOT NULL,
  `user_id` int(11) DEFAULT NULL,
  `carrier_id` int(11) DEFAULT NULL,
  `from_office` int(11) DEFAULT NULL,
  `to_office` int(11) DEFAULT NULL,
  `weight` decimal(8,3) DEFAULT NULL,
  `cost` decimal(10,2) DEFAULT NULL,
  `delivery_hours` decimal(8,2) DEFAULT NULL,
  `track_number` varchar(20) DEFAULT NULL,
  `created_at` datetime DEFAULT current_timestamp(),
  `delivery_date` date DEFAULT NULL,
  `payment_status` varchar(20) DEFAULT 'pending',
  `tracking_status` varchar(50) DEFAULT 'created',
  `full_name` varchar(255) DEFAULT NULL,
  `home_address` text DEFAULT NULL,
  `pickup_city` varchar(100) DEFAULT NULL,
  `pickup_address` text DEFAULT NULL,
  `delivery_city` varchar(100) DEFAULT NULL,
  `delivery_address` text DEFAULT NULL,
  `desired_date` date DEFAULT NULL,
  `insurance` tinyint(1) DEFAULT 0,
  `packaging` tinyint(1) DEFAULT 0,
  `fragile` tinyint(1) DEFAULT 0,
  `payment_method` varchar(50) DEFAULT 'cash',
  `cash_on_delivery` tinyint(1) DEFAULT 0,
  `cod_amount` decimal(10,2) DEFAULT 0.00,
  `comment` text DEFAULT NULL,
  `recipient_name` varchar(255) DEFAULT NULL,
  `recipient_address` text DEFAULT NULL,
  `courier_id` int(11) DEFAULT NULL
) ENGINE=InnoDB DEFAULT CHARSET=utf8mb4 COLLATE=utf8mb4_general_ci;

--
-- Дамп данных таблицы `orders`
--

INSERT INTO `orders` (`id`, `user_id`, `carrier_id`, `from_office`, `to_office`, `weight`, `cost`, `delivery_hours`, `track_number`, `created_at`, `delivery_date`, `payment_status`, `tracking_status`, `full_name`, `home_address`, `pickup_city`, `pickup_address`, `delivery_city`, `delivery_address`, `desired_date`, `insurance`, `packaging`, `fragile`, `payment_method`, `cash_on_delivery`, `cod_amount`, `comment`, `recipient_name`, `recipient_address`, `courier_id`) VALUES
(1, 2, 4, NULL, NULL, 30.000, 49.28, 1.60, '7493FC43F2BC', '2025-12-04 03:43:01', NULL, 'pending', 'created', NULL, NULL, NULL, NULL, NULL, NULL, NULL, 0, 0, 0, 'cash', 0, 0.00, NULL, NULL, NULL, NULL),
(2, 1, 1, NULL, NULL, 1.000, 8.60, 8.00, '3E93445DFB40', '2025-12-10 21:10:10', NULL, 'pending', 'created', NULL, NULL, NULL, NULL, NULL, NULL, NULL, 0, 0, 0, 'cash', 0, 0.00, NULL, NULL, NULL, NULL),
(3, 1, 2, NULL, NULL, 1.000, 19.12, 5.50, '14DA538AF5EC', '2025-12-10 21:10:14', NULL, 'pending', 'created', NULL, NULL, NULL, NULL, NULL, NULL, NULL, 0, 0, 0, 'cash', 0, 0.00, NULL, NULL, NULL, NULL),
(4, 1, 2, NULL, NULL, 1.000, 19.12, 5.50, '614C04987B6D', '2025-12-10 21:22:43', NULL, 'pending', 'created', NULL, NULL, NULL, NULL, NULL, NULL, NULL, 0, 0, 0, 'cash', 0, 0.00, NULL, NULL, NULL, NULL),
(5, 1, 2, NULL, NULL, 1.000, 19.12, 5.50, '793FA52FC4C1', '2025-12-10 21:22:45', NULL, 'pending', 'created', NULL, NULL, NULL, NULL, NULL, NULL, NULL, 0, 0, 0, 'cash', 0, 0.00, NULL, NULL, NULL, NULL),
(6, 2, 3, NULL, NULL, 20.000, 34.68, 6.40, 'BE1E0039F0E1', '2025-12-10 23:06:46', NULL, 'pending', 'created', NULL, NULL, NULL, NULL, NULL, NULL, NULL, 0, 0, 0, 'cash', 0, 0.00, NULL, NULL, NULL, NULL),
(7, 2, NULL, NULL, NULL, 15.000, 37.69, 8.70, '28BD4368DF28', '2025-12-10 23:07:14', NULL, 'pending', 'created', NULL, NULL, NULL, NULL, NULL, NULL, NULL, 0, 0, 0, 'cash', 0, 0.00, NULL, NULL, NULL, NULL),
(8, 1, 2, NULL, NULL, 25.000, 34.89, 3.40, 'F3F6FDC39031', '2025-12-10 23:37:25', NULL, 'pending', 'created', NULL, NULL, NULL, NULL, NULL, NULL, NULL, 0, 0, 0, 'cash', 0, 0.00, NULL, NULL, NULL, NULL),
(9, 1, NULL, NULL, NULL, 1.000, 16.12, 3.90, 'A05B842C6F32', '2025-12-10 23:37:30', NULL, 'pending', 'created', NULL, NULL, NULL, NULL, NULL, NULL, NULL, 0, 0, 0, 'cash', 0, 0.00, NULL, NULL, NULL, NULL),
(10, 1, 1, NULL, NULL, 20.000, 13.45, 8.20, '5C570435A40B', '2025-12-10 23:45:07', NULL, 'pending', 'created', NULL, NULL, NULL, NULL, NULL, NULL, NULL, 0, 0, 0, 'cash', 0, 0.00, NULL, NULL, NULL, NULL),
(11, 1, 2, NULL, NULL, 14.000, 27.85, 4.50, '74AF25CBE2BB', '2025-12-10 23:56:26', NULL, 'pending', 'created', NULL, NULL, NULL, NULL, NULL, NULL, NULL, 0, 0, 0, 'cash', 0, 0.00, NULL, NULL, NULL, NULL),
(12, 1, NULL, NULL, NULL, 1.000, 18.10, 4.90, 'F08FBD9B5A40', '2025-12-10 23:56:32', NULL, 'pending', 'created', NULL, NULL, NULL, NULL, NULL, NULL, NULL, 0, 0, 0, 'cash', 0, 0.00, NULL, NULL, NULL, NULL),
(13, 1, NULL, NULL, NULL, 1.000, 8.90, NULL, '697BF70D4F5E', '2025-12-11 00:21:05', NULL, 'pending', 'created', NULL, NULL, NULL, NULL, NULL, NULL, NULL, 0, 0, 0, 'cash', 0, 0.00, NULL, NULL, NULL, NULL),
(14, 1, 2, NULL, NULL, 1.000, 15.69, 3.40, '5C12CA9A2444', '2025-12-11 00:28:32', NULL, 'pending', 'created', NULL, NULL, NULL, NULL, NULL, NULL, NULL, 0, 0, 0, 'cash', 0, 0.00, NULL, NULL, NULL, NULL),
(15, 2, 3, NULL, NULL, 1.000, 9.20, NULL, 'D0EF1CFA0C3D', '2025-12-11 00:51:10', NULL, 'pending', 'created', NULL, NULL, NULL, NULL, NULL, NULL, NULL, 0, 0, 0, 'cash', 0, 0.00, NULL, NULL, NULL, NULL),
(16, 1, 1, NULL, NULL, 1.000, 4.75, NULL, '85294E7B1F26', '2025-12-11 01:36:06', NULL, 'pending', 'created', NULL, NULL, NULL, NULL, NULL, NULL, NULL, 0, 0, 0, 'cash', 0, 0.00, NULL, NULL, NULL, NULL),
(17, 1, 3, NULL, NULL, 20.000, 27.50, NULL, '1B8D3E650FC3', '2025-12-11 01:43:38', NULL, 'pending', 'created', NULL, NULL, NULL, NULL, NULL, NULL, NULL, 0, 0, 0, 'cash', 0, 0.00, NULL, NULL, NULL, NULL),
(18, 1, NULL, NULL, NULL, 1.000, 8.90, NULL, 'E52192163F55', '2025-12-11 01:47:19', NULL, 'pending', 'created', NULL, NULL, NULL, NULL, NULL, NULL, NULL, 0, 0, 0, 'cash', 0, 0.00, NULL, NULL, NULL, NULL),
(19, 1, 1, NULL, NULL, 1.000, 4.75, NULL, '72EB923A6942', '2025-12-11 01:49:08', NULL, 'pending', 'created', NULL, NULL, NULL, NULL, NULL, NULL, NULL, 0, 0, 0, 'cash', 0, 0.00, NULL, NULL, NULL, NULL),
(20, 1, 1, NULL, NULL, 1.000, 9.75, NULL, '282F6ADD9436', '2025-12-11 01:51:53', NULL, 'pending', 'created', NULL, NULL, NULL, NULL, NULL, NULL, NULL, 0, 0, 0, 'cash', 0, 0.00, NULL, NULL, NULL, NULL),
(21, 1, 1, NULL, NULL, 1.000, 8.70, NULL, '4143234C5D6F', '2025-12-11 02:24:26', NULL, 'pending', 'created', NULL, NULL, NULL, NULL, NULL, NULL, NULL, 0, 0, 0, 'cash', 0, 0.00, NULL, NULL, NULL, NULL),
(22, 1, 6, NULL, NULL, 1.000, 10.25, NULL, 'B6500BD7BE6E', '2025-12-11 03:05:41', NULL, 'pending', 'created', NULL, NULL, NULL, NULL, NULL, NULL, NULL, 0, 0, 0, 'cash', 0, 0.00, NULL, NULL, NULL, NULL),
(23, 1, 2, NULL, NULL, 1.000, 9.80, NULL, 'E65372640861', '2025-12-11 03:06:10', NULL, 'pending', 'created', NULL, NULL, NULL, NULL, NULL, NULL, NULL, 0, 0, 0, 'cash', 0, 0.00, NULL, NULL, NULL, NULL),
(24, 1, NULL, NULL, NULL, 1.000, 8.90, NULL, 'C9CA5F4BDE8F', '2025-12-11 03:09:28', NULL, 'pending', 'created', NULL, NULL, NULL, NULL, NULL, NULL, NULL, 0, 0, 0, 'cash', 0, 0.00, NULL, NULL, NULL, NULL),
(25, 1, 6, NULL, NULL, 1.000, 10.25, NULL, 'E066182601F0', '2025-12-11 03:12:57', NULL, 'pending', 'created', NULL, NULL, NULL, NULL, NULL, NULL, NULL, 0, 0, 0, 'cash', 0, 0.00, NULL, NULL, NULL, NULL),
(26, 1, 6, NULL, NULL, 1.000, 10.25, NULL, 'FFBA88B5EC8C', '2025-12-11 03:20:51', NULL, 'pending', 'created', NULL, NULL, NULL, NULL, NULL, NULL, NULL, 0, 0, 0, 'cash', 0, 0.00, NULL, NULL, NULL, NULL),
(27, 1, 6, NULL, NULL, 1.000, 10.25, NULL, '8D308F9FAFC0', '2025-12-11 03:23:49', NULL, 'pending', 'delayed', 'Журко Александр Сергеевич', 'у3у33у3у', NULL, NULL, NULL, NULL, '0000-00-00', 0, 0, 0, 'card', 0, 0.00, '', NULL, NULL, NULL),
(28, 1, 1, NULL, NULL, 1.000, 9.87, NULL, 'B21DD1FBD3B9', '2025-12-11 03:40:21', NULL, 'paid', 'delayed', 'Журко Александр Сергеевич', '2ууууууц', NULL, NULL, NULL, NULL, '2025-12-27', 0, 0, 0, 'card', 0, 0.00, '', NULL, NULL, NULL),
(29, 1, 1, NULL, NULL, 1.000, 9.07, NULL, '2378BFE432F1', '2025-12-11 04:08:41', NULL, 'paid', 'in_transit', 'Журко Александр Сергеевич', 'ккккукуу', NULL, NULL, NULL, NULL, '0000-00-00', 0, 0, 0, 'cash', 0, 0.00, '', NULL, NULL, NULL),
(30, 1, NULL, NULL, NULL, 1.000, 14.04, NULL, '4500771A939B', '2025-12-11 16:29:34', NULL, 'paid', 'delivered', 'Журко Александр Сергеевич', 'к3к3к', NULL, NULL, NULL, NULL, '0000-00-00', 0, 1, 1, 'cash', 0, 0.00, '', NULL, NULL, NULL),
(31, 1, NULL, NULL, NULL, 1.000, 14.22, NULL, '999BE30355BF', '2025-12-11 17:52:46', NULL, 'paid', 'processed', 'Журко Александр Сергеевич', 'епеееп', NULL, NULL, NULL, NULL, '2025-12-27', 1, 1, 1, 'card', 0, 0.00, '', NULL, NULL, NULL),
(32, 1, 2, NULL, NULL, 25.000, 60.00, NULL, '3688F351906A', '2025-12-11 18:13:35', NULL, 'paid', 'processed', 'Журко Александр Сергеевич', 'ррпрпр', NULL, NULL, NULL, NULL, '2025-12-26', 1, 1, 0, 'card', 0, 0.00, '', NULL, NULL, NULL),
(33, 1, 1, NULL, NULL, 15.000, 11.11, NULL, 'E1703B14B348', '2025-12-11 18:15:59', NULL, 'paid', 'processed', 'Журко Александр Сергеевич', '6666', NULL, NULL, NULL, NULL, '0000-00-00', 0, 0, 0, 'cash', 0, 0.00, '', NULL, NULL, NULL),
(34, 1, NULL, NULL, NULL, 15.000, 21.93, NULL, 'AE35BCEEF03D', '2025-12-11 18:26:58', NULL, 'paid', 'out_for_delivery', 'Журко Александр Сергеевич', 'вувувув', NULL, NULL, NULL, NULL, '2025-12-13', 1, 0, 0, 'card', 0, 0.00, '', NULL, NULL, NULL),
(35, 1, 6, NULL, NULL, 25.000, 33.82, NULL, '0C3B97658374', '2025-12-11 19:14:07', NULL, 'paid', 'processed', 'Журко Александр Сергеевич', 'fffefef', NULL, NULL, NULL, NULL, '2025-12-13', 1, 1, 0, 'card', 0, 0.00, 'оставить у двери', NULL, NULL, NULL),
(36, 1, 1, NULL, NULL, 15.000, 7.37, NULL, 'F6995BB62470', '2025-12-11 20:01:39', NULL, 'paid', 'processed', 'Журко Александр Сергеевич', 'trrgr', NULL, NULL, NULL, NULL, '2025-12-14', 0, 0, 0, 'card', 0, 0.00, '', NULL, NULL, NULL),
(37, 1, 1, NULL, NULL, 15.000, 11.88, NULL, 'C0EA3227C447', '2025-12-12 12:27:44', NULL, 'paid', 'cancelled', 'Журко Александр Сергеевич', 'grgr', NULL, NULL, NULL, NULL, '2025-12-17', 1, 1, 1, 'card', 0, 0.00, 'оставить у двери', NULL, NULL, NULL),
(38, 2, 6, NULL, NULL, 15.000, 26.43, NULL, '07B52F4D89B0', '2025-12-12 12:53:21', NULL, 'paid', 'returned', 'Журко Александр Сергеевич', 'к3к3к', NULL, NULL, NULL, NULL, '2025-12-26', 1, 1, 1, 'cash', 0, 0.00, 'у2у2у2у', NULL, NULL, NULL),
(39, 1, 6, NULL, NULL, 15.000, 26.43, NULL, 'B1B9C1114E7B', '2025-12-12 13:59:57', NULL, 'pending', 'created', 'Журко Александр Сергеевич', '444к', NULL, NULL, NULL, NULL, '2025-12-19', 1, 1, 1, 'cash', 0, 0.00, 'к3к3к3', NULL, NULL, NULL),
(40, 1, 6, NULL, NULL, 15.000, 26.43, NULL, 'AF72317BA15A', '2025-12-12 14:00:10', NULL, 'pending', 'created', 'Журко Александр Сергеевич', '444к', NULL, NULL, NULL, NULL, '2025-12-19', 1, 1, 1, 'cash', 0, 0.00, 'к3к3к3', NULL, NULL, NULL),
(41, 1, 6, NULL, NULL, 15.000, 26.43, NULL, '039DD009F679', '2025-12-12 14:02:38', NULL, 'pending', 'created', 'Журко Александр Сергеевич', '444к', NULL, NULL, NULL, NULL, '2025-12-19', 1, 1, 1, 'cash', 0, 0.00, 'к3к3к3', NULL, NULL, NULL),
(42, 1, 1, NULL, NULL, 15.000, 12.34, NULL, 'EA3526982A1B', '2025-12-12 14:03:09', NULL, 'pending', 'created', 'Журко Александр Сергеевич', '44r4r', NULL, NULL, NULL, NULL, '2025-12-19', 1, 1, 1, 'cash', 0, 0.00, 'dwertyuil', NULL, NULL, NULL),
(43, 1, 6, NULL, NULL, 14.000, 25.65, NULL, 'B5C9A194AF6E', '2025-12-12 14:09:23', NULL, 'paid', 'delivered', 'Журко Александр Сергеевич', 'фывапро', NULL, NULL, NULL, NULL, '2025-12-19', 1, 1, 1, 'cash', 0, 0.00, 'фывапро', NULL, NULL, NULL),
(44, 1, 1, NULL, NULL, 15.000, 8.15, NULL, '4E7EA5569B19', '2025-12-12 14:27:30', NULL, 'paid', 'paid', 'Журко Александр Сергеевич', 'ывапролд', NULL, NULL, NULL, NULL, '2025-12-17', 1, 1, 1, 'cash', 0, 0.00, 'вапролд', NULL, NULL, NULL),
(45, 1, 6, NULL, NULL, 15.000, 24.41, NULL, 'DF943F68B429', '2025-12-12 14:43:33', NULL, 'paid', 'paid', 'Журко Александр Сергеевич', 'укенг', NULL, NULL, NULL, NULL, '2025-12-26', 1, 1, 1, 'cash', 0, 0.00, 'вапролбрпав', NULL, NULL, NULL),
(46, 1, 1, NULL, NULL, 15.000, 12.45, NULL, '35FF980A97F3', '2025-12-12 15:20:54', NULL, 'paid', 'delayed', 'Журко Александр Сергеевич', 'вапро', NULL, NULL, NULL, NULL, '2025-12-18', 1, 1, 1, 'cash', 0, 0.00, 'ваенгшщ', NULL, NULL, NULL),
(47, 1, 6, NULL, NULL, 15.000, 24.41, NULL, '92D7F49D4DC4', '2025-12-12 18:13:21', NULL, 'paid', 'delivered', 'Журко Александр Сергеевич', '3456', NULL, NULL, NULL, NULL, '2025-12-18', 1, 1, 1, 'cash', 0, 0.00, '3456', NULL, NULL, NULL),
(48, 1, 1, NULL, NULL, 1.000, 8.65, NULL, 'F6BBF0B976B1', '2025-12-12 19:54:45', NULL, 'paid', 'paid', 'Журко Александр Сергеевич', 'll', NULL, NULL, NULL, NULL, '2025-12-18', 1, 1, 1, 'cash', 0, 0.00, '234rth', NULL, NULL, NULL),
(49, 1, 1, 826, 894, 15.000, 12.85, NULL, '441CAD3F5EB6', '2025-12-14 20:54:27', NULL, 'paid', 'paid', 'Журко Александр Сергеевич', 'итю.', NULL, NULL, NULL, NULL, '0000-00-00', 1, 1, 1, 'cash', 0, 0.00, 'енлроп', NULL, NULL, NULL),
(50, 1, 2, 914, 903, 14.000, 32.98, NULL, '39933F61B34D', '2025-12-14 21:03:13', NULL, 'paid', 'paid', 'Журко Александр Сергеевич', 'ц3456', NULL, NULL, NULL, NULL, '2025-12-17', 1, 1, 1, 'cash', 0, 0.00, 'цу4к5е6ш', NULL, NULL, NULL),
(51, 1, 1, 807, 894, 15.000, 13.36, NULL, '3E0E4FFBF90B', '2025-12-14 21:20:30', NULL, 'paid', 'paid', 'Журко Александр Сергеевич', '2345678', NULL, NULL, NULL, NULL, '0000-00-00', 1, 1, 1, 'cash', 0, 0.00, '', NULL, NULL, NULL),
(52, 1, 6, 1133, 1154, 15.000, 31.04, NULL, '2B9DEEEDF184', '2025-12-14 21:28:06', NULL, 'paid', 'paid', 'Журко Александр Сергеевич', 'цукенг', NULL, NULL, NULL, NULL, '2025-12-18', 1, 1, 1, 'cash', 0, 0.00, 'укенгшвапмс', NULL, NULL, NULL),
(53, 1, 1, 807, 894, 15.000, 13.36, NULL, '7C1FDE0BEEF1', '2025-12-14 21:45:02', NULL, 'paid', 'paid', 'Журко Александр Сергеевич', 'ролдж', NULL, NULL, NULL, NULL, '2025-12-16', 1, 1, 1, 'cash', 0, 0.00, 'ывапенгшлорпавывапр', NULL, NULL, NULL),
(54, 1, 3, 960, 986, 16.000, 28.21, NULL, 'CAF1A40ED1D0', '2025-12-14 21:53:15', NULL, 'paid', 'paid', 'Журко Александр Сергеевич', 'лдждлоро', NULL, NULL, NULL, NULL, '0000-00-00', 1, 1, 1, 'cash', 0, 0.00, 'олдлорпр', NULL, NULL, NULL),
(55, 1, 1, 826, 828, 16.000, 12.78, NULL, '3D77B1CAD2FA', '2025-12-15 10:16:04', NULL, 'paid', 'paid', 'Журко Александр Сергеевич', 'фывапрол', NULL, NULL, NULL, NULL, '2025-12-18', 1, 1, 1, 'cash', 0, 0.00, 'ывапролд', NULL, NULL, NULL),
(56, 1, 6, 1153, 1140, 14.000, 28.80, NULL, '73B6537160DA', '2025-12-15 11:05:47', NULL, 'paid', 'paid', 'Журко Александр Сергеевич', '3456789', NULL, NULL, NULL, NULL, '2025-12-27', 1, 1, 1, 'cash', 0, 0.00, '23456789twqq5', NULL, NULL, NULL),
(57, 1, 2, 948, 942, 15.000, 22.62, NULL, '7501B0159712', '2025-12-15 11:16:23', NULL, 'paid', 'cancelled', 'Журко Александр Сергеевич', 'у4к5е67', NULL, NULL, NULL, NULL, '0000-00-00', 0, 0, 0, 'cash', 0, 0.00, '', NULL, NULL, NULL),
(58, 1, 1, 826, 894, 13.000, 12.34, NULL, 'B43926FD550D', '2025-12-16 12:45:48', NULL, 'paid', 'paid', 'Журко Александр Сергеевич', 'Советская 37', NULL, NULL, NULL, NULL, '2025-12-18', 1, 1, 1, 'cash', 0, 0.00, 'Оставить у двери', NULL, NULL, NULL),
(59, 1, 3, 826, 1001, 13.000, 28.48, NULL, '6CAA1242137D', '2025-12-16 13:20:07', NULL, 'paid', 'delivered', 'Журко Александр Сергеевич', 'Советская 37 Пинск', NULL, NULL, NULL, NULL, '2025-12-17', 1, 1, 1, 'cash', 0, 0.00, 'Оставить у двери', 'Зенькович Илья Александрович', 'Кличев Ломоносова 12', NULL),
(60, 1, 6, 1140, 1128, 1.000, 14.55, NULL, 'AFE11FDCDA2E', '2025-12-16 15:39:52', NULL, 'paid', 'delivered', 'Журко Александр Сергеевич', 'ждзх', NULL, NULL, NULL, NULL, '0000-00-00', 0, 0, 0, 'cash', 0, 0.00, '', 'rgrgrgrg', 'долдж', 3),
(61, 1, 2, 906, 946, 15.000, 31.62, NULL, 'C92A94998D06', '2025-12-16 20:00:47', NULL, 'paid', 'delivered', 'Журко Александр Сергеевич', 'ывапенгшщ', NULL, NULL, NULL, NULL, '2025-12-18', 0, 1, 0, 'cash', 0, 0.00, '', 'Зенькович Илья Александрович', 'цукенгшщ', 3),
(62, 2, 1, 896, 875, 12.000, 13.98, NULL, '1162AF2F4D46', '2025-12-16 20:04:30', NULL, 'paid', 'delivered', 'Журко Александр Сергеевич', 'Советская 37', NULL, NULL, NULL, NULL, '2025-12-18', 1, 1, 1, 'cash', 0, 0.00, '', 'Зенькович Илья Александрович', 'Панковой 22', 3),
(63, 1, 6, 1128, 1111, 14.000, 28.54, NULL, 'A6AB6A58B48B', '2025-12-17 02:38:08', NULL, 'paid', 'paid', 'Журко Александр Сергеевич', 'rtyuiop;\'', NULL, NULL, NULL, NULL, '0000-00-00', 0, 1, 0, 'cash', 0, 0.00, '', 'fghjk', 'dfgtyuil', NULL),
(64, 2, 1, 821, 835, 14.000, 12.61, NULL, '412C69C64626', '2025-12-17 02:41:45', NULL, 'paid', 'delivered', '3456', 'ыукенг', NULL, NULL, NULL, NULL, '2025-12-26', 1, 1, 1, 'cash', 0, 0.00, 'йцукенгшлываоор', 'цукен', 'цукен', 3),
(65, 1, 1, 874, 861, 15.000, 14.75, NULL, '9DB246222880', '2025-12-17 04:19:38', NULL, 'paid', 'paid', 'Журко Александр Сергеевич', 'цукенгорп', NULL, NULL, NULL, NULL, '2025-12-20', 1, 1, 1, 'cash', 0, 0.00, '', 'Зенькович Илья Александрович', 'енгшщлорпавывапр', NULL);

-- --------------------------------------------------------

--
-- Структура таблицы `tracking_status_history`
--

CREATE TABLE `tracking_status_history` (
  `id` int(11) NOT NULL,
  `order_id` int(11) NOT NULL,
  `status` varchar(50) NOT NULL,
  `description` text DEFAULT NULL,
  `created_at` timestamp NOT NULL DEFAULT current_timestamp()
) ENGINE=InnoDB DEFAULT CHARSET=utf8mb4 COLLATE=utf8mb4_general_ci;

--
-- Дамп данных таблицы `tracking_status_history`
--

INSERT INTO `tracking_status_history` (`id`, `order_id`, `status`, `description`, `created_at`) VALUES
(1, 28, 'processed', 'Заказ оплачен и обработан', '2025-12-11 00:40:39'),
(2, 29, 'processed', 'Заказ оплачен и обработан', '2025-12-11 01:08:44'),
(3, 30, 'processed', 'Заказ оплачен и обработан', '2025-12-11 13:30:16'),
(4, 31, 'processed', 'Заказ оплачен и обработан', '2025-12-11 14:52:57'),
(5, 32, 'processed', 'Заказ оплачен и обработан', '2025-12-11 15:13:45'),
(6, 33, 'processed', 'Заказ оплачен и обработан', '2025-12-11 15:16:02'),
(7, 34, 'processed', 'Заказ оплачен и обработан', '2025-12-11 15:28:02'),
(8, 35, 'processed', 'Заказ оплачен и обработан', '2025-12-11 16:14:24'),
(9, 36, 'processed', 'Заказ оплачен и обработан', '2025-12-11 17:02:01'),
(10, 37, 'processed', 'Заказ оплачен и обработан', '2025-12-12 09:28:06'),
(11, 38, 'processed', 'Заказ оплачен и обработан', '2025-12-12 09:53:25'),
(12, 41, 'created', 'Заказ создан', '2025-12-12 11:02:38'),
(13, 42, 'created', 'Заказ создан', '2025-12-12 11:03:09'),
(14, 43, 'pending', 'Заказ создан, ожидает оплаты', '2025-12-12 11:09:23'),
(15, 43, 'paid', 'Заказ оплачен и обработан', '2025-12-12 11:09:39'),
(16, 44, 'pending', 'Заказ создан, ожидает оплаты', '2025-12-12 11:27:30'),
(17, 44, 'paid', 'Заказ оплачен и обработан', '2025-12-12 11:27:34'),
(18, 45, 'pending', 'Заказ создан, ожидает оплаты', '2025-12-12 11:43:33'),
(19, 45, 'paid', 'Заказ оплачен и обработан', '2025-12-12 11:43:35'),
(20, 46, 'pending', 'Заказ создан, ожидает оплаты', '2025-12-12 12:20:55'),
(21, 46, 'paid', 'Заказ оплачен и обработан', '2025-12-12 12:21:03'),
(22, 46, 'delayed', 'Статус изменен с \'paid\' на \'delayed\'', '2025-12-12 12:23:05'),
(23, 47, 'pending', 'Заказ создан, ожидает оплаты', '2025-12-12 15:13:21'),
(24, 47, 'paid', 'Заказ оплачен и обработан', '2025-12-12 15:13:24'),
(25, 47, 'sort_center', 'Статус изменен с \'paid\' на \'sort_center\'', '2025-12-12 16:29:23'),
(26, 47, 'delayed', 'Статус изменен с \'sort_center\' на \'delayed\'', '2025-12-12 16:53:44'),
(27, 47, 'cancelled', 'Статус изменен с \'delayed\' на \'cancelled\'', '2025-12-12 16:53:52'),
(28, 48, 'pending', 'Заказ создан, ожидает оплаты', '2025-12-12 16:54:45'),
(29, 48, 'paid', 'Заказ оплачен и обработан', '2025-12-12 16:54:48'),
(30, 49, 'pending', 'Заказ создан, ожидает оплаты', '2025-12-14 17:54:27'),
(31, 49, 'paid', 'Заказ оплачен и обработан', '2025-12-14 17:54:35'),
(32, 50, 'pending', 'Заказ создан, ожидает оплаты', '2025-12-14 18:03:13'),
(33, 50, 'paid', 'Заказ оплачен и обработан', '2025-12-14 18:03:16'),
(34, 51, 'pending', 'Заказ создан, ожидает оплаты', '2025-12-14 18:20:30'),
(35, 51, 'paid', 'Заказ оплачен и обработан', '2025-12-14 18:20:34'),
(36, 52, 'pending', 'Заказ создан, ожидает оплаты', '2025-12-14 18:28:06'),
(37, 52, 'paid', 'Заказ оплачен и обработан', '2025-12-14 18:28:21'),
(38, 53, 'pending', 'Заказ создан, ожидает оплаты', '2025-12-14 18:45:02'),
(39, 53, 'paid', 'Заказ оплачен и обработан', '2025-12-14 18:45:06'),
(40, 54, 'pending', 'Заказ создан, ожидает оплаты', '2025-12-14 18:53:15'),
(41, 54, 'paid', 'Заказ оплачен и обработан', '2025-12-14 18:53:18'),
(42, 55, 'pending', 'Заказ создан, ожидает оплаты', '2025-12-15 07:16:04'),
(43, 55, 'paid', 'Заказ оплачен и обработан', '2025-12-15 07:16:07'),
(44, 56, 'pending', 'Заказ создан, ожидает оплаты', '2025-12-15 08:05:47'),
(45, 56, 'paid', 'Заказ оплачен и обработан', '2025-12-15 08:05:54'),
(46, 57, 'pending', 'Заказ создан, ожидает оплаты', '2025-12-15 08:16:23'),
(47, 57, 'paid', 'Заказ оплачен и обработан', '2025-12-15 08:16:25'),
(48, 57, 'cancelled', 'Статус изменен с \'paid\' на \'cancelled\'', '2025-12-16 09:44:20'),
(49, 58, 'pending', 'Заказ создан, ожидает оплаты', '2025-12-16 09:45:49'),
(50, 58, 'paid', 'Заказ оплачен и обработан', '2025-12-16 09:46:21'),
(51, 59, 'pending', 'Заказ создан, ожидает оплаты', '2025-12-16 10:20:07'),
(52, 59, 'paid', 'Заказ оплачен и обработан', '2025-12-16 10:20:13'),
(53, 60, 'pending', 'Заказ создан, ожидает оплаты', '2025-12-16 12:39:52'),
(54, 60, 'paid', 'Заказ оплачен и обработан', '2025-12-16 12:39:56'),
(55, 60, 'out_for_delivery', 'Статус изменен с \'paid\' на \'out_for_delivery\'', '2025-12-16 16:25:21'),
(56, 60, 'created', 'Статус изменен с \'out_for_delivery\' на \'created\'. Причина: ппп', '2025-12-16 16:25:34'),
(57, 60, 'out_for_delivery', 'Заказ назначен курьеру', '2025-12-16 16:26:07'),
(58, 60, 'delivered', 'Статус изменен курьером Даниил с \'out_for_delivery\' на \'delivered\'', '2025-12-16 16:44:10'),
(59, 60, 'delivered', 'Статус изменен курьером Даниил с \'out_for_delivery\' на \'delivered\'', '2025-12-16 16:44:13'),
(60, 60, 'delivered', 'Статус изменен курьером Даниил с \'out_for_delivery\' на \'delivered\'', '2025-12-16 16:44:14'),
(61, 61, 'pending', 'Заказ создан, ожидает оплаты', '2025-12-16 17:00:47'),
(62, 61, 'paid', 'Заказ оплачен и обработан', '2025-12-16 17:00:50'),
(63, 61, 'out_for_delivery', 'Заказ назначен курьеру', '2025-12-16 17:01:14'),
(64, 62, 'pending', 'Заказ создан, ожидает оплаты', '2025-12-16 17:04:30'),
(65, 62, 'paid', 'Заказ оплачен и обработан', '2025-12-16 17:04:36'),
(66, 62, 'out_for_delivery', 'Заказ назначен курьеру', '2025-12-16 17:07:57'),
(67, 61, 'delivered', 'Статус изменен курьером Даниил с \'out_for_delivery\' на \'delivered\'', '2025-12-16 17:08:35'),
(68, 61, 'delivered', 'Статус изменен курьером Даниил с \'out_for_delivery\' на \'delivered\'', '2025-12-16 17:08:36'),
(69, 62, 'sort_center', 'Статус изменен курьером Даниил с \'out_for_delivery\' на \'sort_center\'', '2025-12-16 17:08:49'),
(70, 62, 'sort_center', 'Статус изменен курьером Даниил с \'out_for_delivery\' на \'sort_center\'', '2025-12-16 17:08:50'),
(71, 62, 'sort_center', 'Статус изменен курьером Даниил с \'out_for_delivery\' на \'sort_center\'', '2025-12-16 17:08:58'),
(72, 63, 'pending', 'Заказ создан, ожидает оплаты', '2025-12-16 23:38:08'),
(73, 63, 'paid', 'Заказ оплачен и обработан', '2025-12-16 23:38:29'),
(74, 64, 'pending', 'Заказ создан, ожидает оплаты', '2025-12-16 23:41:45'),
(75, 64, 'paid', 'Заказ оплачен и обработан', '2025-12-16 23:42:22'),
(76, 64, 'out_for_delivery', 'Заказ назначен курьеру', '2025-12-16 23:44:43'),
(77, 64, 'delivered', 'Статус изменен курьером Даниил с \'out_for_delivery\' на \'delivered\'', '2025-12-16 23:45:22'),
(78, 64, 'delivered', 'Статус изменен курьером Даниил с \'out_for_delivery\' на \'delivered\'', '2025-12-16 23:45:23'),
(79, 64, 'delivered', 'Статус изменен курьером Даниил с \'out_for_delivery\' на \'delivered\'', '2025-12-16 23:51:14'),
(80, 64, 'delivered', 'Статус изменен курьером Даниил с \'out_for_delivery\' на \'delivered\'', '2025-12-16 23:51:15'),
(81, 64, 'delivered', 'Статус изменен курьером Даниил с \'out_for_delivery\' на \'delivered\'', '2025-12-16 23:51:15'),
(82, 64, 'delivered', 'Статус изменен курьером Даниил с \'out_for_delivery\' на \'delivered\'', '2025-12-16 23:51:36'),
(83, 64, 'delivered', 'Статус изменен курьером Даниил с \'out_for_delivery\' на \'delivered\'', '2025-12-16 23:51:57'),
(84, 62, 'delivered', 'Статус изменен курьером Даниил с \'sort_center\' на \'delivered\'', '2025-12-17 00:40:38'),
(85, 62, 'delivered', 'Статус изменен курьером Даниил с \'sort_center\' на \'delivered\'', '2025-12-17 00:40:39'),
(86, 65, 'pending', 'Заказ создан, ожидает оплаты', '2025-12-17 01:19:38'),
(87, 65, 'paid', 'Заказ оплачен и обработан', '2025-12-17 01:20:20');

-- --------------------------------------------------------

--
-- Структура таблицы `users`
--

CREATE TABLE `users` (
  `id` int(11) NOT NULL,
  `login` varchar(50) NOT NULL,
  `password` varchar(255) NOT NULL,
  `name` varchar(100) DEFAULT NULL,
  `email` varchar(100) DEFAULT NULL,
  `phone` varchar(20) DEFAULT NULL,
  `role` enum('user','admin','courier') DEFAULT 'user',
  `created_at` datetime DEFAULT current_timestamp()
) ENGINE=InnoDB DEFAULT CHARSET=utf8mb4 COLLATE=utf8mb4_general_ci;

--
-- Дамп данных таблицы `users`
--

INSERT INTO `users` (`id`, `login`, `password`, `name`, `email`, `phone`, `role`, `created_at`) VALUES
(1, 'admin', 'admin', 'Администратор', NULL, NULL, 'admin', '2025-12-04 03:19:52'),
(2, 'Aliaksandr', '123456', 'Александр', 'szhurko005@gmail.com', NULL, 'user', '2025-12-04 03:41:51'),
(3, 'Курьер1', '123456', 'Даниил', 'kourier1@gmail.com', '+375 25 259 92 20', 'courier', '2025-12-16 15:37:59');

--
-- Индексы сохранённых таблиц
--

--
-- Индексы таблицы `calculated_routes`
--
ALTER TABLE `calculated_routes`
  ADD PRIMARY KEY (`id`),
  ADD UNIQUE KEY `unique_route` (`from_office_id`,`to_office_id`),
  ADD KEY `to_office_id` (`to_office_id`);

--
-- Индексы таблицы `carriers`
--
ALTER TABLE `carriers`
  ADD PRIMARY KEY (`id`);

--
-- Индексы таблицы `courier_stats`
--
ALTER TABLE `courier_stats`
  ADD PRIMARY KEY (`id`),
  ADD UNIQUE KEY `courier_date` (`courier_id`,`date`);

--
-- Индексы таблицы `offices`
--
ALTER TABLE `offices`
  ADD PRIMARY KEY (`id`),
  ADD KEY `carrier_id` (`carrier_id`);

--
-- Индексы таблицы `orders`
--
ALTER TABLE `orders`
  ADD PRIMARY KEY (`id`),
  ADD UNIQUE KEY `track_number` (`track_number`),
  ADD KEY `user_id` (`user_id`),
  ADD KEY `carrier_id` (`carrier_id`),
  ADD KEY `from_office` (`from_office`),
  ADD KEY `to_office` (`to_office`),
  ADD KEY `courier_id` (`courier_id`);

--
-- Индексы таблицы `tracking_status_history`
--
ALTER TABLE `tracking_status_history`
  ADD PRIMARY KEY (`id`),
  ADD KEY `order_id` (`order_id`);

--
-- Индексы таблицы `users`
--
ALTER TABLE `users`
  ADD PRIMARY KEY (`id`),
  ADD UNIQUE KEY `login` (`login`);

--
-- AUTO_INCREMENT для сохранённых таблиц
--

--
-- AUTO_INCREMENT для таблицы `calculated_routes`
--
ALTER TABLE `calculated_routes`
  MODIFY `id` int(11) NOT NULL AUTO_INCREMENT, AUTO_INCREMENT=26;

--
-- AUTO_INCREMENT для таблицы `carriers`
--
ALTER TABLE `carriers`
  MODIFY `id` int(11) NOT NULL AUTO_INCREMENT, AUTO_INCREMENT=18;

--
-- AUTO_INCREMENT для таблицы `courier_stats`
--
ALTER TABLE `courier_stats`
  MODIFY `id` int(11) NOT NULL AUTO_INCREMENT;

--
-- AUTO_INCREMENT для таблицы `offices`
--
ALTER TABLE `offices`
  MODIFY `id` int(11) NOT NULL AUTO_INCREMENT, AUTO_INCREMENT=1156;

--
-- AUTO_INCREMENT для таблицы `orders`
--
ALTER TABLE `orders`
  MODIFY `id` int(11) NOT NULL AUTO_INCREMENT, AUTO_INCREMENT=66;

--
-- AUTO_INCREMENT для таблицы `tracking_status_history`
--
ALTER TABLE `tracking_status_history`
  MODIFY `id` int(11) NOT NULL AUTO_INCREMENT, AUTO_INCREMENT=88;

--
-- AUTO_INCREMENT для таблицы `users`
--
ALTER TABLE `users`
  MODIFY `id` int(11) NOT NULL AUTO_INCREMENT, AUTO_INCREMENT=4;

--
-- Ограничения внешнего ключа сохраненных таблиц
--

--
-- Ограничения внешнего ключа таблицы `calculated_routes`
--
ALTER TABLE `calculated_routes`
  ADD CONSTRAINT `calculated_routes_ibfk_1` FOREIGN KEY (`from_office_id`) REFERENCES `offices` (`id`) ON DELETE CASCADE,
  ADD CONSTRAINT `calculated_routes_ibfk_2` FOREIGN KEY (`to_office_id`) REFERENCES `offices` (`id`) ON DELETE CASCADE;

--
-- Ограничения внешнего ключа таблицы `courier_stats`
--
ALTER TABLE `courier_stats`
  ADD CONSTRAINT `courier_stats_ibfk_1` FOREIGN KEY (`courier_id`) REFERENCES `users` (`id`) ON DELETE CASCADE;

--
-- Ограничения внешнего ключа таблицы `offices`
--
ALTER TABLE `offices`
  ADD CONSTRAINT `offices_ibfk_1` FOREIGN KEY (`carrier_id`) REFERENCES `carriers` (`id`) ON DELETE CASCADE;

--
-- Ограничения внешнего ключа таблицы `orders`
--
ALTER TABLE `orders`
  ADD CONSTRAINT `orders_ibfk_1` FOREIGN KEY (`user_id`) REFERENCES `users` (`id`) ON DELETE SET NULL,
  ADD CONSTRAINT `orders_ibfk_2` FOREIGN KEY (`carrier_id`) REFERENCES `carriers` (`id`) ON DELETE SET NULL,
  ADD CONSTRAINT `orders_ibfk_3` FOREIGN KEY (`from_office`) REFERENCES `offices` (`id`) ON DELETE SET NULL,
  ADD CONSTRAINT `orders_ibfk_4` FOREIGN KEY (`to_office`) REFERENCES `offices` (`id`) ON DELETE SET NULL,
  ADD CONSTRAINT `orders_ibfk_5` FOREIGN KEY (`courier_id`) REFERENCES `users` (`id`) ON DELETE SET NULL;

--
-- Ограничения внешнего ключа таблицы `tracking_status_history`
--
ALTER TABLE `tracking_status_history`
  ADD CONSTRAINT `tracking_status_history_ibfk_1` FOREIGN KEY (`order_id`) REFERENCES `orders` (`id`) ON DELETE CASCADE;
COMMIT;

/*!40101 SET CHARACTER_SET_CLIENT=@OLD_CHARACTER_SET_CLIENT */;
/*!40101 SET CHARACTER_SET_RESULTS=@OLD_CHARACTER_SET_RESULTS */;
/*!40101 SET COLLATION_CONNECTION=@OLD_COLLATION_CONNECTION */;
