-- phpMyAdmin SQL Dump
-- version 5.2.1
-- https://www.phpmyadmin.net/
--
-- Хост: 127.0.0.1
-- Время создания: Дек 13 2025 г., 14:43
-- Версия сервера: 10.4.32-MariaDB
-- Версия PHP: 8.2.12

SET SQL_MODE = "NO_AUTO_VALUE_ON_ZERO";
START TRANSACTION;
SET time_zone = "+00:00";


/*!40101 SET @OLD_CHARACTER_SET_CLIENT=@@CHARACTER_SET_CLIENT */;
/*!40101 SET @OLD_CHARACTER_SET_RESULTS=@@CHARACTER_SET_RESULTS */;
/*!40101 SET @OLD_COLLATION_CONNECTION=@@COLLATION_CONNECTION */;
/*!40101 SET NAMES utf8mb4 */;

--
-- База данных: `delivery_by`
--

-- --------------------------------------------------------

--
-- Структура таблицы `calculated_routes`
--

CREATE TABLE `calculated_routes` (
  `id` int(11) NOT NULL,
  `from_office_id` int(11) NOT NULL,
  `to_office_id` int(11) NOT NULL,
  `distance_km` decimal(8,2) NOT NULL,
  `duration_min` int(11) NOT NULL,
  `route_data` text DEFAULT NULL,
  `created_at` timestamp NOT NULL DEFAULT current_timestamp()
) ENGINE=InnoDB DEFAULT CHARSET=utf8mb4 COLLATE=utf8mb4_general_ci;

-- --------------------------------------------------------

--
-- Структура таблицы `carriers`
--

CREATE TABLE `carriers` (
  `id` int(11) NOT NULL,
  `name` varchar(100) NOT NULL,
  `color` varchar(7) NOT NULL,
  `max_weight` decimal(6,2) NOT NULL,
  `base_cost` decimal(8,2) NOT NULL,
  `cost_per_kg` decimal(8,3) NOT NULL,
  `cost_per_km` decimal(8,4) NOT NULL,
  `speed_kmh` decimal(6,2) NOT NULL,
  `description` text DEFAULT NULL
) ENGINE=InnoDB DEFAULT CHARSET=utf8mb4 COLLATE=utf8mb4_general_ci;

--
-- Дамп данных таблицы `carriers`
--

INSERT INTO `carriers` (`id`, `name`, `color`, `max_weight`, `base_cost`, `cost_per_kg`, `cost_per_km`, `speed_kmh`, `description`) VALUES
(1, 'Белпочта', '#d32f2f', 30.00, 4.50, 0.250, 0.0080, 60.00, 'Государственная почта'),
(2, 'DPD', '#0066cc', 30.00, 9.00, 0.800, 0.0180, 95.00, 'Международная доставка'),
(3, 'СДЭК (CDEK)', '#ff9800', 20.00, 8.50, 0.700, 0.0200, 90.00, 'Курьерская служба'),
(4, 'Европочта', '#4caf50', 25.00, 6.50, 0.500, 0.0120, 80.00, 'Пункты выдачи'),
(5, 'Boxberry', '#9c27b0', 15.00, 8.00, 0.900, 0.0220, 85.00, 'Пункты выдачи'),
(6, 'Autolight Express', '#e91e63', 30.00, 9.50, 0.750, 0.0190, 92.00, 'Быстрая доставка');

-- --------------------------------------------------------

--
-- Структура таблицы `offices`
--

CREATE TABLE `offices` (
  `id` int(11) NOT NULL,
  `carrier_id` int(11) DEFAULT NULL,
  `city` varchar(100) NOT NULL,
  `address` varchar(255) NOT NULL,
  `lat` decimal(10,8) DEFAULT NULL,
  `lng` decimal(11,8) DEFAULT NULL
) ENGINE=InnoDB DEFAULT CHARSET=utf8mb4 COLLATE=utf8mb4_general_ci;

--
-- Дамп данных таблицы `offices`
--

INSERT INTO `offices` (`id`, `carrier_id`, `city`, `address`, `lat`, `lng`) VALUES
(82, 1, 'Минск', 'пр-т Независимости, 10', 53.90413300, 27.55754100),
(83, 1, 'Минск', 'ул. Карвата, 84', 53.79957600, 27.43338600),
(84, 1, 'Минск', 'ул. Калиновского, 17', 53.88692900, 27.54876900),
(85, 1, 'Минск', 'ул. Притыцкого, 59', 53.79888900, 27.52416700),
(86, 1, 'Минск', 'ул. В. Хоружей, 1а', 53.84959000, 27.56936000),
(87, 1, 'Минск', 'ул. Якуба Коласа, 35', 53.83444400, 27.53222200),
(88, 1, 'Минск', 'ул. Купревича, 1', 53.83694400, 27.50444400),
(89, 1, 'Минск', 'ул. Одинцова, 55', 53.87194400, 27.49500000),
(90, 1, 'Минск', 'ул. Берута, 14', 53.91805600, 27.58611100),
(91, 1, 'Минск', 'ул. Мясникова, 32', 53.82694400, 27.46805600),
(92, 1, 'Минск', 'ул. Кирова, 8', 53.88833300, 27.54111100),
(93, 1, 'Минск', 'ул. Матусевича, 72', 53.78305600, 27.46388900),
(94, 1, 'Минск', 'ул. Сурганова, 43', 53.85500000, 27.52555600),
(95, 1, 'Минск', 'ул. Володарского, 1', 53.86166700, 27.51444400),
(96, 1, 'Минск', 'ул. Янки Купалы, 1', 53.89833300, 27.53611100),
(97, 1, 'Минск', 'ул. Тимирязева, 125', 53.87638900, 27.48250000),
(98, 1, 'Минск', 'ул. Селицкого, 20', 53.78916700, 27.54166700),
(99, 1, 'Минск', 'ул. Немига, 5', 53.90305600, 27.55944400),
(100, 1, 'Минск', 'ул. Кальварийская, 24', 53.89638900, 27.56805600),
(101, 1, 'Минск', 'ул. В. Хоружей, 1/2', 53.84959000, 27.56936000),
(102, 1, 'Гомель', 'ул. Советская, 21', 52.44111100, 30.98777800),
(103, 1, 'Гомель', 'ул. Гагарина, 16', 52.45000000, 30.97000000),
(104, 1, 'Гомель', 'ул. Кирова, 8', 52.44277800, 30.98555600),
(105, 1, 'Гомель', 'ул. Чапаева, 3', 52.44611100, 30.97666700),
(106, 1, 'Гомель', 'ул. Машерова, 22', 52.44888900, 30.98111100),
(107, 1, 'Брест', 'ул. Советская, 46', 52.09722200, 23.72777800),
(108, 1, 'Брест', 'ул. Гоголя, 15', 52.09500000, 23.73000000),
(109, 1, 'Брест', 'ул. Московская, 202', 52.09000000, 23.69500000),
(110, 1, 'Брест', 'ул. Октябрьской революции, 2', 52.08805600, 23.70277800),
(111, 1, 'Брест', 'ул. Махновича, 4', 52.09277800, 23.72000000),
(112, 1, 'Гродно', 'ул. Ожешко, 1', 53.66916700, 23.82111100),
(113, 1, 'Гродно', 'ул. Горького, 50', 53.66805600, 23.81500000),
(114, 1, 'Гродно', 'ул. Козлова, 2', 53.67111100, 23.82500000),
(115, 1, 'Гродно', 'ул. Социалистическая, 2', 53.66972200, 23.82000000),
(116, 1, 'Гродно', 'ул. Врублевского, 10', 53.66500000, 23.80500000),
(117, 1, 'Витебск', 'ул. Ленина, 20', 55.19000000, 30.20500000),
(118, 1, 'Витебск', 'ул. Карла Маркса, 1', 55.18805600, 30.20805600),
(119, 1, 'Витебск', 'ул. Победы, 23', 55.19200000, 30.20000000),
(120, 1, 'Витебск', 'ул. Луначарского, 8', 55.18500000, 30.21000000),
(121, 1, 'Витебск', 'ул. Замковая, 1', 55.18200000, 30.21500000),
(122, 1, 'Могилёв', 'ул. Первомайская, 42', 53.90416700, 30.33500000),
(123, 1, 'Могилёв', 'ул. Ленинская, 4', 53.90800000, 30.33000000),
(124, 1, 'Могилёв', 'ул. Космонавтов, 20', 53.90000000, 30.34000000),
(125, 1, 'Могилёв', 'ул. Ботаническая, 2', 53.90200000, 30.32000000),
(126, 1, 'Борисов', 'ул. 3 Интернационала, 15', 54.22500000, 28.48000000),
(127, 1, 'Барановичи', 'ул. Советская, 89', 53.12500000, 26.02000000),
(128, 1, 'Бобруйск', 'ул. Советская, 95', 53.13500000, 29.23000000),
(129, 1, 'Мозырь', 'ул. Ленинская, 10', 52.32000000, 29.28000000),
(130, 1, 'Солигорск', 'пр-т Мира, 15', 53.52000000, 27.55000000),
(131, 1, 'Пинск', 'ул. Гагарина, 22', 52.11000000, 26.07000000),
(132, 1, 'Лида', 'ул. Советская, 33', 53.88500000, 25.30000000),
(133, 1, 'Слоним', 'ул. Октябрьская, 8', 53.09000000, 25.93000000),
(134, 1, 'Новополоцк', 'ул. Карвата, 5', 55.58000000, 28.61000000),
(135, 1, 'Орша', 'ул. Интернациональная, 45', 54.51000000, 30.41000000),
(136, 1, 'Молодечно', 'ул. Советская, 67', 54.30000000, 27.57000000),
(137, 1, 'Слуцк', 'ул. Ленина, 18', 53.05000000, 27.55000000),
(138, 1, 'Дзержинск', 'ул. Победы, 25', 53.65000000, 27.19000000),
(139, 1, 'Марьина Горка', 'ул. Советская, 5', 53.78000000, 27.42000000),
(140, 1, 'Столбцы', 'ул. Советская, 15', 53.53000000, 27.08000000),
(141, 1, 'Кобрин', 'ул. Ленина, 48', 52.22000000, 24.10000000),
(142, 1, 'Иваново', 'ул. Советская, 30', 52.08000000, 25.95000000),
(143, 1, 'Каменец', 'ул. Ленина, 10', 52.68000000, 24.10000000),
(144, 1, 'Старые Дороги', 'ул. Советская, 8', 53.63000000, 28.45000000),
(145, 1, 'Климовичи', 'ул. Ленина, 5', 53.28000000, 32.20000000),
(146, 1, 'Речица', 'ул. Советская, 15', 52.13000000, 30.38000000),
(147, 1, 'Светлогорск', 'ул. Мира, 30', 52.59000000, 30.09000000),
(148, 1, 'Рогачёв', 'ул. Ленина, 25', 52.05000000, 30.80000000),
(149, 1, 'Жлобин', 'ул. Советская, 85', 52.30000000, 30.95000000),
(150, 1, 'Калинковичи', 'ул. Ленина, 20', 52.08000000, 29.28000000),
(151, 1, 'Корма', 'ул. Советская, 10', 53.22000000, 31.75000000),
(152, 1, 'Чаусы', 'ул. Ленина, 10', 53.75000000, 31.50000000),
(153, 1, 'Быхов', 'ул. Ленина, 15', 53.58000000, 31.35000000),
(154, 1, 'Кричев', 'ул. Ленина, 25', 53.70000000, 31.70000000),
(155, 1, 'Глуск', 'ул. Советская, 10', 53.60000000, 31.00000000),
(156, 1, 'Круглое', 'ул. Ленина, 15', 53.45000000, 30.50000000),
(157, 1, 'Кличев', 'ул. Советская, 5', 53.35000000, 31.40000000),
(158, 1, 'Чериков', 'ул. Ленина, 10', 53.20000000, 31.90000000),
(159, 1, 'Белыничи', 'ул. Советская, 15', 53.40000000, 31.05000000),
(160, 1, 'Кировск', 'ул. Ленина, 10', 53.80000000, 30.95000000),
(161, 1, 'Шклов', 'ул. Советская, 20', 53.50000000, 30.80000000),
(162, 1, 'Костюковичи', 'ул. Ленина, 10', 53.55000000, 30.40000000),
(163, 1, 'Горки', 'ул. Советская, 15', 53.75000000, 30.60000000),
(164, 1, 'Осиповичи', 'ул. Советская, 10', 53.85000000, 30.45000000),
(165, 1, 'Бобруйск-2', 'ул. Гагарина, 50', 53.15000000, 29.25000000),
(166, 1, 'Быхов-2', 'ул. Мира, 25', 53.60000000, 31.30000000),
(167, 1, 'Глуск-2', 'ул. Победы, 15', 53.62000000, 31.02000000),
(168, 1, 'Дрибин', 'ул. Ленина, 10', 53.65000000, 31.20000000),
(169, 1, 'Климовичи-2', 'ул. Победы, 20', 53.30000000, 32.22000000),
(170, 1, 'Краснополье', 'ул. Советская, 15', 53.70000000, 32.00000000),
(171, 1, 'Круглое-2', 'ул. Мира, 10', 53.47000000, 30.52000000),
(172, 1, 'Кличев-2', 'ул. Победы, 15', 53.37000000, 31.42000000),
(173, 1, 'Кричев-2', 'ул. Мира, 20', 53.72000000, 31.72000000),
(174, 1, 'Корма-2', 'ул. Мира, 12', 53.24000000, 31.77000000),
(175, 1, 'Мстиславль', 'ул. Советская, 20', 53.38000000, 31.58000000),
(176, 1, 'Чаусы-2', 'ул. Мира, 15', 53.77000000, 31.52000000),
(177, 1, 'Чериков-2', 'ул. Мира, 12', 53.22000000, 31.92000000),
(178, 1, 'Шумилино', 'ул. Ленина, 10', 55.40000000, 28.90000000),
(179, 1, 'Поставы', 'ул. Советская, 15', 55.12000000, 28.58000000),
(180, 1, 'Сенно', 'ул. Ленина, 15', 54.95000000, 28.85000000),
(181, 1, 'Толочин', 'ул. Советская, 10', 54.85000000, 28.40000000),
(182, 1, 'Ушачи', 'ул. Советская, 5', 55.25000000, 28.25000000),
(183, 1, 'Чашники', 'ул. Ленина, 10', 55.05000000, 28.20000000),
(184, 1, 'Шарковщина', 'ул. Советская, 10', 54.80000000, 28.00000000),
(185, 1, 'Лепель', 'ул. Ленина, 15', 55.20000000, 28.60000000),
(186, 1, 'Браслав', 'ул. Советская, 15', 55.30000000, 27.95000000),
(187, 1, 'Верхнедвинск', 'ул. Ленина, 10', 55.45000000, 28.25000000),
(188, 1, 'Городок', 'ул. Советская, 10', 53.60000000, 26.15000000),
(189, 1, 'Дятлово', 'ул. Ленина, 15', 53.45000000, 25.70000000),
(190, 1, 'Зельва', 'ул. Советская, 5', 53.35000000, 25.50000000),
(191, 1, 'Ивье', 'ул. Ленина, 10', 53.55000000, 26.60000000),
(192, 1, 'Кореличи', 'ул. Советская, 15', 53.40000000, 26.25000000),
(193, 1, 'Мосты', 'ул. Советская, 20', 53.50000000, 26.00000000),
(194, 1, 'Новогрудок', 'ул. Ленина, 25', 53.63000000, 25.80000000),
(195, 1, 'Островец', 'ул. Советская, 10', 53.75000000, 25.60000000),
(196, 1, 'Ошмяны', 'ул. Ленина, 15', 53.70000000, 25.40000000),
(197, 1, 'Свислочь', 'ул. Советская, 10', 53.30000000, 25.30000000),
(198, 1, 'Скидель', 'ул. Советская, 15', 53.58000000, 25.65000000),
(199, 1, 'Волковыск', 'ул. Советская, 25', 53.67000000, 24.45000000),
(200, 1, 'Гродно-2', 'ул. Берестовицкая, 10', 53.65000000, 23.75000000),
(201, 1, 'Дятлово-2', 'ул. Мира, 20', 53.47000000, 25.72000000),
(202, 1, 'Зельва-2', 'ул. Мира, 12', 53.37000000, 25.52000000),
(203, 2, 'Минск', 'ул. Притыцкого, 29', 53.80111100, 27.52111100),
(204, 2, 'Минск', 'ул. Немига, 5', 53.90305600, 27.55944400),
(205, 2, 'Минск', 'ТЦ Dana Mall', 53.79444400, 27.52777800),
(206, 2, 'Минск', 'ул. Карвата, 84', 53.79957600, 27.43338600),
(207, 2, 'Минск', 'ул. Калиновского, 17', 53.88692900, 27.54876900),
(208, 2, 'Минск', 'ул. Якуба Коласа, 35', 53.83444400, 27.53222200),
(209, 2, 'Минск', 'ул. Купревича, 1', 53.83694400, 27.50444400),
(210, 2, 'Минск', 'ул. Одинцова, 55', 53.87194400, 27.49500000),
(211, 2, 'Минск', 'ул. Берута, 14', 53.91805600, 27.58611100),
(212, 2, 'Минск', 'ул. Мясникова, 32', 53.82694400, 27.46805600),
(213, 2, 'Минск', 'ул. Кирова, 8', 53.88833300, 27.54111100),
(214, 2, 'Минск', 'ул. Матусевича, 72', 53.78305600, 27.46388900),
(215, 2, 'Минск', 'ул. Сурганова, 43', 53.85500000, 27.52555600),
(216, 2, 'Минск', 'ул. Володарского, 1', 53.86166700, 27.51444400),
(217, 2, 'Минск', 'ул. Янки Купалы, 1', 53.89833300, 27.53611100),
(218, 2, 'Минск', 'ул. Тимирязева, 125', 53.87638900, 27.48250000),
(219, 2, 'Минск', 'ул. Селицкого, 20', 53.78916700, 27.54166700),
(220, 2, 'Минск', 'ул. Кальварийская, 24', 53.89638900, 27.56805600),
(221, 2, 'Минск', 'ул. В. Хоружей, 1/2', 53.84959000, 27.56936000),
(222, 2, 'Минск', 'ул. В. Хоружей, 1а', 53.84959000, 27.56936000),
(223, 2, 'Гомель', 'пр-т Ленина, 10', 52.44000000, 30.98000000),
(224, 2, 'Гомель', 'ул. Гагарина, 30', 52.45000000, 30.97000000),
(225, 2, 'Гомель', 'ул. Кирова, 15', 52.44277800, 30.98555600),
(226, 2, 'Гомель', 'ул. Чапаева, 25', 52.44611100, 30.97666700),
(227, 2, 'Гомель', 'ул. Машерова, 35', 52.44888900, 30.98111100),
(228, 2, 'Брест', 'ул. Гоголя, 15', 52.09500000, 23.73000000),
(229, 2, 'Брест', 'ул. Московская, 202', 52.09000000, 23.69500000),
(230, 2, 'Брест', 'ул. Октябрьской революции, 2', 52.08805600, 23.70277800),
(231, 2, 'Брест', 'ул. Махновича, 4', 52.09277800, 23.72000000),
(232, 2, 'Брест', 'ул. Советская, 46', 52.09722200, 23.72777800),
(233, 2, 'Гродно', 'ул. Горького, 50', 53.66805600, 23.81500000),
(234, 2, 'Гродно', 'ул. Козлова, 2', 53.67111100, 23.82500000),
(235, 2, 'Гродно', 'ул. Социалистическая, 2', 53.66972200, 23.82000000),
(236, 2, 'Гродно', 'ул. Врублевского, 10', 53.66500000, 23.80500000),
(237, 2, 'Гродно', 'ул. Ожешко, 1', 53.66916700, 23.82111100),
(238, 2, 'Витебск', 'ул. Карла Маркса, 1', 55.18805600, 30.20805600),
(239, 2, 'Витебск', 'ул. Победы, 23', 55.19200000, 30.20000000),
(240, 2, 'Витебск', 'ул. Луначарского, 8', 55.18500000, 30.21000000),
(241, 2, 'Витебск', 'ул. Замковая, 1', 55.18200000, 30.21500000),
(242, 2, 'Витебск', 'ул. Ленина, 20', 55.19000000, 30.20500000),
(243, 2, 'Могилёв', 'ул. Ленинская, 4', 53.90800000, 30.33000000),
(244, 2, 'Могилёв', 'ул. Космонавтов, 20', 53.90000000, 30.34000000),
(245, 2, 'Могилёв', 'ул. Ботаническая, 2', 53.90200000, 30.32000000),
(246, 2, 'Могилёв', 'ул. Первомайская, 42', 53.90416700, 30.33500000),
(247, 2, 'Борисов', 'ул. 3 Интернационала, 15', 54.22500000, 28.48000000),
(248, 2, 'Барановичи', 'ул. Советская, 89', 53.12500000, 26.02000000),
(249, 2, 'Бобруйск', 'ул. Советская, 95', 53.13500000, 29.23000000),
(250, 2, 'Мозырь', 'ул. Гагарина, 30', 52.32500000, 29.28500000),
(251, 2, 'Солигорск', 'пр-т Независимости, 56', 53.53000000, 27.56000000),
(252, 2, 'Пинск', 'ул. Космонавтов, 12', 52.11500000, 26.07500000),
(253, 2, 'Лида', 'ул. Октябрьская, 45', 53.89000000, 25.30500000),
(254, 2, 'Слоним', 'ул. Октябрьская, 8', 53.09000000, 25.93000000),
(255, 2, 'Новополоцк', 'ул. Мира, 78', 55.58500000, 28.61500000),
(256, 2, 'Орша', 'ул. Ленинская, 34', 54.51500000, 30.41500000),
(257, 2, 'Молодечно', 'ул. Центральная, 19', 54.30500000, 27.57500000),
(258, 2, 'Слуцк', 'ул. Ленина, 18', 53.05000000, 27.55000000),
(259, 2, 'Дзержинск', 'ул. Победы, 25', 53.65000000, 27.19000000),
(260, 2, 'Марьина Горка', 'ул. Советская, 5', 53.78000000, 27.42000000),
(261, 2, 'Столбцы', 'ул. Советская, 15', 53.53000000, 27.08000000),
(262, 2, 'Кобрин', 'ул. Ленина, 48', 52.22000000, 24.10000000),
(263, 2, 'Иваново', 'ул. Советская, 30', 52.08000000, 25.95000000),
(264, 2, 'Каменец', 'ул. Ленина, 10', 52.68000000, 24.10000000),
(265, 2, 'Старые Дороги', 'ул. Советская, 8', 53.63000000, 28.45000000),
(266, 2, 'Климовичи', 'ул. Ленина, 5', 53.28000000, 32.20000000),
(267, 2, 'Речица', 'ул. Советская, 15', 52.13000000, 30.38000000),
(268, 2, 'Светлогорск', 'ул. Мира, 30', 52.59000000, 30.09000000),
(269, 2, 'Рогачёв', 'ул. Ленина, 25', 52.05000000, 30.80000000),
(270, 2, 'Жлобин', 'ул. Советская, 85', 52.30000000, 30.95000000),
(271, 2, 'Калинковичи', 'ул. Ленина, 20', 52.08000000, 29.28000000),
(272, 2, 'Корма', 'ул. Советская, 10', 53.22000000, 31.75000000),
(273, 2, 'Чаусы', 'ул. Ленина, 10', 53.75000000, 31.50000000),
(274, 2, 'Быхов', 'ул. Ленина, 15', 53.58000000, 31.35000000),
(275, 2, 'Кричев', 'ул. Ленина, 25', 53.70000000, 31.70000000),
(276, 2, 'Глуск', 'ул. Советская, 10', 53.60000000, 31.00000000),
(277, 2, 'Круглое', 'ул. Ленина, 15', 53.45000000, 30.50000000),
(278, 2, 'Кличев', 'ул. Советская, 5', 53.35000000, 31.40000000),
(279, 2, 'Чериков', 'ул. Ленина, 10', 53.20000000, 31.90000000),
(280, 2, 'Белыничи', 'ул. Советская, 15', 53.40000000, 31.05000000),
(281, 2, 'Кировск', 'ул. Ленина, 10', 53.80000000, 30.95000000),
(282, 2, 'Шклов', 'ул. Советская, 20', 53.50000000, 30.80000000),
(283, 2, 'Костюковичи', 'ул. Ленина, 10', 53.55000000, 30.40000000),
(284, 2, 'Горки', 'ул. Советская, 15', 53.75000000, 30.60000000),
(285, 2, 'Осиповичи', 'ул. Советская, 10', 53.85000000, 30.45000000),
(286, 2, 'Бобруйск-2', 'ул. Гагарина, 50', 53.15000000, 29.25000000),
(287, 2, 'Быхов-2', 'ул. Мира, 25', 53.60000000, 31.30000000),
(288, 2, 'Глуск-2', 'ул. Победы, 15', 53.62000000, 31.02000000),
(289, 2, 'Дрибин', 'ул. Ленина, 10', 53.65000000, 31.20000000),
(290, 2, 'Климовичи-2', 'ул. Победы, 20', 53.30000000, 32.22000000),
(291, 2, 'Краснополье', 'ул. Советская, 20', 53.70000000, 32.00000000),
(292, 2, 'Круглое-2', 'ул. Мира, 10', 53.47000000, 30.52000000),
(293, 2, 'Кличев-2', 'ул. Победы, 15', 53.37000000, 31.42000000),
(294, 2, 'Кричев-2', 'ул. Мира, 20', 53.72000000, 31.72000000),
(295, 2, 'Корма-2', 'ул. Мира, 12', 53.24000000, 31.77000000),
(296, 2, 'Мстиславль', 'ул. Советская, 20', 53.38000000, 31.58000000),
(297, 2, 'Чаусы-2', 'ул. Мира, 15', 53.77000000, 31.52000000),
(298, 2, 'Чериков-2', 'ул. Мира, 12', 53.22000000, 31.92000000),
(299, 2, 'Шумилино', 'ул. Ленина, 10', 55.40000000, 28.90000000),
(300, 2, 'Поставы', 'ул. Советская, 15', 55.12000000, 28.58000000),
(301, 2, 'Сенно', 'ул. Ленина, 15', 54.95000000, 28.85000000),
(302, 2, 'Толочин', 'ул. Советская, 10', 54.85000000, 28.40000000),
(303, 2, 'Ушачи', 'ул. Советская, 5', 55.25000000, 28.25000000),
(304, 2, 'Чашники', 'ул. Ленина, 10', 55.05000000, 28.20000000),
(305, 2, 'Шарковщина', 'ул. Советская, 10', 54.80000000, 28.00000000),
(306, 2, 'Лепель', 'ул. Ленина, 15', 55.20000000, 28.60000000),
(307, 2, 'Браслав', 'ул. Советская, 15', 55.30000000, 27.95000000),
(308, 2, 'Верхнедвинск', 'ул. Ленина, 10', 55.45000000, 28.25000000),
(309, 2, 'Городок', 'ул. Советская, 10', 53.60000000, 26.15000000),
(310, 2, 'Дятлово', 'ул. Ленина, 15', 53.45000000, 25.70000000),
(311, 2, 'Зельва', 'ул. Советская, 5', 53.35000000, 25.50000000),
(312, 2, 'Ивье', 'ул. Ленина, 10', 53.55000000, 26.60000000),
(313, 2, 'Кореличи', 'ул. Советская, 15', 53.40000000, 26.25000000),
(314, 2, 'Мосты', 'ул. Советская, 20', 53.50000000, 26.00000000),
(315, 2, 'Новогрудок', 'ул. Ленина, 25', 53.63000000, 25.80000000),
(316, 2, 'Островец', 'ул. Советская, 10', 53.75000000, 25.60000000),
(317, 2, 'Ошмяны', 'ул. Ленина, 15', 53.70000000, 25.40000000),
(318, 2, 'Свислочь', 'ул. Советская, 10', 53.30000000, 25.30000000),
(319, 2, 'Скидель', 'ул. Советская, 15', 53.58000000, 25.65000000),
(320, 2, 'Волковыск', 'ул. Советская, 25', 53.67000000, 24.45000000),
(321, 2, 'Гродно-2', 'ул. Берестовицкая, 10', 53.65000000, 23.75000000),
(322, 2, 'Дятлово-2', 'ул. Мира, 20', 53.47000000, 25.72000000),
(323, 2, 'Зельва-2', 'ул. Мира, 12', 53.37000000, 25.52000000),
(324, 3, 'Минск', 'ТЦ Столица', 53.90416700, 27.55750000),
(325, 3, 'Минск', 'ТЦ Galleria', 53.88805600, 27.54138900),
(326, 3, 'Минск', 'ул. Карвата, 84', 53.79957600, 27.43338600),
(327, 3, 'Минск', 'ул. Калиновского, 17', 53.88692900, 27.54876900),
(328, 3, 'Минск', 'ул. Якуба Коласа, 35', 53.83444400, 27.53222200),
(329, 3, 'Минск', 'ул. Купревича, 1', 53.83694400, 27.50444400),
(330, 3, 'Минск', 'ул. Одинцова, 55', 53.87194400, 27.49500000),
(331, 3, 'Минск', 'ул. Берута, 14', 53.91805600, 27.58611100),
(332, 3, 'Минск', 'ул. Мясникова, 32', 53.82694400, 27.46805600),
(333, 3, 'Минск', 'ул. Кирова, 8', 53.88833300, 27.54111100),
(334, 3, 'Минск', 'ул. Матусевича, 72', 53.78305600, 27.46388900),
(335, 3, 'Минск', 'ул. Сурганова, 43', 53.85500000, 27.52555600),
(336, 3, 'Минск', 'ул. Володарского, 1', 53.86166700, 27.51444400),
(337, 3, 'Минск', 'ул. Янки Купалы, 1', 53.89833300, 27.53611100),
(338, 3, 'Минск', 'ул. Тимирязева, 125', 53.87638900, 27.48250000),
(339, 3, 'Минск', 'ул. Селицкого, 20', 53.78916700, 27.54166700),
(340, 3, 'Минск', 'ул. Немига, 5', 53.90305600, 27.55944400),
(341, 3, 'Минск', 'ул. Кальварийская, 24', 53.89638900, 27.56805600),
(342, 3, 'Минск', 'ул. В. Хоружей, 1/2', 53.84959000, 27.56936000),
(343, 3, 'Минск', 'ул. В. Хоружей, 1а', 53.84959000, 27.56936000),
(344, 3, 'Гомель', 'ТЦ Секрет', 52.44500000, 30.98277800),
(345, 3, 'Гомель', 'ул. Гагарина, 30', 52.45000000, 30.97000000),
(346, 3, 'Гомель', 'ул. Кирова, 15', 52.44277800, 30.98555600),
(347, 3, 'Гомель', 'ул. Чапаева, 25', 52.44611100, 30.97666700),
(348, 3, 'Гомель', 'ул. Машерова, 35', 52.44888900, 30.98111100),
(349, 3, 'Брест', 'ТЦ Евроопт', 52.09500000, 23.73000000),
(350, 3, 'Брест', 'ул. Московская, 202', 52.09000000, 23.69500000),
(351, 3, 'Брест', 'ул. Октябрьской революции, 2', 52.08805600, 23.70277800),
(352, 3, 'Брест', 'ул. Махновича, 4', 52.09277800, 23.72000000),
(353, 3, 'Брест', 'ул. Советская, 46', 52.09722200, 23.72777800),
(354, 3, 'Гродно', 'ул. Горького, 50', 53.66805600, 23.81500000),
(355, 3, 'Гродно', 'ул. Козлова, 2', 53.67111100, 23.82500000),
(356, 3, 'Гродно', 'ул. Социалистическая, 2', 53.66972200, 23.82000000),
(357, 3, 'Гродно', 'ул. Врублевского, 10', 53.66500000, 23.80500000),
(358, 3, 'Гродно', 'ул. Ожешко, 1', 53.66916700, 23.82111100),
(359, 3, 'Витебск', 'ТЦ Беларусь', 55.19000000, 30.20500000),
(360, 3, 'Витебск', 'ул. Карла Маркса, 1', 55.18805600, 30.20805600),
(361, 3, 'Витебск', 'ул. Победы, 23', 55.19200000, 30.20000000),
(362, 3, 'Витебск', 'ул. Луначарского, 8', 55.18500000, 30.21000000),
(363, 3, 'Витебск', 'ул. Замковая, 1', 55.18200000, 30.21500000),
(364, 3, 'Могилёв', 'ТЦ Перекрёсток', 53.90416700, 30.33500000),
(365, 3, 'Могилёв', 'ул. Ленинская, 4', 53.90800000, 30.33000000),
(366, 3, 'Могилёв', 'ул. Космонавтов, 20', 53.90000000, 30.34000000),
(367, 3, 'Могилёв', 'ул. Ботаническая, 2', 53.90200000, 30.32000000),
(368, 3, 'Борисов', 'ул. 3 Интернационала, 15', 54.22500000, 28.48000000),
(369, 3, 'Барановичи', 'ул. Советская, 89', 53.12500000, 26.02000000),
(370, 3, 'Бобруйск', 'ул. Советская, 95', 53.13500000, 29.23000000),
(371, 3, 'Мозырь', 'ТЦ Универсам', 52.32500000, 29.28500000),
(372, 3, 'Солигорск', 'ул. Молодежная, 89', 53.52500000, 27.55500000),
(373, 3, 'Пинск', 'ул. Кирова, 23', 52.11500000, 26.07500000),
(374, 3, 'Лида', 'ТЦ Спортивный', 53.89000000, 25.30500000),
(375, 3, 'Слоним', 'ул. Октябрьская, 8', 53.09000000, 25.93000000),
(376, 3, 'Новополоцк', 'ул. Брестская, 44', 55.58500000, 28.61500000),
(377, 3, 'Орша', 'ул. Карвата, 12', 54.51500000, 30.41500000),
(378, 3, 'Молодечно', 'ТЦ Спектр', 54.30500000, 27.57500000),
(379, 3, 'Слуцк', 'ул. Ленина, 18', 53.05000000, 27.55000000),
(380, 3, 'Дзержинск', 'ул. Победы, 25', 53.65000000, 27.19000000),
(381, 3, 'Марьина Горка', 'ул. Советская, 5', 53.78000000, 27.42000000),
(382, 3, 'Столбцы', 'ул. Советская, 15', 53.53000000, 27.08000000),
(383, 3, 'Кобрин', 'ул. Ленина, 48', 52.22000000, 24.10000000),
(384, 3, 'Иваново', 'ул. Советская, 30', 52.08000000, 25.95000000),
(385, 3, 'Каменец', 'ул. Ленина, 10', 52.68000000, 24.10000000),
(386, 3, 'Старые Дороги', 'ул. Советская, 8', 53.63000000, 28.45000000),
(387, 3, 'Климовичи', 'ул. Ленина, 5', 53.28000000, 32.20000000),
(388, 3, 'Речица', 'ул. Советская, 15', 52.13000000, 30.38000000),
(389, 3, 'Светлогорск', 'ул. Мира, 30', 52.59000000, 30.09000000),
(390, 3, 'Рогачёв', 'ул. Ленина, 25', 52.05000000, 30.80000000),
(391, 3, 'Жлобин', 'ул. Советская, 85', 52.30000000, 30.95000000),
(392, 3, 'Калинковичи', 'ул. Ленина, 20', 52.08000000, 29.28000000),
(393, 3, 'Корма', 'ул. Советская, 10', 53.22000000, 31.75000000),
(394, 3, 'Чаусы', 'ул. Ленина, 10', 53.75000000, 31.50000000),
(395, 3, 'Быхов', 'ул. Ленина, 15', 53.58000000, 31.35000000),
(396, 3, 'Кричев', 'ул. Ленина, 25', 53.70000000, 31.70000000),
(397, 3, 'Глуск', 'ул. Советская, 10', 53.60000000, 31.00000000),
(398, 3, 'Круглое', 'ул. Ленина, 15', 53.45000000, 30.50000000),
(399, 3, 'Кличев', 'ул. Советская, 5', 53.35000000, 31.40000000),
(400, 3, 'Чериков', 'ул. Ленина, 10', 53.20000000, 31.90000000),
(401, 3, 'Белыничи', 'ул. Советская, 15', 53.40000000, 31.05000000),
(402, 3, 'Кировск', 'ул. Ленина, 10', 53.80000000, 30.95000000),
(403, 3, 'Шклов', 'ул. Советская, 20', 53.50000000, 30.80000000),
(404, 3, 'Костюковичи', 'ул. Ленина, 10', 53.55000000, 30.40000000),
(405, 3, 'Горки', 'ул. Советская, 15', 53.75000000, 30.60000000),
(406, 3, 'Осиповичи', 'ул. Советская, 10', 53.85000000, 30.45000000),
(407, 3, 'Бобруйск-2', 'ул. Гагарина, 50', 53.15000000, 29.25000000),
(408, 3, 'Быхов-2', 'ул. Мира, 25', 53.60000000, 31.30000000),
(409, 3, 'Глуск-2', 'ул. Победы, 15', 53.62000000, 31.02000000),
(410, 3, 'Дрибин', 'ул. Ленина, 10', 53.65000000, 31.20000000),
(411, 3, 'Климовичи-2', 'ул. Победы, 20', 53.30000000, 32.22000000),
(412, 3, 'Краснополье', 'ул. Советская, 20', 53.70000000, 32.00000000),
(413, 3, 'Круглое-2', 'ул. Мира, 10', 53.47000000, 30.52000000),
(414, 3, 'Кличев-2', 'ул. Победы, 15', 53.37000000, 31.42000000),
(415, 3, 'Кричев-2', 'ул. Мира, 20', 53.72000000, 31.72000000),
(416, 3, 'Корма-2', 'ул. Мира, 12', 53.24000000, 31.77000000),
(417, 3, 'Мстиславль', 'ул. Советская, 20', 53.38000000, 31.58000000),
(418, 3, 'Чаусы-2', 'ул. Мира, 15', 53.77000000, 31.52000000),
(419, 3, 'Чериков-2', 'ул. Мира, 12', 53.22000000, 31.92000000),
(420, 3, 'Шумилино', 'ул. Ленина, 10', 55.40000000, 28.90000000),
(421, 3, 'Поставы', 'ул. Советская, 15', 55.12000000, 28.58000000),
(422, 3, 'Сенно', 'ул. Ленина, 15', 54.95000000, 28.85000000),
(423, 3, 'Толочин', 'ул. Советская, 10', 54.85000000, 28.40000000),
(424, 3, 'Ушачи', 'ул. Советская, 5', 55.25000000, 28.25000000),
(425, 3, 'Чашники', 'ул. Ленина, 10', 55.05000000, 28.20000000),
(426, 3, 'Шарковщина', 'ул. Советская, 10', 54.80000000, 28.00000000),
(427, 3, 'Лепель', 'ул. Ленина, 15', 55.20000000, 28.60000000),
(428, 3, 'Браслав', 'ул. Советская, 15', 55.30000000, 27.95000000),
(429, 3, 'Верхнедвинск', 'ул. Ленина, 10', 55.45000000, 28.25000000),
(430, 3, 'Городок', 'ул. Советская, 10', 53.60000000, 26.15000000),
(431, 3, 'Дятлово', 'ул. Ленина, 15', 53.45000000, 25.70000000),
(432, 3, 'Зельва', 'ул. Советская, 5', 53.35000000, 25.50000000),
(433, 3, 'Ивье', 'ул. Ленина, 10', 53.55000000, 26.60000000),
(434, 3, 'Кореличи', 'ул. Советская, 15', 53.40000000, 26.25000000),
(435, 3, 'Мосты', 'ул. Советская, 20', 53.50000000, 26.00000000),
(436, 3, 'Новогрудок', 'ул. Ленина, 25', 53.63000000, 25.80000000),
(437, 3, 'Островец', 'ул. Советская, 10', 53.75000000, 25.60000000),
(438, 3, 'Ошмяны', 'ул. Ленина, 15', 53.70000000, 25.40000000),
(439, 3, 'Свислочь', 'ул. Советская, 10', 53.30000000, 25.30000000),
(440, 3, 'Скидель', 'ул. Советская, 15', 53.58000000, 25.65000000),
(441, 3, 'Волковыск', 'ул. Советская, 25', 53.67000000, 24.45000000),
(442, 3, 'Гродно-2', 'ул. Берестовицкая, 10', 53.65000000, 23.75000000),
(443, 3, 'Дятлово-2', 'ул. Мира, 20', 53.47000000, 25.72000000),
(444, 3, 'Зельва-2', 'ул. Мира, 12', 53.37000000, 25.52000000),
(445, 4, 'Минск', 'ул. Кульман, 9', 53.88944400, 27.54888900),
(446, 4, 'Минск', 'ст.м. Площадь Победы', 53.90166700, 27.57111100),
(447, 4, 'Минск', 'ул. Сурганова, 57', 53.85500000, 27.52555600),
(448, 4, 'Минск', 'ул. Карвата, 84', 53.79957600, 27.43338600),
(449, 4, 'Минск', 'ул. Калиновского, 17', 53.88692900, 27.54876900),
(450, 4, 'Минск', 'ул. Якуба Коласа, 35', 53.83444400, 27.53222200),
(451, 4, 'Минск', 'ул. Купревича, 1', 53.83694400, 27.50444400),
(452, 4, 'Минск', 'ул. Одинцова, 55', 53.87194400, 27.49500000),
(453, 4, 'Минск', 'ул. Берута, 14', 53.91805600, 27.58611100),
(454, 4, 'Минск', 'ул. Мясникова, 32', 53.82694400, 27.46805600),
(455, 4, 'Минск', 'ул. Кирова, 8', 53.88833300, 27.54111100),
(456, 4, 'Минск', 'ул. Матусевича, 72', 53.78305600, 27.46388900),
(457, 4, 'Минск', 'ул. Володарского, 1', 53.86166700, 27.51444400),
(458, 4, 'Минск', 'ул. Янки Купалы, 1', 53.89833300, 27.53611100),
(459, 4, 'Минск', 'ул. Тимирязева, 125', 53.87638900, 27.48250000),
(460, 4, 'Минск', 'ул. Селицкого, 20', 53.78916700, 27.54166700),
(461, 4, 'Минск', 'ул. Немига, 5', 53.90305600, 27.55944400),
(462, 4, 'Минск', 'ул. Кальварийская, 24', 53.89638900, 27.56805600),
(463, 4, 'Минск', 'ул. В. Хоружей, 1/2', 53.84959000, 27.56936000),
(464, 4, 'Минск', 'ул. В. Хоружей, 1а', 53.84959000, 27.56936000),
(465, 4, 'Гродно', 'ул. Поповича, 5', 53.67000000, 23.82000000),
(466, 4, 'Гродно', 'ул. Горького, 50', 53.66805600, 23.81500000),
(467, 4, 'Гродно', 'ул. Козлова, 2', 53.67111100, 23.82500000),
(468, 4, 'Гродно', 'ул. Социалистическая, 2', 53.66972200, 23.82000000),
(469, 4, 'Гродно', 'ул. Врублевского, 10', 53.66500000, 23.80500000),
(470, 4, 'Гродно', 'ул. Ожешко, 1', 53.66916700, 23.82111100),
(471, 4, 'Брест', 'ул. Московская, 202', 52.09000000, 23.69500000),
(472, 4, 'Брест', 'ул. Октябрьской революции, 2', 52.08805600, 23.70277800),
(473, 4, 'Брест', 'ул. Махновича, 4', 52.09277800, 23.72000000),
(474, 4, 'Брест', 'ул. Советская, 46', 52.09722200, 23.72777800),
(475, 4, 'Брест', 'ул. Гоголя, 15', 52.09500000, 23.73000000),
(476, 4, 'Гомель', 'ул. Ильича, 33', 52.44500000, 30.98277800),
(477, 4, 'Гомель', 'ул. Гагарина, 30', 52.45000000, 30.97000000),
(478, 4, 'Гомель', 'ул. Кирова, 15', 52.44277800, 30.98555600),
(479, 4, 'Гомель', 'ул. Чапаева, 25', 52.44611100, 30.97666700),
(480, 4, 'Гомель', 'ул. Машерова, 35', 52.44888900, 30.98111100),
(481, 4, 'Витебск', 'ул. Карла Маркса, 1', 55.18805600, 30.20805600),
(482, 4, 'Витебск', 'ул. Победы, 23', 55.19200000, 30.20000000),
(483, 4, 'Витебск', 'ул. Луначарского, 8', 55.18500000, 30.21000000),
(484, 4, 'Витебск', 'ул. Замковая, 1', 55.18200000, 30.21500000),
(485, 4, 'Витебск', 'ул. Ленина, 20', 55.19000000, 30.20500000),
(486, 4, 'Могилёв', 'пр-т Мира, 21', 53.90600000, 30.33700000),
(487, 4, 'Могилёв', 'ул. Ленинская, 4', 53.90800000, 30.33000000),
(488, 4, 'Могилёв', 'ул. Космонавтов, 20', 53.90000000, 30.34000000),
(489, 4, 'Могилёв', 'ул. Ботаническая, 2', 53.90200000, 30.32000000),
(490, 4, 'Борисов', 'ул. 3 Интернационала, 15', 54.22500000, 28.48000000),
(491, 4, 'Барановичи', 'ул. Советская, 89', 53.12500000, 26.02000000),
(492, 4, 'Бобруйск', 'ул. Советская, 95', 53.13500000, 29.23000000),
(493, 4, 'Мозырь', 'ул. Партизанская, 15', 52.32500000, 29.28500000),
(494, 4, 'Солигорск', 'ул. Космонавтов, 14', 53.52500000, 27.55500000),
(495, 4, 'Пинск', 'ул. Строителей, 33', 52.11500000, 26.07500000),
(496, 4, 'Лида', 'ул. Маяковского, 7', 53.89000000, 25.30500000),
(497, 4, 'Слоним', 'ул. Октябрьская, 8', 53.09000000, 25.93000000),
(498, 4, 'Новополоцк', 'ул. Октябрьская, 41', 55.58500000, 28.61500000),
(499, 4, 'Орша', 'ул. Свободы, 29', 54.51500000, 30.41500000),
(500, 4, 'Молодечно', 'ул. Ленина, 37', 54.30500000, 27.57500000),
(501, 4, 'Слуцк', 'ул. Ленина, 18', 53.05000000, 27.55000000),
(502, 4, 'Дзержинск', 'ул. Победы, 25', 53.65000000, 27.19000000),
(503, 4, 'Марьина Горка', 'ул. Советская, 5', 53.78000000, 27.42000000),
(504, 4, 'Столбцы', 'ул. Советская, 15', 53.53000000, 27.08000000),
(505, 4, 'Кобрин', 'ул. Ленина, 48', 52.22000000, 24.10000000),
(506, 4, 'Иваново', 'ул. Советская, 30', 52.08000000, 25.95000000),
(507, 4, 'Каменец', 'ул. Ленина, 10', 52.68000000, 24.10000000),
(508, 4, 'Старые Дороги', 'ул. Советская, 8', 53.63000000, 28.45000000),
(509, 4, 'Климовичи', 'ул. Ленина, 5', 53.28000000, 32.20000000),
(510, 4, 'Речица', 'ул. Советская, 15', 52.13000000, 30.38000000),
(511, 4, 'Светлогорск', 'ул. Мира, 30', 52.59000000, 30.09000000),
(512, 4, 'Рогачёв', 'ул. Ленина, 25', 52.05000000, 30.80000000),
(513, 4, 'Жлобин', 'ул. Советская, 85', 52.30000000, 30.95000000),
(514, 4, 'Калинковичи', 'ул. Ленина, 20', 52.08000000, 29.28000000),
(515, 4, 'Корма', 'ул. Советская, 10', 53.22000000, 31.75000000),
(516, 4, 'Чаусы', 'ул. Ленина, 10', 53.75000000, 31.50000000),
(517, 4, 'Быхов', 'ул. Ленина, 15', 53.58000000, 31.35000000),
(518, 4, 'Кричев', 'ул. Ленина, 25', 53.70000000, 31.70000000),
(519, 4, 'Глуск', 'ул. Советская, 10', 53.60000000, 31.00000000),
(520, 4, 'Круглое', 'ул. Ленина, 15', 53.45000000, 30.50000000),
(521, 4, 'Кличев', 'ул. Советская, 5', 53.35000000, 31.40000000),
(522, 4, 'Чериков', 'ул. Ленина, 10', 53.20000000, 31.90000000),
(523, 4, 'Белыничи', 'ул. Советская, 15', 53.40000000, 31.05000000),
(524, 4, 'Кировск', 'ул. Ленина, 10', 53.80000000, 30.95000000),
(525, 4, 'Шклов', 'ул. Советская, 20', 53.50000000, 30.80000000),
(526, 4, 'Костюковичи', 'ул. Ленина, 10', 53.55000000, 30.40000000),
(527, 4, 'Горки', 'ул. Советская, 15', 53.75000000, 30.60000000),
(528, 4, 'Осиповичи', 'ул. Советская, 10', 53.85000000, 30.45000000),
(529, 4, 'Бобруйск-2', 'ул. Гагарина, 50', 53.15000000, 29.25000000),
(530, 4, 'Быхов-2', 'ул. Мира, 25', 53.60000000, 31.30000000),
(531, 4, 'Глуск-2', 'ул. Победы, 15', 53.62000000, 31.02000000),
(532, 4, 'Дрибин', 'ул. Ленина, 10', 53.65000000, 31.20000000),
(533, 4, 'Климовичи-2', 'ул. Победы, 20', 53.30000000, 32.22000000),
(534, 4, 'Краснополье', 'ул. Советская, 20', 53.70000000, 32.00000000),
(535, 4, 'Круглое-2', 'ул. Мира, 10', 53.47000000, 30.52000000),
(536, 4, 'Кличев-2', 'ул. Победы, 15', 53.37000000, 31.42000000),
(537, 4, 'Кричев-2', 'ул. Мира, 20', 53.72000000, 31.72000000),
(538, 4, 'Корма-2', 'ул. Мира, 12', 53.24000000, 31.77000000),
(539, 4, 'Мстиславль', 'ул. Советская, 20', 53.38000000, 31.58000000),
(540, 4, 'Чаусы-2', 'ул. Мира, 15', 53.77000000, 31.52000000),
(541, 4, 'Чериков-2', 'ул. Мира, 12', 53.22000000, 31.92000000),
(542, 4, 'Шумилино', 'ул. Ленина, 10', 55.40000000, 28.90000000),
(543, 4, 'Поставы', 'ул. Советская, 15', 55.12000000, 28.58000000),
(544, 4, 'Сенно', 'ул. Ленина, 15', 54.95000000, 28.85000000),
(545, 4, 'Толочин', 'ул. Советская, 10', 54.85000000, 28.40000000),
(546, 4, 'Ушачи', 'ул. Советская, 5', 55.25000000, 28.25000000),
(547, 4, 'Чашники', 'ул. Ленина, 10', 55.05000000, 28.20000000),
(548, 4, 'Шарковщина', 'ул. Советская, 10', 54.80000000, 28.00000000),
(549, 4, 'Лепель', 'ул. Ленина, 15', 55.20000000, 28.60000000),
(550, 4, 'Браслав', 'ул. Советская, 15', 55.30000000, 27.95000000),
(551, 4, 'Верхнедвинск', 'ул. Ленина, 10', 55.45000000, 28.25000000),
(552, 4, 'Городок', 'ул. Советская, 10', 53.60000000, 26.15000000),
(553, 4, 'Дятлово', 'ул. Ленина, 15', 53.45000000, 25.70000000),
(554, 4, 'Зельва', 'ул. Советская, 5', 53.35000000, 25.50000000),
(555, 4, 'Ивье', 'ул. Ленина, 10', 53.55000000, 26.60000000),
(556, 4, 'Кореличи', 'ул. Советская, 15', 53.40000000, 26.25000000),
(557, 4, 'Мосты', 'ул. Советская, 20', 53.50000000, 26.00000000),
(558, 4, 'Новогрудок', 'ул. Ленина, 25', 53.63000000, 25.80000000),
(559, 4, 'Островец', 'ул. Советская, 10', 53.75000000, 25.60000000),
(560, 4, 'Ошмяны', 'ул. Ленина, 15', 53.70000000, 25.40000000),
(561, 4, 'Свислочь', 'ул. Советская, 10', 53.30000000, 25.30000000),
(562, 4, 'Скидель', 'ул. Советская, 15', 53.58000000, 25.65000000),
(563, 4, 'Волковыск', 'ул. Советская, 25', 53.67000000, 24.45000000),
(564, 4, 'Гродно-2', 'ул. Берестовицкая, 10', 53.65000000, 23.75000000),
(565, 4, 'Дятлово-2', 'ул. Мира, 20', 53.47000000, 25.72000000),
(566, 4, 'Зельва-2', 'ул. Мира, 12', 53.37000000, 25.52000000),
(567, 5, 'Минск', 'ул. Притыцкого, 156', 53.80222200, 27.52222200),
(568, 5, 'Минск', 'ТЦ Galileo', 53.87833300, 27.51666700),
(569, 5, 'Минск', 'ул. Карвата, 84', 53.79957600, 27.43338600),
(570, 5, 'Минск', 'ул. Калиновского, 17', 53.88692900, 27.54876900),
(571, 5, 'Минск', 'ул. Якуба Коласа, 35', 53.83444400, 27.53222200),
(572, 5, 'Минск', 'ул. Купревича, 1', 53.83694400, 27.50444400),
(573, 5, 'Минск', 'ул. Одинцова, 55', 53.87194400, 27.49500000),
(574, 5, 'Минск', 'ул. Берута, 14', 53.91805600, 27.58611100),
(575, 5, 'Минск', 'ул. Мясникова, 32', 53.82694400, 27.46805600),
(576, 5, 'Минск', 'ул. Кирова, 8', 53.88833300, 27.54111100),
(577, 5, 'Минск', 'ул. Матусевича, 72', 53.78305600, 27.46388900),
(578, 5, 'Минск', 'ул. Сурганова, 43', 53.85500000, 27.52555600),
(579, 5, 'Минск', 'ул. Володарского, 1', 53.86166700, 27.51444400),
(580, 5, 'Минск', 'ул. Янки Купалы, 1', 53.89833300, 27.53611100),
(581, 5, 'Минск', 'ул. Тимирязева, 125', 53.87638900, 27.48250000),
(582, 5, 'Минск', 'ул. Селицкого, 20', 53.78916700, 27.54166700),
(583, 5, 'Минск', 'ул. Немига, 5', 53.90305600, 27.55944400),
(584, 5, 'Минск', 'ул. Кальварийская, 24', 53.89638900, 27.56805600),
(585, 5, 'Минск', 'ул. В. Хоружей, 1/2', 53.84959000, 27.56936000),
(586, 5, 'Минск', 'ул. В. Хоружей, 1а', 53.84959000, 27.56936000),
(587, 5, 'Гомель', 'ул. Ильича, 33', 52.44500000, 30.98277800),
(588, 5, 'Гомель', 'ул. Гагарина, 30', 52.45000000, 30.97000000),
(589, 5, 'Гомель', 'ул. Кирова, 15', 52.44277800, 30.98555600),
(590, 5, 'Гомель', 'ул. Чапаева, 25', 52.44611100, 30.97666700),
(591, 5, 'Гомель', 'ул. Машерова, 35', 52.44888900, 30.98111100),
(592, 5, 'Брест', 'ул. Гоголя, 15', 52.09500000, 23.73000000),
(593, 5, 'Брест', 'ул. Московская, 202', 52.09000000, 23.69500000),
(594, 5, 'Брест', 'ул. Октябрьской революции, 2', 52.08805600, 23.70277800),
(595, 5, 'Брест', 'ул. Махновича, 4', 52.09277800, 23.72000000),
(596, 5, 'Брест', 'ул. Советская, 46', 52.09722200, 23.72777800),
(597, 5, 'Гродно', 'ул. Горького, 50', 53.66805600, 23.81500000),
(598, 5, 'Гродно', 'ул. Козлова, 2', 53.67111100, 23.82500000),
(599, 5, 'Гродно', 'ул. Социалистическая, 2', 53.66972200, 23.82000000),
(600, 5, 'Гродно', 'ул. Врублевского, 10', 53.66500000, 23.80500000),
(601, 5, 'Гродно', 'ул. Ожешко, 1', 53.66916700, 23.82111100),
(602, 5, 'Витебск', 'ул. Карла Маркса, 1', 55.18805600, 30.20805600),
(603, 5, 'Витебск', 'ул. Победы, 23', 55.19200000, 30.20000000),
(604, 5, 'Витебск', 'ул. Луначарского, 8', 55.18500000, 30.21000000),
(605, 5, 'Витебск', 'ул. Замковая, 1', 55.18200000, 30.21500000),
(606, 5, 'Витебск', 'ул. Ленина, 20', 55.19000000, 30.20500000),
(607, 5, 'Могилёв', 'пр-т Мира, 21', 53.90600000, 30.33700000),
(608, 5, 'Могилёв', 'ул. Ленинская, 4', 53.90800000, 30.33000000),
(609, 5, 'Могилёв', 'ул. Космонавтов, 20', 53.90000000, 30.34000000),
(610, 5, 'Могилёв', 'ул. Ботаническая, 2', 53.90200000, 30.32000000),
(611, 5, 'Борисов', 'ул. 3 Интернационала, 15', 54.22500000, 28.48000000),
(612, 5, 'Барановичи', 'ул. Советская, 89', 53.12500000, 26.02000000),
(613, 5, 'Бобруйск', 'ул. Советская, 95', 53.13500000, 29.23000000),
(614, 5, 'Мозырь', 'ул. Гагарина, 88', 52.32500000, 29.28500000),
(615, 5, 'Солигорск', 'ул. Победы, 33', 53.52500000, 27.55500000),
(616, 5, 'Пинск', 'ул. Ленина, 55', 52.11500000, 26.07500000),
(617, 5, 'Лида', 'ул. Интернациональная, 22', 53.89000000, 25.30500000),
(618, 5, 'Слоним', 'ул. Октябрьская, 8', 53.09000000, 25.93000000),
(619, 5, 'Новополоцк', 'ул. Строителей, 18', 55.58500000, 28.61500000),
(620, 5, 'Орша', 'ул. Мира, 66', 54.51500000, 30.41500000),
(621, 5, 'Молодечно', 'ул. Советская, 44', 54.30500000, 27.57500000),
(622, 5, 'Слуцк', 'ул. Ленина, 18', 53.05000000, 27.55000000),
(623, 5, 'Дзержинск', 'ул. Победы, 25', 53.65000000, 27.19000000),
(624, 5, 'Марьина Горка', 'ул. Советская, 5', 53.78000000, 27.42000000),
(625, 5, 'Столбцы', 'ул. Советская, 15', 53.53000000, 27.08000000),
(626, 5, 'Кобрин', 'ул. Ленина, 48', 52.22000000, 24.10000000),
(627, 5, 'Иваново', 'ул. Советская, 30', 52.08000000, 25.95000000),
(628, 5, 'Каменец', 'ул. Ленина, 10', 52.68000000, 24.10000000),
(629, 5, 'Старые Дороги', 'ул. Советская, 8', 53.63000000, 28.45000000),
(630, 5, 'Климовичи', 'ул. Ленина, 5', 53.28000000, 32.20000000),
(631, 5, 'Речица', 'ул. Советская, 15', 52.13000000, 30.38000000),
(632, 5, 'Светлогорск', 'ул. Мира, 30', 52.59000000, 30.09000000),
(633, 5, 'Рогачёв', 'ул. Ленина, 25', 52.05000000, 30.80000000),
(634, 5, 'Жлобин', 'ул. Советская, 85', 52.30000000, 30.95000000),
(635, 5, 'Калинковичи', 'ул. Ленина, 20', 52.08000000, 29.28000000),
(636, 5, 'Корма', 'ул. Советская, 10', 53.22000000, 31.75000000),
(637, 5, 'Чаусы', 'ул. Ленина, 10', 53.75000000, 31.50000000),
(638, 5, 'Быхов', 'ул. Ленина, 15', 53.58000000, 31.35000000),
(639, 5, 'Кричев', 'ул. Ленина, 25', 53.70000000, 31.70000000),
(640, 5, 'Глуск', 'ул. Советская, 10', 53.60000000, 31.00000000),
(641, 5, 'Круглое', 'ул. Ленина, 15', 53.45000000, 30.50000000),
(642, 5, 'Кличев', 'ул. Советская, 5', 53.35000000, 31.40000000),
(643, 5, 'Чериков', 'ул. Ленина, 10', 53.20000000, 31.90000000),
(644, 5, 'Белыничи', 'ул. Советская, 15', 53.40000000, 31.05000000),
(645, 5, 'Кировск', 'ул. Ленина, 10', 53.80000000, 30.95000000),
(646, 5, 'Шклов', 'ул. Советская, 20', 53.50000000, 30.80000000),
(647, 5, 'Костюковичи', 'ул. Ленина, 10', 53.55000000, 30.40000000),
(648, 5, 'Горки', 'ул. Советская, 15', 53.75000000, 30.60000000),
(649, 5, 'Осиповичи', 'ул. Советская, 10', 53.85000000, 30.45000000),
(650, 5, 'Бобруйск-2', 'ул. Гагарина, 50', 53.15000000, 29.25000000),
(651, 5, 'Быхов-2', 'ул. Мира, 25', 53.60000000, 31.30000000),
(652, 5, 'Глуск-2', 'ул. Победы, 15', 53.62000000, 31.02000000),
(653, 5, 'Дрибин', 'ул. Ленина, 10', 53.65000000, 31.20000000),
(654, 5, 'Климовичи-2', 'ул. Победы, 20', 53.30000000, 32.22000000),
(655, 5, 'Краснополье', 'ул. Советская, 20', 53.70000000, 32.00000000),
(656, 5, 'Круглое-2', 'ул. Мира, 10', 53.47000000, 30.52000000),
(657, 5, 'Кличев-2', 'ул. Победы, 15', 53.37000000, 31.42000000),
(658, 5, 'Кричев-2', 'ул. Мира, 20', 53.72000000, 31.72000000),
(659, 5, 'Корма-2', 'ул. Мира, 12', 53.24000000, 31.77000000),
(660, 5, 'Мстиславль', 'ул. Советская, 20', 53.38000000, 31.58000000),
(661, 5, 'Чаусы-2', 'ул. Мира, 15', 53.77000000, 31.52000000),
(662, 5, 'Чериков-2', 'ул. Мира, 12', 53.22000000, 31.92000000),
(663, 5, 'Шумилино', 'ул. Ленина, 10', 55.40000000, 28.90000000),
(664, 5, 'Поставы', 'ул. Советская, 15', 55.12000000, 28.58000000),
(665, 5, 'Сенно', 'ул. Ленина, 15', 54.95000000, 28.85000000),
(666, 5, 'Толочин', 'ул. Советская, 10', 54.85000000, 28.40000000),
(667, 5, 'Ушачи', 'ул. Советская, 5', 55.25000000, 28.25000000),
(668, 5, 'Чашники', 'ул. Ленина, 10', 55.05000000, 28.20000000),
(669, 5, 'Шарковщина', 'ул. Советская, 10', 54.80000000, 28.00000000),
(670, 5, 'Лепель', 'ул. Ленина, 15', 55.20000000, 28.60000000),
(671, 5, 'Браслав', 'ул. Советская, 15', 55.30000000, 27.95000000),
(672, 5, 'Верхнедвинск', 'ул. Ленина, 10', 55.45000000, 28.25000000),
(673, 5, 'Городок', 'ул. Советская, 10', 53.60000000, 26.15000000),
(674, 5, 'Дятлово', 'ул. Ленина, 15', 53.45000000, 25.70000000),
(675, 5, 'Зельва', 'ул. Советская, 5', 53.35000000, 25.50000000),
(676, 5, 'Ивье', 'ул. Ленина, 10', 53.55000000, 26.60000000),
(677, 5, 'Кореличи', 'ул. Советская, 15', 53.40000000, 26.25000000),
(678, 5, 'Мосты', 'ул. Советская, 20', 53.50000000, 26.00000000),
(679, 5, 'Новогрудок', 'ул. Ленина, 25', 53.63000000, 25.80000000),
(680, 5, 'Островец', 'ул. Советская, 10', 53.75000000, 25.60000000),
(681, 5, 'Ошмяны', 'ул. Ленина, 15', 53.70000000, 25.40000000),
(682, 5, 'Свислочь', 'ул. Советская, 10', 53.30000000, 25.30000000),
(683, 5, 'Скидель', 'ул. Советская, 15', 53.58000000, 25.65000000),
(684, 5, 'Волковыск', 'ул. Советская, 25', 53.67000000, 24.45000000),
(685, 5, 'Гродно-2', 'ул. Берестовицкая, 10', 53.65000000, 23.75000000),
(686, 5, 'Дятлово-2', 'ул. Мира, 20', 53.47000000, 25.72000000),
(687, 5, 'Зельва-2', 'ул. Мира, 12', 53.37000000, 25.52000000),
(688, 6, 'Минск', 'ул. Тимирязева, 123', 53.87638900, 27.48250000),
(689, 6, 'Минск', 'ул. Победителей, 89', 53.88444400, 27.52500000),
(690, 6, 'Минск', 'ул. Карвата, 84', 53.79957600, 27.43338600),
(691, 6, 'Минск', 'ул. Калиновского, 17', 53.88692900, 27.54876900),
(692, 6, 'Минск', 'ул. Якуба Коласа, 35', 53.83444400, 27.53222200),
(693, 6, 'Минск', 'ул. Купревича, 1', 53.83694400, 27.50444400),
(694, 6, 'Минск', 'ул. Одинцова, 55', 53.87194400, 27.49500000),
(695, 6, 'Минск', 'ул. Берута, 14', 53.91805600, 27.58611100),
(696, 6, 'Минск', 'ул. Мясникова, 32', 53.82694400, 27.46805600),
(697, 6, 'Минск', 'ул. Кирова, 8', 53.88833300, 27.54111100),
(698, 6, 'Минск', 'ул. Матусевича, 72', 53.78305600, 27.46388900),
(699, 6, 'Минск', 'ул. Сурганова, 43', 53.85500000, 27.52555600),
(700, 6, 'Минск', 'ул. Володарского, 1', 53.86166700, 27.51444400),
(701, 6, 'Минск', 'ул. Янки Купалы, 1', 53.89833300, 27.53611100),
(702, 6, 'Минск', 'ул. Селицкого, 20', 53.78916700, 27.54166700),
(703, 6, 'Минск', 'ул. Немига, 5', 53.90305600, 27.55944400),
(704, 6, 'Минск', 'ул. Кальварийская, 24', 53.89638900, 27.56805600),
(705, 6, 'Минск', 'ул. В. Хоружей, 1/2', 53.84959000, 27.56936000),
(706, 6, 'Минск', 'ул. В. Хоружей, 1а', 53.84959000, 27.56936000),
(707, 6, 'Гомель', 'ул. Крестьянская, 12', 52.44000000, 30.98500000),
(708, 6, 'Гомель', 'ул. Гагарина, 30', 52.45000000, 30.97000000),
(709, 6, 'Гомель', 'ул. Кирова, 15', 52.44277800, 30.98555600),
(710, 6, 'Гомель', 'ул. Чапаева, 25', 52.44611100, 30.97666700),
(711, 6, 'Гомель', 'ул. Машерова, 35', 52.44888900, 30.98111100),
(712, 6, 'Брест', 'ул. 17 Сентября, 10', 52.09500000, 23.73000000),
(713, 6, 'Брест', 'ул. Московская, 202', 52.09000000, 23.69500000),
(714, 6, 'Брест', 'ул. Октябрьской революции, 2', 52.08805600, 23.70277800),
(715, 6, 'Брест', 'ул. Махновича, 4', 52.09277800, 23.72000000),
(716, 6, 'Брест', 'ул. Советская, 46', 52.09722200, 23.72777800),
(717, 6, 'Гродно', 'ул. Горького, 50', 53.66805600, 23.81500000),
(718, 6, 'Гродно', 'ул. Козлова, 2', 53.67111100, 23.82500000),
(719, 6, 'Гродно', 'ул. Социалистическая, 2', 53.66972200, 23.82000000),
(720, 6, 'Гродно', 'ул. Врублевского, 10', 53.66500000, 23.80500000),
(721, 6, 'Гродно', 'ул. Ожешко, 1', 53.66916700, 23.82111100),
(722, 6, 'Витебск', 'ул. Карла Маркса, 1', 55.18805600, 30.20805600),
(723, 6, 'Витебск', 'ул. Победы, 23', 55.19200000, 30.20000000),
(724, 6, 'Витебск', 'ул. Луначарского, 8', 55.18500000, 30.21000000),
(725, 6, 'Витебск', 'ул. Замковая, 1', 55.18200000, 30.21500000),
(726, 6, 'Витебск', 'ул. Ленина, 20', 55.19000000, 30.20500000),
(727, 6, 'Могилёв', 'ул. Ленинская, 4', 53.90800000, 30.33000000),
(728, 6, 'Могилёв', 'ул. Космонавтов, 20', 53.90000000, 30.34000000),
(729, 6, 'Могилёв', 'ул. Ботаническая, 2', 53.90200000, 30.32000000),
(730, 6, 'Борисов', 'ул. 3 Интернационала, 15', 54.22500000, 28.48000000),
(731, 6, 'Барановичи', 'ул. Советская, 89', 53.12500000, 26.02000000),
(732, 6, 'Бобруйск', 'ул. Советская, 95', 53.13500000, 29.23000000),
(733, 6, 'Мозырь', 'ул. Октябрьская, 12', 52.32500000, 29.28500000),
(734, 6, 'Солигорск', 'ул. Мира, 89', 53.52500000, 27.55500000),
(735, 6, 'Пинск', 'ул. Маяковского, 45', 52.11500000, 26.07500000),
(736, 6, 'Лида', 'ул. Ленина, 78', 53.89000000, 25.30500000),
(737, 6, 'Слоним', 'ул. Октябрьская, 8', 53.09000000, 25.93000000),
(738, 6, 'Новополоцк', 'ул. Карвата, 34', 55.58500000, 28.61500000),
(739, 6, 'Орша', 'ул. Космонавтов, 56', 54.51500000, 30.41500000),
(740, 6, 'Молодечно', 'ул. Свободы, 23', 54.30500000, 27.57500000),
(741, 6, 'Слуцк', 'ул. Ленина, 18', 53.05000000, 27.55000000),
(742, 6, 'Дзержинск', 'ул. Победы, 25', 53.65000000, 27.19000000),
(743, 6, 'Марьина Горка', 'ул. Советская, 5', 53.78000000, 27.42000000),
(744, 6, 'Столбцы', 'ул. Советская, 15', 53.53000000, 27.08000000),
(745, 6, 'Кобрин', 'ул. Ленина, 48', 52.22000000, 24.10000000),
(746, 6, 'Иваново', 'ул. Советская, 30', 52.08000000, 25.95000000),
(747, 6, 'Каменец', 'ул. Ленина, 10', 52.68000000, 24.10000000),
(748, 6, 'Старые Дороги', 'ул. Советская, 8', 53.63000000, 28.45000000),
(749, 6, 'Климовичи', 'ул. Ленина, 5', 53.28000000, 32.20000000),
(750, 6, 'Речица', 'ул. Советская, 15', 52.13000000, 30.38000000),
(751, 6, 'Светлогорск', 'ул. Мира, 30', 52.59000000, 30.09000000),
(752, 6, 'Рогачёв', 'ул. Ленина, 25', 52.05000000, 30.80000000),
(753, 6, 'Жлобин', 'ул. Советская, 85', 52.30000000, 30.95000000),
(754, 6, 'Калинковичи', 'ул. Ленина, 20', 52.08000000, 29.28000000),
(755, 6, 'Корма', 'ул. Советская, 10', 53.22000000, 31.75000000),
(756, 6, 'Чаусы', 'ул. Ленина, 10', 53.75000000, 31.50000000),
(757, 6, 'Быхов', 'ул. Ленина, 15', 53.58000000, 31.35000000),
(758, 6, 'Кричев', 'ул. Ленина, 25', 53.70000000, 31.70000000),
(759, 6, 'Глуск', 'ул. Советская, 10', 53.60000000, 31.00000000),
(760, 6, 'Круглое', 'ул. Ленина, 15', 53.45000000, 30.50000000),
(761, 6, 'Кличев', 'ул. Советская, 5', 53.35000000, 31.40000000),
(762, 6, 'Чериков', 'ул. Ленина, 10', 53.20000000, 31.90000000),
(763, 6, 'Белыничи', 'ул. Советская, 15', 53.40000000, 31.05000000),
(764, 6, 'Кировск', 'ул. Ленина, 10', 53.80000000, 30.95000000),
(765, 6, 'Шклов', 'ул. Советская, 20', 53.50000000, 30.80000000),
(766, 6, 'Костюковичи', 'ул. Ленина, 10', 53.55000000, 30.40000000),
(767, 6, 'Горки', 'ул. Советская, 15', 53.75000000, 30.60000000),
(768, 6, 'Осиповичи', 'ул. Советская, 10', 53.85000000, 30.45000000),
(769, 6, 'Бобруйск-2', 'ул. Гагарина, 50', 53.15000000, 29.25000000),
(770, 6, 'Быхов-2', 'ул. Мира, 25', 53.60000000, 31.30000000),
(771, 6, 'Глуск-2', 'ул. Победы, 15', 53.62000000, 31.02000000),
(772, 6, 'Дрибин', 'ул. Ленина, 10', 53.65000000, 31.20000000),
(773, 6, 'Климовичи-2', 'ул. Победы, 20', 53.30000000, 32.22000000),
(774, 6, 'Краснополье', 'ул. Советская, 20', 53.70000000, 32.00000000),
(775, 6, 'Круглое-2', 'ул. Мира, 10', 53.47000000, 30.52000000),
(776, 6, 'Кличев-2', 'ул. Победы, 15', 53.37000000, 31.42000000),
(777, 6, 'Кричев-2', 'ул. Мира, 20', 53.72000000, 31.72000000),
(778, 6, 'Корма-2', 'ул. Мира, 12', 53.24000000, 31.77000000),
(779, 6, 'Мстиславль', 'ул. Советская, 20', 53.38000000, 31.58000000),
(780, 6, 'Чаусы-2', 'ул. Мира, 15', 53.77000000, 31.52000000),
(781, 6, 'Чериков-2', 'ул. Мира, 12', 53.22000000, 31.92000000),
(782, 6, 'Шумилино', 'ул. Ленина, 10', 55.40000000, 28.90000000),
(783, 6, 'Поставы', 'ул. Советская, 15', 55.12000000, 28.58000000),
(784, 6, 'Сенно', 'ул. Ленина, 15', 54.95000000, 28.85000000),
(785, 6, 'Толочин', 'ул. Советская, 10', 54.85000000, 28.40000000),
(786, 6, 'Ушачи', 'ул. Советская, 5', 55.25000000, 28.25000000),
(787, 6, 'Чашники', 'ул. Ленина, 10', 55.05000000, 28.20000000),
(788, 6, 'Шарковщина', 'ул. Советская, 10', 54.80000000, 28.00000000),
(789, 6, 'Лепель', 'ул. Ленина, 15', 55.20000000, 28.60000000),
(790, 6, 'Браслав', 'ул. Советская, 15', 55.30000000, 27.95000000),
(791, 6, 'Верхнедвинск', 'ул. Ленина, 10', 55.45000000, 28.25000000),
(792, 6, 'Городок', 'ул. Советская, 10', 53.60000000, 26.15000000),
(793, 6, 'Дятлово', 'ул. Ленина, 15', 53.45000000, 25.70000000),
(794, 6, 'Зельва', 'ул. Советская, 5', 53.35000000, 25.50000000),
(795, 6, 'Ивье', 'ул. Ленина, 10', 53.55000000, 26.60000000),
(796, 6, 'Кореличи', 'ул. Советская, 15', 53.40000000, 26.25000000),
(797, 6, 'Мосты', 'ул. Советская, 20', 53.50000000, 26.00000000),
(798, 6, 'Новогрудок', 'ул. Ленина, 25', 53.63000000, 25.80000000),
(799, 6, 'Островец', 'ул. Советская, 10', 53.75000000, 25.60000000),
(800, 6, 'Ошмяны', 'ул. Ленина, 15', 53.70000000, 25.40000000),
(801, 6, 'Свислочь', 'ул. Советская, 10', 53.30000000, 25.30000000),
(802, 6, 'Скидель', 'ул. Советская, 15', 53.58000000, 25.65000000),
(803, 6, 'Волковыск', 'ул. Советская, 25', 53.67000000, 24.45000000),
(804, 6, 'Гродно-2', 'ул. Берестовицкая, 10', 53.65000000, 23.75000000),
(805, 6, 'Дятлово-2', 'ул. Мира, 20', 53.47000000, 25.72000000),
(806, 6, 'Зельва-2', 'ул. Мира, 12', 53.37000000, 25.52000000);

-- --------------------------------------------------------

--
-- Структура таблицы `orders`
--

CREATE TABLE `orders` (
  `id` int(11) NOT NULL,
  `user_id` int(11) DEFAULT NULL,
  `carrier_id` int(11) DEFAULT NULL,
  `from_office` int(11) DEFAULT NULL,
  `to_office` int(11) DEFAULT NULL,
  `weight` decimal(8,3) DEFAULT NULL,
  `cost` decimal(10,2) DEFAULT NULL,
  `delivery_hours` decimal(8,2) DEFAULT NULL,
  `track_number` varchar(20) DEFAULT NULL,
  `created_at` datetime DEFAULT current_timestamp(),
  `payment_status` varchar(20) DEFAULT 'pending',
  `tracking_status` varchar(50) DEFAULT 'created',
  `full_name` varchar(255) DEFAULT NULL,
  `home_address` text DEFAULT NULL,
  `pickup_city` varchar(100) DEFAULT NULL,
  `pickup_address` text DEFAULT NULL,
  `delivery_city` varchar(100) DEFAULT NULL,
  `delivery_address` text DEFAULT NULL,
  `desired_date` date DEFAULT NULL,
  `insurance` tinyint(1) DEFAULT 0,
  `packaging` tinyint(1) DEFAULT 0,
  `fragile` tinyint(1) DEFAULT 0,
  `payment_method` varchar(50) DEFAULT 'cash',
  `comment` text DEFAULT NULL
) ENGINE=InnoDB DEFAULT CHARSET=utf8mb4 COLLATE=utf8mb4_general_ci;

--
-- Дамп данных таблицы `orders`
--

INSERT INTO `orders` (`id`, `user_id`, `carrier_id`, `from_office`, `to_office`, `weight`, `cost`, `delivery_hours`, `track_number`, `created_at`, `payment_status`, `tracking_status`, `full_name`, `home_address`, `pickup_city`, `pickup_address`, `delivery_city`, `delivery_address`, `desired_date`, `insurance`, `packaging`, `fragile`, `payment_method`, `comment`) VALUES
(1, 2, 4, NULL, NULL, 30.000, 49.28, 1.60, '7493FC43F2BC', '2025-12-04 03:43:01', 'pending', 'created', NULL, NULL, NULL, NULL, NULL, NULL, NULL, 0, 0, 0, 'cash', NULL),
(2, 1, 1, NULL, NULL, 1.000, 8.60, 8.00, '3E93445DFB40', '2025-12-10 21:10:10', 'pending', 'created', NULL, NULL, NULL, NULL, NULL, NULL, NULL, 0, 0, 0, 'cash', NULL),
(3, 1, 2, NULL, NULL, 1.000, 19.12, 5.50, '14DA538AF5EC', '2025-12-10 21:10:14', 'pending', 'created', NULL, NULL, NULL, NULL, NULL, NULL, NULL, 0, 0, 0, 'cash', NULL),
(4, 1, 2, NULL, NULL, 1.000, 19.12, 5.50, '614C04987B6D', '2025-12-10 21:22:43', 'pending', 'created', NULL, NULL, NULL, NULL, NULL, NULL, NULL, 0, 0, 0, 'cash', NULL),
(5, 1, 2, NULL, NULL, 1.000, 19.12, 5.50, '793FA52FC4C1', '2025-12-10 21:22:45', 'pending', 'created', NULL, NULL, NULL, NULL, NULL, NULL, NULL, 0, 0, 0, 'cash', NULL),
(6, 2, 3, NULL, NULL, 20.000, 34.68, 6.40, 'BE1E0039F0E1', '2025-12-10 23:06:46', 'pending', 'created', NULL, NULL, NULL, NULL, NULL, NULL, NULL, 0, 0, 0, 'cash', NULL),
(7, 2, 5, NULL, NULL, 15.000, 37.69, 8.70, '28BD4368DF28', '2025-12-10 23:07:14', 'pending', 'created', NULL, NULL, NULL, NULL, NULL, NULL, NULL, 0, 0, 0, 'cash', NULL),
(8, 1, 2, NULL, NULL, 25.000, 34.89, 3.40, 'F3F6FDC39031', '2025-12-10 23:37:25', 'pending', 'created', NULL, NULL, NULL, NULL, NULL, NULL, NULL, 0, 0, 0, 'cash', NULL),
(9, 1, 5, NULL, NULL, 1.000, 16.12, 3.90, 'A05B842C6F32', '2025-12-10 23:37:30', 'pending', 'created', NULL, NULL, NULL, NULL, NULL, NULL, NULL, 0, 0, 0, 'cash', NULL),
(10, 1, 1, NULL, NULL, 20.000, 13.45, 8.20, '5C570435A40B', '2025-12-10 23:45:07', 'pending', 'created', NULL, NULL, NULL, NULL, NULL, NULL, NULL, 0, 0, 0, 'cash', NULL),
(11, 1, 2, NULL, NULL, 14.000, 27.85, 4.50, '74AF25CBE2BB', '2025-12-10 23:56:26', 'pending', 'created', NULL, NULL, NULL, NULL, NULL, NULL, NULL, 0, 0, 0, 'cash', NULL),
(12, 1, 5, NULL, NULL, 1.000, 18.10, 4.90, 'F08FBD9B5A40', '2025-12-10 23:56:32', 'pending', 'created', NULL, NULL, NULL, NULL, NULL, NULL, NULL, 0, 0, 0, 'cash', NULL),
(13, 1, 5, NULL, NULL, 1.000, 8.90, NULL, '697BF70D4F5E', '2025-12-11 00:21:05', 'pending', 'created', NULL, NULL, NULL, NULL, NULL, NULL, NULL, 0, 0, 0, 'cash', NULL),
(14, 1, 2, NULL, NULL, 1.000, 15.69, 3.40, '5C12CA9A2444', '2025-12-11 00:28:32', 'pending', 'created', NULL, NULL, NULL, NULL, NULL, NULL, NULL, 0, 0, 0, 'cash', NULL),
(15, 2, 3, NULL, NULL, 1.000, 9.20, NULL, 'D0EF1CFA0C3D', '2025-12-11 00:51:10', 'pending', 'created', NULL, NULL, NULL, NULL, NULL, NULL, NULL, 0, 0, 0, 'cash', NULL),
(16, 1, 1, NULL, NULL, 1.000, 4.75, NULL, '85294E7B1F26', '2025-12-11 01:36:06', 'pending', 'created', NULL, NULL, NULL, NULL, NULL, NULL, NULL, 0, 0, 0, 'cash', NULL),
(17, 1, 3, NULL, NULL, 20.000, 27.50, NULL, '1B8D3E650FC3', '2025-12-11 01:43:38', 'pending', 'created', NULL, NULL, NULL, NULL, NULL, NULL, NULL, 0, 0, 0, 'cash', NULL),
(18, 1, 5, NULL, NULL, 1.000, 8.90, NULL, 'E52192163F55', '2025-12-11 01:47:19', 'pending', 'created', NULL, NULL, NULL, NULL, NULL, NULL, NULL, 0, 0, 0, 'cash', NULL),
(19, 1, 1, NULL, NULL, 1.000, 4.75, NULL, '72EB923A6942', '2025-12-11 01:49:08', 'pending', 'created', NULL, NULL, NULL, NULL, NULL, NULL, NULL, 0, 0, 0, 'cash', NULL),
(20, 1, 1, NULL, NULL, 1.000, 9.75, NULL, '282F6ADD9436', '2025-12-11 01:51:53', 'pending', 'created', NULL, NULL, NULL, NULL, NULL, NULL, NULL, 0, 0, 0, 'cash', NULL),
(21, 1, 1, NULL, NULL, 1.000, 8.70, NULL, '4143234C5D6F', '2025-12-11 02:24:26', 'pending', 'created', NULL, NULL, NULL, NULL, NULL, NULL, NULL, 0, 0, 0, 'cash', NULL),
(22, 1, 6, NULL, NULL, 1.000, 10.25, NULL, 'B6500BD7BE6E', '2025-12-11 03:05:41', 'pending', 'created', NULL, NULL, NULL, NULL, NULL, NULL, NULL, 0, 0, 0, 'cash', NULL),
(23, 1, 2, NULL, NULL, 1.000, 9.80, NULL, 'E65372640861', '2025-12-11 03:06:10', 'pending', 'created', NULL, NULL, NULL, NULL, NULL, NULL, NULL, 0, 0, 0, 'cash', NULL),
(24, 1, 5, NULL, NULL, 1.000, 8.90, NULL, 'C9CA5F4BDE8F', '2025-12-11 03:09:28', 'pending', 'created', NULL, NULL, NULL, NULL, NULL, NULL, NULL, 0, 0, 0, 'cash', NULL),
(25, 1, 6, NULL, NULL, 1.000, 10.25, NULL, 'E066182601F0', '2025-12-11 03:12:57', 'pending', 'created', NULL, NULL, NULL, NULL, NULL, NULL, NULL, 0, 0, 0, 'cash', NULL),
(26, 1, 6, NULL, NULL, 1.000, 10.25, NULL, 'FFBA88B5EC8C', '2025-12-11 03:20:51', 'pending', 'created', NULL, NULL, NULL, NULL, NULL, NULL, NULL, 0, 0, 0, 'cash', NULL),
(27, 1, 6, NULL, NULL, 1.000, 10.25, NULL, '8D308F9FAFC0', '2025-12-11 03:23:49', 'pending', 'delayed', 'Журко Александр Сергеевич', 'у3у33у3у', NULL, NULL, NULL, NULL, '0000-00-00', 0, 0, 0, 'card', ''),
(28, 1, 1, NULL, NULL, 1.000, 9.87, NULL, 'B21DD1FBD3B9', '2025-12-11 03:40:21', 'paid', 'delayed', 'Журко Александр Сергеевич', '2ууууууц', NULL, NULL, NULL, NULL, '2025-12-27', 0, 0, 0, 'card', ''),
(29, 1, 1, NULL, NULL, 1.000, 9.07, NULL, '2378BFE432F1', '2025-12-11 04:08:41', 'paid', 'in_transit', 'Журко Александр Сергеевич', 'ккккукуу', NULL, NULL, NULL, NULL, '0000-00-00', 0, 0, 0, 'cash', ''),
(30, 1, 5, NULL, NULL, 1.000, 14.04, NULL, '4500771A939B', '2025-12-11 16:29:34', 'paid', 'delivered', 'Журко Александр Сергеевич', 'к3к3к', NULL, NULL, NULL, NULL, '0000-00-00', 0, 1, 1, 'cash', ''),
(31, 1, 5, NULL, NULL, 1.000, 14.22, NULL, '999BE30355BF', '2025-12-11 17:52:46', 'paid', 'processed', 'Журко Александр Сергеевич', 'епеееп', NULL, NULL, NULL, NULL, '2025-12-27', 1, 1, 1, 'card', ''),
(32, 1, 2, NULL, NULL, 25.000, 60.00, NULL, '3688F351906A', '2025-12-11 18:13:35', 'paid', 'processed', 'Журко Александр Сергеевич', 'ррпрпр', NULL, NULL, NULL, NULL, '2025-12-26', 1, 1, 0, 'card', ''),
(33, 1, 1, NULL, NULL, 15.000, 11.11, NULL, 'E1703B14B348', '2025-12-11 18:15:59', 'paid', 'processed', 'Журко Александр Сергеевич', '6666', NULL, NULL, NULL, NULL, '0000-00-00', 0, 0, 0, 'cash', ''),
(34, 1, 5, NULL, NULL, 15.000, 21.93, NULL, 'AE35BCEEF03D', '2025-12-11 18:26:58', 'paid', 'out_for_delivery', 'Журко Александр Сергеевич', 'вувувув', NULL, NULL, NULL, NULL, '2025-12-13', 1, 0, 0, 'card', ''),
(35, 1, 6, NULL, NULL, 25.000, 33.82, NULL, '0C3B97658374', '2025-12-11 19:14:07', 'paid', 'processed', 'Журко Александр Сергеевич', 'fffefef', NULL, NULL, NULL, NULL, '2025-12-13', 1, 1, 0, 'card', 'оставить у двери'),
(36, 1, 1, NULL, NULL, 15.000, 7.37, NULL, 'F6995BB62470', '2025-12-11 20:01:39', 'paid', 'processed', 'Журко Александр Сергеевич', 'trrgr', NULL, NULL, NULL, NULL, '2025-12-14', 0, 0, 0, 'card', ''),
(37, 1, 1, NULL, NULL, 15.000, 11.88, NULL, 'C0EA3227C447', '2025-12-12 12:27:44', 'paid', 'cancelled', 'Журко Александр Сергеевич', 'grgr', NULL, NULL, NULL, NULL, '2025-12-17', 1, 1, 1, 'card', 'оставить у двери'),
(38, 2, 6, NULL, NULL, 15.000, 26.43, NULL, '07B52F4D89B0', '2025-12-12 12:53:21', 'paid', 'returned', 'Журко Александр Сергеевич', 'к3к3к', NULL, NULL, NULL, NULL, '2025-12-26', 1, 1, 1, 'cash', 'у2у2у2у'),
(39, 1, 6, NULL, NULL, 15.000, 26.43, NULL, 'B1B9C1114E7B', '2025-12-12 13:59:57', 'pending', 'created', 'Журко Александр Сергеевич', '444к', NULL, NULL, NULL, NULL, '2025-12-19', 1, 1, 1, 'cash', 'к3к3к3'),
(40, 1, 6, NULL, NULL, 15.000, 26.43, NULL, 'AF72317BA15A', '2025-12-12 14:00:10', 'pending', 'created', 'Журко Александр Сергеевич', '444к', NULL, NULL, NULL, NULL, '2025-12-19', 1, 1, 1, 'cash', 'к3к3к3'),
(41, 1, 6, NULL, NULL, 15.000, 26.43, NULL, '039DD009F679', '2025-12-12 14:02:38', 'pending', 'created', 'Журко Александр Сергеевич', '444к', NULL, NULL, NULL, NULL, '2025-12-19', 1, 1, 1, 'cash', 'к3к3к3'),
(42, 1, 1, NULL, NULL, 15.000, 12.34, NULL, 'EA3526982A1B', '2025-12-12 14:03:09', 'pending', 'created', 'Журко Александр Сергеевич', '44r4r', NULL, NULL, NULL, NULL, '2025-12-19', 1, 1, 1, 'cash', 'dwertyuil'),
(43, 1, 6, NULL, NULL, 14.000, 25.65, NULL, 'B5C9A194AF6E', '2025-12-12 14:09:23', 'paid', 'delivered', 'Журко Александр Сергеевич', 'фывапро', NULL, NULL, NULL, NULL, '2025-12-19', 1, 1, 1, 'cash', 'фывапро'),
(44, 1, 1, NULL, NULL, 15.000, 8.15, NULL, '4E7EA5569B19', '2025-12-12 14:27:30', 'paid', 'paid', 'Журко Александр Сергеевич', 'ывапролд', NULL, NULL, NULL, NULL, '2025-12-17', 1, 1, 1, 'cash', 'вапролд'),
(45, 1, 6, NULL, NULL, 15.000, 24.41, NULL, 'DF943F68B429', '2025-12-12 14:43:33', 'paid', 'paid', 'Журко Александр Сергеевич', 'укенг', NULL, NULL, NULL, NULL, '2025-12-26', 1, 1, 1, 'cash', 'вапролбрпав'),
(46, 1, 1, NULL, NULL, 15.000, 12.45, NULL, '35FF980A97F3', '2025-12-12 15:20:54', 'paid', 'delayed', 'Журко Александр Сергеевич', 'вапро', NULL, NULL, NULL, NULL, '2025-12-18', 1, 1, 1, 'cash', 'ваенгшщ'),
(47, 1, 6, NULL, NULL, 15.000, 24.41, NULL, '92D7F49D4DC4', '2025-12-12 18:13:21', 'paid', 'delivered', 'Журко Александр Сергеевич', '3456', NULL, NULL, NULL, NULL, '2025-12-18', 1, 1, 1, 'cash', '3456'),
(48, 1, 1, NULL, NULL, 1.000, 8.65, NULL, 'F6BBF0B976B1', '2025-12-12 19:54:45', 'paid', 'paid', 'Журко Александр Сергеевич', 'll', NULL, NULL, NULL, NULL, '2025-12-18', 1, 1, 1, 'cash', '234rth');

-- --------------------------------------------------------

--
-- Структура таблицы `tracking_status_history`
--

CREATE TABLE `tracking_status_history` (
  `id` int(11) NOT NULL,
  `order_id` int(11) NOT NULL,
  `status` varchar(50) NOT NULL,
  `description` text DEFAULT NULL,
  `created_at` timestamp NOT NULL DEFAULT current_timestamp()
) ENGINE=InnoDB DEFAULT CHARSET=utf8mb4 COLLATE=utf8mb4_general_ci;

--
-- Дамп данных таблицы `tracking_status_history`
--

INSERT INTO `tracking_status_history` (`id`, `order_id`, `status`, `description`, `created_at`) VALUES
(1, 28, 'processed', 'Заказ оплачен и обработан', '2025-12-11 00:40:39'),
(2, 29, 'processed', 'Заказ оплачен и обработан', '2025-12-11 01:08:44'),
(3, 30, 'processed', 'Заказ оплачен и обработан', '2025-12-11 13:30:16'),
(4, 31, 'processed', 'Заказ оплачен и обработан', '2025-12-11 14:52:57'),
(5, 32, 'processed', 'Заказ оплачен и обработан', '2025-12-11 15:13:45'),
(6, 33, 'processed', 'Заказ оплачен и обработан', '2025-12-11 15:16:02'),
(7, 34, 'processed', 'Заказ оплачен и обработан', '2025-12-11 15:28:02'),
(8, 35, 'processed', 'Заказ оплачен и обработан', '2025-12-11 16:14:24'),
(9, 36, 'processed', 'Заказ оплачен и обработан', '2025-12-11 17:02:01'),
(10, 37, 'processed', 'Заказ оплачен и обработан', '2025-12-12 09:28:06'),
(11, 38, 'processed', 'Заказ оплачен и обработан', '2025-12-12 09:53:25'),
(12, 41, 'created', 'Заказ создан', '2025-12-12 11:02:38'),
(13, 42, 'created', 'Заказ создан', '2025-12-12 11:03:09'),
(14, 43, 'pending', 'Заказ создан, ожидает оплаты', '2025-12-12 11:09:23'),
(15, 43, 'paid', 'Заказ оплачен и обработан', '2025-12-12 11:09:39'),
(16, 44, 'pending', 'Заказ создан, ожидает оплаты', '2025-12-12 11:27:30'),
(17, 44, 'paid', 'Заказ оплачен и обработан', '2025-12-12 11:27:34'),
(18, 45, 'pending', 'Заказ создан, ожидает оплаты', '2025-12-12 11:43:33'),
(19, 45, 'paid', 'Заказ оплачен и обработан', '2025-12-12 11:43:35'),
(20, 46, 'pending', 'Заказ создан, ожидает оплаты', '2025-12-12 12:20:55'),
(21, 46, 'paid', 'Заказ оплачен и обработан', '2025-12-12 12:21:03'),
(22, 46, 'delayed', 'Статус изменен с \'paid\' на \'delayed\'', '2025-12-12 12:23:05'),
(23, 47, 'pending', 'Заказ создан, ожидает оплаты', '2025-12-12 15:13:21'),
(24, 47, 'paid', 'Заказ оплачен и обработан', '2025-12-12 15:13:24'),
(25, 47, 'sort_center', 'Статус изменен с \'paid\' на \'sort_center\'', '2025-12-12 16:29:23'),
(26, 47, 'delayed', 'Статус изменен с \'sort_center\' на \'delayed\'', '2025-12-12 16:53:44'),
(27, 47, 'cancelled', 'Статус изменен с \'delayed\' на \'cancelled\'', '2025-12-12 16:53:52'),
(28, 48, 'pending', 'Заказ создан, ожидает оплаты', '2025-12-12 16:54:45'),
(29, 48, 'paid', 'Заказ оплачен и обработан', '2025-12-12 16:54:48');

-- --------------------------------------------------------

--
-- Структура таблицы `users`
--

CREATE TABLE `users` (
  `id` int(11) NOT NULL,
  `login` varchar(50) NOT NULL,
  `password` varchar(255) NOT NULL,
  `name` varchar(100) DEFAULT NULL,
  `email` varchar(100) DEFAULT NULL,
  `phone` varchar(20) DEFAULT NULL,
  `role` enum('user','admin') DEFAULT 'user',
  `created_at` datetime DEFAULT current_timestamp()
) ENGINE=InnoDB DEFAULT CHARSET=utf8mb4 COLLATE=utf8mb4_general_ci;

--
-- Дамп данных таблицы `users`
--

INSERT INTO `users` (`id`, `login`, `password`, `name`, `email`, `phone`, `role`, `created_at`) VALUES
(1, 'admin', 'admin', 'Администратор', NULL, NULL, 'admin', '2025-12-04 03:19:52'),
(2, 'Aliaksandr', '123456', 'Александр', 'szhurko005@gmail.com', NULL, 'user', '2025-12-04 03:41:51');

--
-- Индексы сохранённых таблиц
--

--
-- Индексы таблицы `calculated_routes`
--
ALTER TABLE `calculated_routes`
  ADD PRIMARY KEY (`id`),
  ADD UNIQUE KEY `unique_route` (`from_office_id`,`to_office_id`),
  ADD KEY `to_office_id` (`to_office_id`);

--
-- Индексы таблицы `carriers`
--
ALTER TABLE `carriers`
  ADD PRIMARY KEY (`id`);

--
-- Индексы таблицы `offices`
--
ALTER TABLE `offices`
  ADD PRIMARY KEY (`id`),
  ADD KEY `carrier_id` (`carrier_id`);

--
-- Индексы таблицы `orders`
--
ALTER TABLE `orders`
  ADD PRIMARY KEY (`id`),
  ADD UNIQUE KEY `track_number` (`track_number`),
  ADD KEY `user_id` (`user_id`),
  ADD KEY `carrier_id` (`carrier_id`),
  ADD KEY `from_office` (`from_office`),
  ADD KEY `to_office` (`to_office`);

--
-- Индексы таблицы `tracking_status_history`
--
ALTER TABLE `tracking_status_history`
  ADD PRIMARY KEY (`id`),
  ADD KEY `order_id` (`order_id`);

--
-- Индексы таблицы `users`
--
ALTER TABLE `users`
  ADD PRIMARY KEY (`id`),
  ADD UNIQUE KEY `login` (`login`);

--
-- AUTO_INCREMENT для сохранённых таблиц
--

--
-- AUTO_INCREMENT для таблицы `calculated_routes`
--
ALTER TABLE `calculated_routes`
  MODIFY `id` int(11) NOT NULL AUTO_INCREMENT;

--
-- AUTO_INCREMENT для таблицы `carriers`
--
ALTER TABLE `carriers`
  MODIFY `id` int(11) NOT NULL AUTO_INCREMENT, AUTO_INCREMENT=13;

--
-- AUTO_INCREMENT для таблицы `offices`
--
ALTER TABLE `offices`
  MODIFY `id` int(11) NOT NULL AUTO_INCREMENT, AUTO_INCREMENT=807;

--
-- AUTO_INCREMENT для таблицы `orders`
--
ALTER TABLE `orders`
  MODIFY `id` int(11) NOT NULL AUTO_INCREMENT, AUTO_INCREMENT=49;

--
-- AUTO_INCREMENT для таблицы `tracking_status_history`
--
ALTER TABLE `tracking_status_history`
  MODIFY `id` int(11) NOT NULL AUTO_INCREMENT, AUTO_INCREMENT=30;

--
-- AUTO_INCREMENT для таблицы `users`
--
ALTER TABLE `users`
  MODIFY `id` int(11) NOT NULL AUTO_INCREMENT, AUTO_INCREMENT=3;

--
-- Ограничения внешнего ключа сохраненных таблиц
--

--
-- Ограничения внешнего ключа таблицы `calculated_routes`
--
ALTER TABLE `calculated_routes`
  ADD CONSTRAINT `calculated_routes_ibfk_1` FOREIGN KEY (`from_office_id`) REFERENCES `offices` (`id`) ON DELETE CASCADE,
  ADD CONSTRAINT `calculated_routes_ibfk_2` FOREIGN KEY (`to_office_id`) REFERENCES `offices` (`id`) ON DELETE CASCADE;

--
-- Ограничения внешнего ключа таблицы `offices`
--
ALTER TABLE `offices`
  ADD CONSTRAINT `offices_ibfk_1` FOREIGN KEY (`carrier_id`) REFERENCES `carriers` (`id`) ON DELETE CASCADE;

--
-- Ограничения внешнего ключа таблицы `orders`
--
ALTER TABLE `orders`
  ADD CONSTRAINT `orders_ibfk_1` FOREIGN KEY (`user_id`) REFERENCES `users` (`id`) ON DELETE SET NULL,
  ADD CONSTRAINT `orders_ibfk_2` FOREIGN KEY (`carrier_id`) REFERENCES `carriers` (`id`) ON DELETE SET NULL,
  ADD CONSTRAINT `orders_ibfk_3` FOREIGN KEY (`from_office`) REFERENCES `offices` (`id`) ON DELETE SET NULL,
  ADD CONSTRAINT `orders_ibfk_4` FOREIGN KEY (`to_office`) REFERENCES `offices` (`id`) ON DELETE SET NULL;

--
-- Ограничения внешнего ключа таблицы `tracking_status_history`
--
ALTER TABLE `tracking_status_history`
  ADD CONSTRAINT `tracking_status_history_ibfk_1` FOREIGN KEY (`order_id`) REFERENCES `orders` (`id`) ON DELETE CASCADE;
COMMIT;

/*!40101 SET CHARACTER_SET_CLIENT=@OLD_CHARACTER_SET_CLIENT */;
/*!40101 SET CHARACTER_SET_RESULTS=@OLD_CHARACTER_SET_RESULTS */;
/*!40101 SET COLLATION_CONNECTION=@OLD_COLLATION_CONNECTION */;
